manifest_id,source_row,run_name,state,created,updated,commit,github,tags,model_type,base_model_type,model_seed,seed,split_seed,training_loss,loss_weights,validation_scheme,selection_metric,global_batch_size,embedding_dimension,attention_heads,transformer_blocks,dropout,moe_num_experts,moe_expert_hidden_dim,moe_shared_expert_hidden_dim,environment_contrastive_enabled,environment_contrastive_weight,calibration_mode,macro_environment_pcc,weighted_environment_pcc,macro_environment_mse,pooled_global_mse,pooled_global_pcc,study_phase,primary_comparison,manuscript_disposition,disposition_reason,signature_group,signature_count,signature_representative,source_export
WDB-0001,1,fulltf+strat+leo+affcal+contre_econtr0.1t0.5_moeenc8e2k256h_shared256h_lb0.01_envpcc_8192gbs_0.0001lr_1e-05wd_3000epochs_200es_1gxe_4heads_256emb_0.15do__s1_j4227430,finished,2026-03-21T01:52:12.000Z,2026-03-21T02:45:59.000Z,08b0ee5470d6dae8c79472a8b9d7ac37ba8e4a40,https://github.com/Jacobson-CompSysBio/GP-Transformer/tree/08b0ee5470d6dae8c79472a8b9d7ac37ba8e4a40,,fulltf+strat+leo+affcal+contre_econtr0.1t0.5_moeenc8e2k256h_shared256h_lb0.01_envpcc_8192gbs_0.0001lr_1e-05wd_3000epochs_200es_1gxe_4heads_256emb_0.15do,fulltf+strat+leo+affcal+contre_econtr0.1t0.5_moeenc8e2k256h_shared256h_lb0.01_envpcc_8192gbs_0.0001lr_1e-05wd_3000epochs_200es_1gxe_4heads_256emb_0.15do,,,,envpcc,1.0,leo,val_loss/env_avg_pearson,8192,256,4,1,0.15,8,256,256,true,0.1,env_affine,0.42320534586906433,0.42906563995881025,55.40464261213951,55.42456850922535,0.15219850300140425,study_record_development,calibration_affine_reported_model,main_text_comparison,selected representative record for a highlighted comparison,SIG-79e535cbc2,1,true,wandb_export_2026-07-22T16_22_44.564-04_00.csv
WDB-0002,2,eval-public-control-recovery,finished,2026-07-22T17:59:42.000Z,2026-07-22T18:00:32.000Z,cb17ba7b36866ef725e83e6db9a4466a0e2917c8,https://github.com/Jacobson-CompSysBio/GP-Transformer/tree/cb17ba7b36866ef725e83e6db9a4466a0e2917c8,,fulltf+strat+leo+contre_econtr0.1t0.5_moeenc8e2k256h_shared256h_lb0.01_envpcc_8192gbs_0.0001lr_1e-05wd_3000epochs_200es_1gxe_4heads_256emb_0.15do_scaled__s1_j5049170_a0_public-neural-v1-20260721-r2-control,fulltf+strat+leo+contre_econtr0.1t0.5_moeenc8e2k256h_shared256h_lb0.01_envpcc_8192gbs_0.0001lr_1e-05wd_3000epochs_200es_1gxe_4heads_256emb_0.15do_scaled,,,,,,,,,,,,,,,,,,,0.41191887855529785,0.4210693289280028,18.093954362982,15.95586295418314,0.11994956462545768,future_data_or_tokenization_campaign,,future_work_not_analyzed,run-name pattern: public-neural; reserved for future work,SIG-a18f879b10,1,true,wandb_export_2026-07-22T16_22_44.564-04_00.csv
WDB-0003,3,blue-residual-v1-20260722-r1-blue-residual-eval,finished,2026-07-22T16:53:28.000Z,2026-07-22T17:55:32.000Z,cb17ba7b36866ef725e83e6db9a4466a0e2917c8,https://github.com/Jacobson-CompSysBio/GP-Transformer/tree/cb17ba7b36866ef725e83e6db9a4466a0e2917c8,,,,,,,,,,,,,,,,,,,,,,,,,,,future_data_or_tokenization_campaign,,future_work_not_analyzed,run-name pattern: blue-residual; reserved for future work,SIG-cd3a2299f1,1,true,wandb_export_2026-07-22T16_22_44.564-04_00.csv
WDB-0004,4,blue-residual-v1-20260722-r1-blue-residual-train,finished,2026-07-22T16:45:18.000Z,2026-07-22T16:52:08.000Z,cb17ba7b36866ef725e83e6db9a4466a0e2917c8,https://github.com/Jacobson-CompSysBio/GP-Transformer/tree/cb17ba7b36866ef725e83e6db9a4466a0e2917c8,,,,,,,,,,,,,,,,,,,,,,,,,,,future_data_or_tokenization_campaign,,future_work_not_analyzed,run-name pattern: blue-residual; reserved for future work,SIG-346a97848a,1,true,wandb_export_2026-07-22T16_22_44.564-04_00.csv
WDB-0005,5,fulltf+strat+leo+contre_econtr0.1t0.5_moeenc8e2k256h_shared256h_lb0.01_envpcc_8192gbs_0.0001lr_1e-05wd_3000epochs_200es_1gxe_4heads_256emb_0.15do_scaled__s1_j5049163_a3_public-neural-v1-20260721-r2-w10004_founder_similarity,finished,2026-07-22T08:14:44.000Z,2026-07-22T09:35:59.000Z,cb17ba7b36866ef725e83e6db9a4466a0e2917c8,https://github.com/Jacobson-CompSysBio/GP-Transformer/tree/cb17ba7b36866ef725e83e6db9a4466a0e2917c8,,fulltf+strat+leo+contre_econtr0.1t0.5_moeenc8e2k256h_shared256h_lb0.01_envpcc_8192gbs_0.0001lr_1e-05wd_3000epochs_200es_1gxe_4heads_256emb_0.15do_scaled,fulltf+strat+leo+contre_econtr0.1t0.5_moeenc8e2k256h_shared256h_lb0.01_envpcc_8192gbs_0.0001lr_1e-05wd_3000epochs_200es_1gxe_4heads_256emb_0.15do_scaled,,1,,envpcc,1.0,leo,val_loss/env_avg_pearson,8192,256,4,1,0.15,8,256,256,true,0.1,none,0.39521703124046326,0.40373962996370544,20.867107841558056,18.727291895028085,0.12742998116765708,future_data_or_tokenization_campaign,,future_work_not_analyzed,run-name pattern: public-neural; reserved for future work,SIG-5099a223fd,1,true,wandb_export_2026-07-22T16_22_44.564-04_00.csv
WDB-0006,6,fulltf+strat+leo+contre_econtr0.1t0.5_moeenc8e2k256h_shared256h_lb0.01_envpcc_8192gbs_0.0001lr_1e-05wd_3000epochs_200es_1gxe_4heads_256emb_0.15do_scaled__s1_j5049172_a2_public-neural-v1-20260721-r2-w10004_blue,finished,2026-07-22T06:57:59.000Z,2026-07-22T08:13:28.000Z,cb17ba7b36866ef725e83e6db9a4466a0e2917c8,https://github.com/Jacobson-CompSysBio/GP-Transformer/tree/cb17ba7b36866ef725e83e6db9a4466a0e2917c8,,fulltf+strat+leo+contre_econtr0.1t0.5_moeenc8e2k256h_shared256h_lb0.01_envpcc_8192gbs_0.0001lr_1e-05wd_3000epochs_200es_1gxe_4heads_256emb_0.15do_scaled,fulltf+strat+leo+contre_econtr0.1t0.5_moeenc8e2k256h_shared256h_lb0.01_envpcc_8192gbs_0.0001lr_1e-05wd_3000epochs_200es_1gxe_4heads_256emb_0.15do_scaled,,1,,envpcc,1.0,leo,val_loss/env_avg_pearson,8192,256,4,1,0.15,8,256,256,true,0.1,none,0.4043819308280945,0.4143940879898843,19.77000762631034,17.814646676159175,0.1577391316817399,future_data_or_tokenization_campaign,,future_work_not_analyzed,run-name pattern: public-neural; reserved for future work,SIG-98609f4fc2,1,true,wandb_export_2026-07-22T16_22_44.564-04_00.csv
WDB-0007,7,fulltf+strat+leo+contre_econtr0.1t0.5_moeenc8e2k256h_shared256h_lb0.01_envpcc_8192gbs_0.0001lr_1e-05wd_3000epochs_200es_1gxe_4heads_256emb_0.15do_scaled__s1_j5049171_a1_public-neural-v1-20260721-r2-gems_anthesis,finished,2026-07-22T05:06:14.000Z,2026-07-22T06:56:45.000Z,cb17ba7b36866ef725e83e6db9a4466a0e2917c8,https://github.com/Jacobson-CompSysBio/GP-Transformer/tree/cb17ba7b36866ef725e83e6db9a4466a0e2917c8,,fulltf+strat+leo+contre_econtr0.1t0.5_moeenc8e2k256h_shared256h_lb0.01_envpcc_8192gbs_0.0001lr_1e-05wd_3000epochs_200es_1gxe_4heads_256emb_0.15do_scaled,fulltf+strat+leo+contre_econtr0.1t0.5_moeenc8e2k256h_shared256h_lb0.01_envpcc_8192gbs_0.0001lr_1e-05wd_3000epochs_200es_1gxe_4heads_256emb_0.15do_scaled,,1,,envpcc,1.0,leo,val_loss/env_avg_pearson,8192,256,4,1,0.15,8,256,256,true,0.1,none,0.3705803751945496,0.3761201730019791,20.780157839736123,19.01092466055707,0.15000622503297573,future_data_or_tokenization_campaign,,future_work_not_analyzed,run-name pattern: public-neural; reserved for future work,SIG-6789826b24,1,true,wandb_export_2026-07-22T16_22_44.564-04_00.csv
WDB-0008,8,fulltf+strat+leo+contre_econtr0.1t0.5_moeenc8e2k256h_shared256h_lb0.01_envpcc_8192gbs_0.0001lr_1e-05wd_3000epochs_200es_1gxe_4heads_256emb_0.15do_scaled__s1_j5049170_a0_public-neural-v1-20260721-r2-control,failed,2026-07-22T04:01:22.000Z,2026-07-22T05:04:46.000Z,cb17ba7b36866ef725e83e6db9a4466a0e2917c8,https://github.com/Jacobson-CompSysBio/GP-Transformer/tree/cb17ba7b36866ef725e83e6db9a4466a0e2917c8,,fulltf+strat+leo+contre_econtr0.1t0.5_moeenc8e2k256h_shared256h_lb0.01_envpcc_8192gbs_0.0001lr_1e-05wd_3000epochs_200es_1gxe_4heads_256emb_0.15do_scaled,fulltf+strat+leo+contre_econtr0.1t0.5_moeenc8e2k256h_shared256h_lb0.01_envpcc_8192gbs_0.0001lr_1e-05wd_3000epochs_200es_1gxe_4heads_256emb_0.15do_scaled,,1,,envpcc,1.0,leo,val_loss/env_avg_pearson,8192,256,4,1,0.15,8,256,256,true,0.1,none,,,,,,future_data_or_tokenization_campaign,,future_work_not_analyzed,run-name pattern: public-neural; reserved for future work,SIG-d11abd6267,1,true,wandb_export_2026-07-22T16_22_44.564-04_00.csv
WDB-0009,9,lightgbm-blue-v1-20260721_2-r1-spatial_blue-score-2024,finished,2026-07-22T00:22:23.000Z,2026-07-22T00:22:24.000Z,cb17ba7b36866ef725e83e6db9a4466a0e2917c8,https://github.com/Jacobson-CompSysBio/GP-Transformer/tree/cb17ba7b36866ef725e83e6db9a4466a0e2917c8,,,,,,,,,,,,,,,,,,,,,,0.33864572899856876,,,,,future_data_or_tokenization_campaign,,future_work_not_analyzed,run-name pattern: lightgbm-blue; reserved for future work,SIG-25f23aab48,1,true,wandb_export_2026-07-22T16_22_44.564-04_00.csv
WDB-0010,10,lightgbm-blue-v1-20260721_2-r1-raw_target-score-2024,finished,2026-07-22T00:22:21.000Z,2026-07-22T00:22:22.000Z,cb17ba7b36866ef725e83e6db9a4466a0e2917c8,https://github.com/Jacobson-CompSysBio/GP-Transformer/tree/cb17ba7b36866ef725e83e6db9a4466a0e2917c8,,,,,,,,,,,,,,,,,,,,,,0.3531120336205882,,,,,future_data_or_tokenization_campaign,,future_work_not_analyzed,run-name pattern: lightgbm-blue; reserved for future work,SIG-c822326cf4,1,true,wandb_export_2026-07-22T16_22_44.564-04_00.csv
WDB-0011,11,lightgbm-blue-v1-20260721_2-r1-spatial_blue-fit,finished,2026-07-22T00:21:40.000Z,2026-07-22T00:22:18.000Z,cb17ba7b36866ef725e83e6db9a4466a0e2917c8,https://github.com/Jacobson-CompSysBio/GP-Transformer/tree/cb17ba7b36866ef725e83e6db9a4466a0e2917c8,,,,,1,1,,,leo,raw_physical_leo_macro_env_pcc,,,,,,,,,,,,,,,,,future_data_or_tokenization_campaign,,future_work_not_analyzed,run-name pattern: lightgbm-blue; reserved for future work,SIG-8f226929e7,1,true,wandb_export_2026-07-22T16_22_44.564-04_00.csv
WDB-0012,12,lightgbm-blue-v1-20260721_2-r1-raw_target-fit,finished,2026-07-22T00:21:40.000Z,2026-07-22T00:22:15.000Z,cb17ba7b36866ef725e83e6db9a4466a0e2917c8,https://github.com/Jacobson-CompSysBio/GP-Transformer/tree/cb17ba7b36866ef725e83e6db9a4466a0e2917c8,,,,,1,1,,,leo,raw_physical_leo_macro_env_pcc,,,,,,,,,,,,,,,,,future_data_or_tokenization_campaign,,future_work_not_analyzed,run-name pattern: lightgbm-blue; reserved for future work,SIG-bf592950cf,1,true,wandb_export_2026-07-22T16_22_44.564-04_00.csv
WDB-0013,13,fulltf+strat+leo+rankmoe4+contre_econtr0.1t0.5_moeenc8e2k256h_shared256h_lb0.01_envpcc_8192gbs_0.0001lr_1e-05wd_3000epochs_200es_1gxe_4heads_256emb_0.15do_scaled__s1_j5044005_a2_rank-adapter-v1-20260721-r1-env_rank_moe4,finished,2026-07-21T23:13:44.000Z,2026-07-22T00:01:29.000Z,cb17ba7b36866ef725e83e6db9a4466a0e2917c8,https://github.com/Jacobson-CompSysBio/GP-Transformer/tree/cb17ba7b36866ef725e83e6db9a4466a0e2917c8,,fulltf+strat+leo+rankmoe4+contre_econtr0.1t0.5_moeenc8e2k256h_shared256h_lb0.01_envpcc_8192gbs_0.0001lr_1e-05wd_3000epochs_200es_1gxe_4heads_256emb_0.15do_scaled,fulltf+strat+leo+rankmoe4+contre_econtr0.1t0.5_moeenc8e2k256h_shared256h_lb0.01_envpcc_8192gbs_0.0001lr_1e-05wd_3000epochs_200es_1gxe_4heads_256emb_0.15do_scaled,,1,,envpcc,1.0,leo,val_loss/env_avg_pearson,8192,256,4,1,0.15,8,256,256,true,0.1,none,0.38723626732826233,0.3935243372297188,13.332110145177234,11.847292807982829,0.1388630138614128,future_data_or_tokenization_campaign,,future_work_not_analyzed,run-name pattern: rank-adapter; reserved for future work,SIG-8544de45ca,1,true,wandb_export_2026-07-22T16_22_44.564-04_00.csv
WDB-0014,14,perceiver64-d4-frozen-2024-s1,finished,2026-07-21T23:44:08.000Z,2026-07-21T23:45:09.000Z,cb17ba7b36866ef725e83e6db9a4466a0e2917c8,https://github.com/Jacobson-CompSysBio/GP-Transformer/tree/cb17ba7b36866ef725e83e6db9a4466a0e2917c8,,fulltf+perc64+strat+leo+contre_econtr0.1t0.5_moeenc8e2k256h_shared256h_lb0.01_envpcc_8192gbs_0.0001lr_1e-05wd_3000epochs_200es_4-h22a79bda0ea87829__s1_j4990914_architecture-screen-s1-20260714-155503+perceiver64_d4+canonical-2014-2023-leo+s1,fulltf+perc64+strat+leo+contre_econtr0.1t0.5_moeenc8e2k256h_shared256h_lb0.01_envpcc_8192gbs_0.0001lr_1e-05wd_3000epochs_200es_4-h22a79bda0ea87829,,,,,,,,,,,,,,,,,,,0.2615775763988495,0.2543148973077863,114.10225872371116,114.41503865485858,-0.004742652125368906,future_data_or_tokenization_campaign,,future_work_not_analyzed,run-name pattern: perceiver64; reserved for future work,SIG-47fa56f975,1,true,wandb_export_2026-07-22T16_22_44.564-04_00.csv
WDB-0015,15,fulltf+strat+leo+rankfilm16+contre_econtr0.1t0.5_moeenc8e2k256h_shared256h_lb0.01_envpcc_8192gbs_0.0001lr_1e-05wd_3000epochs_200es_1gxe_4heads_256emb_0.15do_scaled__s1_j5044795_a1_rank-adapter-v1-20260721-r1-env_rank_film16,finished,2026-07-21T22:29:54.000Z,2026-07-21T23:11:55.000Z,cb17ba7b36866ef725e83e6db9a4466a0e2917c8,https://github.com/Jacobson-CompSysBio/GP-Transformer/tree/cb17ba7b36866ef725e83e6db9a4466a0e2917c8,,fulltf+strat+leo+rankfilm16+contre_econtr0.1t0.5_moeenc8e2k256h_shared256h_lb0.01_envpcc_8192gbs_0.0001lr_1e-05wd_3000epochs_200es_1gxe_4heads_256emb_0.15do_scaled,fulltf+strat+leo+rankfilm16+contre_econtr0.1t0.5_moeenc8e2k256h_shared256h_lb0.01_envpcc_8192gbs_0.0001lr_1e-05wd_3000epochs_200es_1gxe_4heads_256emb_0.15do_scaled,,1,,envpcc,1.0,leo,val_loss/env_avg_pearson,8192,256,4,1,0.15,8,256,256,true,0.1,none,0.3581509292125702,0.36178196978600297,10.100820430224257,9.095649860167295,0.156007323995977,future_data_or_tokenization_campaign,,future_work_not_analyzed,run-name pattern: rank-adapter; reserved for future work,SIG-4e5f92420e,1,true,wandb_export_2026-07-22T16_22_44.564-04_00.csv
WDB-0016,16,fulltf+strat+leo+contre_econtr0.1t0.5_moeenc8e2k256h_shared256h_lb0.01_envpcc_8192gbs_0.0001lr_1e-05wd_3000epochs_200es_1gxe_4heads_256emb_0.15do_scaled__s1_j5044007_a0_rank-adapter-v1-20260721-r1-scaled_flat_control,finished,2026-07-21T21:26:10.000Z,2026-07-21T22:27:44.000Z,cb17ba7b36866ef725e83e6db9a4466a0e2917c8,https://github.com/Jacobson-CompSysBio/GP-Transformer/tree/cb17ba7b36866ef725e83e6db9a4466a0e2917c8,,fulltf+strat+leo+contre_econtr0.1t0.5_moeenc8e2k256h_shared256h_lb0.01_envpcc_8192gbs_0.0001lr_1e-05wd_3000epochs_200es_1gxe_4heads_256emb_0.15do_scaled,fulltf+strat+leo+contre_econtr0.1t0.5_moeenc8e2k256h_shared256h_lb0.01_envpcc_8192gbs_0.0001lr_1e-05wd_3000epochs_200es_1gxe_4heads_256emb_0.15do_scaled,,1,,envpcc,1.0,leo,val_loss/env_avg_pearson,8192,256,4,1,0.15,8,256,256,true,0.1,none,0.4118900001049042,0.4210787639234058,18.00691602256328,15.867141329202466,0.11963478896621292,future_data_or_tokenization_campaign,,future_work_not_analyzed,run-name pattern: rank-adapter; reserved for future work,SIG-d83051f7da,1,true,wandb_export_2026-07-22T16_22_44.564-04_00.csv
WDB-0017,17,fulltf+strat+leo+contre_econtr0.1t0.5_moeenc8e2k256h_shared256h_lb0.01_envpcc_8192gbs_0.0001lr_1e-05wd_3000epochs_200es_1gxe_4heads_256emb_0.15do_scaled__s2_j5039131_a0_env-residual-stability-v1-20260720-r1-scaled_control_s2,finished,2026-07-20T20:04:32.000Z,2026-07-21T20:04:26.000Z,cb17ba7b36866ef725e83e6db9a4466a0e2917c8,https://github.com/Jacobson-CompSysBio/GP-Transformer/tree/cb17ba7b36866ef725e83e6db9a4466a0e2917c8,,fulltf+strat+leo+contre_econtr0.1t0.5_moeenc8e2k256h_shared256h_lb0.01_envpcc_8192gbs_0.0001lr_1e-05wd_3000epochs_200es_1gxe_4heads_256emb_0.15do_scaled,fulltf+strat+leo+contre_econtr0.1t0.5_moeenc8e2k256h_shared256h_lb0.01_envpcc_8192gbs_0.0001lr_1e-05wd_3000epochs_200es_1gxe_4heads_256emb_0.15do_scaled,,2,,envpcc,1.0,leo,val_loss/env_avg_pearson,8192,256,4,1,0.15,8,256,256,true,0.1,none,0.3792355358600617,0.37694080931792745,26.17729996317753,24.40054929440295,0.10460645594895296,future_data_or_tokenization_campaign,,future_work_not_analyzed,run-name pattern: env-residual; reserved for future work,SIG-2c322fd58d,1,true,wandb_export_2026-07-22T16_22_44.564-04_00.csv
WDB-0018,18,fulltf+strat+leo+phystok+contre_econtr0.1t0.5_moeenc8e2k256h_shared256h_lb0.01_envpcc_8192gbs_0.0001lr_1e-05wd_3000epochs_200es_1gxe_4heads_256emb_0.15do__s1_j5039718_a2_architecture-rank-v1-20260720-r1-physical_marker_tokenizer,finished,2026-07-21T12:02:29.000Z,2026-07-21T13:18:44.000Z,cb17ba7b36866ef725e83e6db9a4466a0e2917c8,https://github.com/Jacobson-CompSysBio/GP-Transformer/tree/cb17ba7b36866ef725e83e6db9a4466a0e2917c8,,fulltf+strat+leo+phystok+contre_econtr0.1t0.5_moeenc8e2k256h_shared256h_lb0.01_envpcc_8192gbs_0.0001lr_1e-05wd_3000epochs_200es_1gxe_4heads_256emb_0.15do,fulltf+strat+leo+phystok+contre_econtr0.1t0.5_moeenc8e2k256h_shared256h_lb0.01_envpcc_8192gbs_0.0001lr_1e-05wd_3000epochs_200es_1gxe_4heads_256emb_0.15do,,1,,envpcc,1.0,leo,val_loss/env_avg_pearson,8192,256,4,1,0.15,8,256,256,true,0.1,none,0.29009705781936646,0.2751669972030928,96.11678149817703,96.5054975449011,0.1777468439881464,future_data_or_tokenization_campaign,,future_work_not_analyzed,run-name pattern: architecture-rank; reserved for future work,SIG-cd4f01dade,1,true,wandb_export_2026-07-22T16_22_44.564-04_00.csv
WDB-0019,19,fulltf+strat+leo+attnread+contre_econtr0.1t0.5_moeenc8e2k256h_shared256h_lb0.01_envpcc_8192gbs_0.0001lr_1e-05wd_3000epochs_200es_1gxe_4heads_256emb_0.15do__s1_j5041242_a1_architecture-rank-v1-20260720-r1-attentive_readout,finished,2026-07-21T11:01:40.000Z,2026-07-21T12:00:55.000Z,cb17ba7b36866ef725e83e6db9a4466a0e2917c8,https://github.com/Jacobson-CompSysBio/GP-Transformer/tree/cb17ba7b36866ef725e83e6db9a4466a0e2917c8,,fulltf+strat+leo+attnread+contre_econtr0.1t0.5_moeenc8e2k256h_shared256h_lb0.01_envpcc_8192gbs_0.0001lr_1e-05wd_3000epochs_200es_1gxe_4heads_256emb_0.15do,fulltf+strat+leo+attnread+contre_econtr0.1t0.5_moeenc8e2k256h_shared256h_lb0.01_envpcc_8192gbs_0.0001lr_1e-05wd_3000epochs_200es_1gxe_4heads_256emb_0.15do,,1,,envpcc,1.0,leo,val_loss/env_avg_pearson,8192,256,4,1,0.15,8,256,256,true,0.1,none,0.3779908120632171,0.38232469018385873,82.06805359037158,82.62240494236515,0.100909421685783,future_data_or_tokenization_campaign,,future_work_not_analyzed,run-name pattern: architecture-rank; reserved for future work,SIG-7b82ec15ec,1,true,wandb_export_2026-07-22T16_22_44.564-04_00.csv
WDB-0020,20,fulltf+strat+leo+contre_econtr0.1t0.5_moeenc8e2k256h_shared256h_lb0.01_envpcc_8192gbs_0.0001lr_1e-05wd_3000epochs_200es_1gxe_4heads_256emb_0.15do__s1_j5039720_a0_architecture-rank-v1-20260720-r1-flat_control,finished,2026-07-21T09:58:21.000Z,2026-07-21T11:00:19.000Z,cb17ba7b36866ef725e83e6db9a4466a0e2917c8,https://github.com/Jacobson-CompSysBio/GP-Transformer/tree/cb17ba7b36866ef725e83e6db9a4466a0e2917c8,,fulltf+strat+leo+contre_econtr0.1t0.5_moeenc8e2k256h_shared256h_lb0.01_envpcc_8192gbs_0.0001lr_1e-05wd_3000epochs_200es_1gxe_4heads_256emb_0.15do,fulltf+strat+leo+contre_econtr0.1t0.5_moeenc8e2k256h_shared256h_lb0.01_envpcc_8192gbs_0.0001lr_1e-05wd_3000epochs_200es_1gxe_4heads_256emb_0.15do,,1,,envpcc,1.0,leo,val_loss/env_avg_pearson,8192,256,4,1,0.15,8,256,256,true,0.1,none,0.4119046926498413,0.4210641236679648,102.99058629696424,103.5958566584656,0.11996092272195064,future_data_or_tokenization_campaign,,future_work_not_analyzed,run-name pattern: architecture-rank; reserved for future work,SIG-7f60845000,1,true,wandb_export_2026-07-22T16_22_44.564-04_00.csv
WDB-0021,21,fulltf+strat+leo+envres+contre_econtr0.1t0.5_moeenc8e2k256h_shared256h_lb0.01_envpcc_8192gbs_0.0001lr_1e-05wd_3000epochs_200es_1gxe_4heads_256emb_0.15do_scaled__s3_j5039129_a3_env-residual-stability-v1-20260720-r1-env_residual_s3,finished,2026-07-21T06:05:23.000Z,2026-07-21T09:57:02.000Z,cb17ba7b36866ef725e83e6db9a4466a0e2917c8,https://github.com/Jacobson-CompSysBio/GP-Transformer/tree/cb17ba7b36866ef725e83e6db9a4466a0e2917c8,,fulltf+strat+leo+envres+contre_econtr0.1t0.5_moeenc8e2k256h_shared256h_lb0.01_envpcc_8192gbs_0.0001lr_1e-05wd_3000epochs_200es_1gxe_4heads_256emb_0.15do_scaled,fulltf+strat+leo+envres+contre_econtr0.1t0.5_moeenc8e2k256h_shared256h_lb0.01_envpcc_8192gbs_0.0001lr_1e-05wd_3000epochs_200es_1gxe_4heads_256emb_0.15do_scaled,,3,,envpcc,1.0,leo,val_loss/env_avg_pearson,8192,256,4,1,0.15,8,256,256,true,0.1,none,0.40567919611930847,0.4069024227723734,13.01107415898534,12.260525836108656,0.006486781977093702,future_data_or_tokenization_campaign,,future_work_not_analyzed,run-name pattern: env-residual; reserved for future work,SIG-a2acdb883b,1,true,wandb_export_2026-07-22T16_22_44.564-04_00.csv
WDB-0022,22,fulltf+strat+leo+contre_econtr0.1t0.5_moeenc8e2k256h_shared256h_lb0.01_envpcc_8192gbs_0.0001lr_1e-05wd_3000epochs_200es_1gxe_4heads_256emb_0.15do_scaled__s3_j5039133_a2_env-residual-stability-v1-20260720-r1-scaled_control_s3,finished,2026-07-21T03:16:23.000Z,2026-07-21T06:03:50.000Z,cb17ba7b36866ef725e83e6db9a4466a0e2917c8,https://github.com/Jacobson-CompSysBio/GP-Transformer/tree/cb17ba7b36866ef725e83e6db9a4466a0e2917c8,,fulltf+strat+leo+contre_econtr0.1t0.5_moeenc8e2k256h_shared256h_lb0.01_envpcc_8192gbs_0.0001lr_1e-05wd_3000epochs_200es_1gxe_4heads_256emb_0.15do_scaled,fulltf+strat+leo+contre_econtr0.1t0.5_moeenc8e2k256h_shared256h_lb0.01_envpcc_8192gbs_0.0001lr_1e-05wd_3000epochs_200es_1gxe_4heads_256emb_0.15do_scaled,,3,,envpcc,1.0,leo,val_loss/env_avg_pearson,8192,256,4,1,0.15,8,256,256,true,0.1,none,0.3786316514015198,0.38318058565357416,18.947312843873565,17.14668910683362,0.14392935199945855,future_data_or_tokenization_campaign,,future_work_not_analyzed,run-name pattern: env-residual; reserved for future work,SIG-57d42f5222,1,true,wandb_export_2026-07-22T16_22_44.564-04_00.csv
WDB-0023,23,fulltf+strat+leo+envres+contre_econtr0.1t0.5_moeenc8e2k256h_shared256h_lb0.01_envpcc_8192gbs_0.0001lr_1e-05wd_3000epochs_200es_1gxe_4heads_256emb_0.15do_scaled__s2_j5039132_a1_env-residual-stability-v1-20260720-r1-env_residual_s2,finished,2026-07-21T02:04:49.000Z,2026-07-21T03:15:04.000Z,cb17ba7b36866ef725e83e6db9a4466a0e2917c8,https://github.com/Jacobson-CompSysBio/GP-Transformer/tree/cb17ba7b36866ef725e83e6db9a4466a0e2917c8,,fulltf+strat+leo+envres+contre_econtr0.1t0.5_moeenc8e2k256h_shared256h_lb0.01_envpcc_8192gbs_0.0001lr_1e-05wd_3000epochs_200es_1gxe_4heads_256emb_0.15do_scaled,fulltf+strat+leo+envres+contre_econtr0.1t0.5_moeenc8e2k256h_shared256h_lb0.01_envpcc_8192gbs_0.0001lr_1e-05wd_3000epochs_200es_1gxe_4heads_256emb_0.15do_scaled,,2,,envpcc,1.0,leo,val_loss/env_avg_pearson,8192,256,4,1,0.15,8,256,256,true,0.1,none,0.3474867343902588,0.34102052690257345,11.619380438182766,10.548423036516231,0.10355493285419608,future_data_or_tokenization_campaign,,future_work_not_analyzed,run-name pattern: env-residual; reserved for future work,SIG-4674b4c0ea,1,true,wandb_export_2026-07-22T16_22_44.564-04_00.csv
WDB-0024,24,fulltf+strat+leo+envres+contre_econtr0.1t0.5_moeenc8e2k256h_shared256h_lb0.01_envpcc_8192gbs_0.0001lr_1e-05wd_3000epochs_200es_1gxe_4heads_256emb_0.15do_scaled__s1_j5033556_a1_env-residual-v1-20260719-r2-env_residual,finished,2026-07-20T03:53:31.000Z,2026-07-20T05:05:44.000Z,deb5492268e9256ba7301b1669bf80bb8a26b9de,https://github.com/Jacobson-CompSysBio/GP-Transformer/tree/deb5492268e9256ba7301b1669bf80bb8a26b9de,,fulltf+strat+leo+envres+contre_econtr0.1t0.5_moeenc8e2k256h_shared256h_lb0.01_envpcc_8192gbs_0.0001lr_1e-05wd_3000epochs_200es_1gxe_4heads_256emb_0.15do_scaled,fulltf+strat+leo+envres+contre_econtr0.1t0.5_moeenc8e2k256h_shared256h_lb0.01_envpcc_8192gbs_0.0001lr_1e-05wd_3000epochs_200es_1gxe_4heads_256emb_0.15do_scaled,,1,,envpcc,1.0,leo,val_loss/env_avg_pearson,8192,256,4,1,0.15,8,256,256,true,0.1,none,0.41440242528915405,0.4216027248096879,12.056973033212437,11.032503092779748,0.09139320084578571,future_data_or_tokenization_campaign,,future_work_not_analyzed,run-name pattern: env-residual; reserved for future work,SIG-dc30b28b6c,1,true,wandb_export_2026-07-22T16_22_44.564-04_00.csv
WDB-0025,25,fulltf+strat+leo+contre_econtr0.1t0.5_moeenc8e2k256h_shared256h_lb0.01_envpcc_8192gbs_0.0001lr_1e-05wd_3000epochs_200es_1gxe_4heads_256emb_0.15do_scaled__s1_j5033575_a0_env-residual-v1-20260719-r2-scaled_control,finished,2026-07-20T02:50:31.000Z,2026-07-20T03:51:54.000Z,deb5492268e9256ba7301b1669bf80bb8a26b9de,https://github.com/Jacobson-CompSysBio/GP-Transformer/tree/deb5492268e9256ba7301b1669bf80bb8a26b9de,,fulltf+strat+leo+contre_econtr0.1t0.5_moeenc8e2k256h_shared256h_lb0.01_envpcc_8192gbs_0.0001lr_1e-05wd_3000epochs_200es_1gxe_4heads_256emb_0.15do_scaled,fulltf+strat+leo+contre_econtr0.1t0.5_moeenc8e2k256h_shared256h_lb0.01_envpcc_8192gbs_0.0001lr_1e-05wd_3000epochs_200es_1gxe_4heads_256emb_0.15do_scaled,,1,,envpcc,1.0,leo,val_loss/env_avg_pearson,8192,256,4,1,0.15,8,256,256,true,0.1,none,0.41205495595932007,0.4211777973514537,18.190847850098052,16.050802621341365,0.12026359975355788,future_data_or_tokenization_campaign,,future_work_not_analyzed,run-name pattern: env-residual; reserved for future work,SIG-56db0295d8,1,true,wandb_export_2026-07-22T16_22_44.564-04_00.csv
WDB-0026,26,fulltf+strat+leo+envres+contre_econtr0.1t0.5_moeenc8e2k256h_shared256h_lb0.01_envpcc_8192gbs_0.0001lr_1e-05wd_3000epochs_200es_1gxe_4heads_256emb_0.15do_scaled__s1_j5018386_a1_env-residual-v1-20260717-env_residual,failed,2026-07-18T00:28:31.000Z,2026-07-18T00:28:53.000Z,deb5492268e9256ba7301b1669bf80bb8a26b9de,https://github.com/Jacobson-CompSysBio/GP-Transformer/tree/deb5492268e9256ba7301b1669bf80bb8a26b9de,,fulltf+strat+leo+envres+contre_econtr0.1t0.5_moeenc8e2k256h_shared256h_lb0.01_envpcc_8192gbs_0.0001lr_1e-05wd_3000epochs_200es_1gxe_4heads_256emb_0.15do_scaled,fulltf+strat+leo+envres+contre_econtr0.1t0.5_moeenc8e2k256h_shared256h_lb0.01_envpcc_8192gbs_0.0001lr_1e-05wd_3000epochs_200es_1gxe_4heads_256emb_0.15do_scaled,,1,,envpcc,1.0,leo,val_loss/env_avg_pearson,8192,256,4,1,0.15,8,256,256,true,0.1,none,,,,,,future_data_or_tokenization_campaign,,future_work_not_analyzed,run-name pattern: env-residual; reserved for future work,SIG-0a68f83508,1,true,wandb_export_2026-07-22T16_22_44.564-04_00.csv
WDB-0027,27,fulltf+strat+leo+contre_econtr0.1t0.5_moeenc8e2k256h_shared256h_lb0.01_envpcc_8192gbs_0.0001lr_1e-05wd_3000epochs_200es_1gxe_4heads_256emb_0.15do_scaled__s1_j5018388_a0_env-residual-v1-20260717-scaled_control,failed,2026-07-18T00:26:48.000Z,2026-07-18T00:27:09.000Z,deb5492268e9256ba7301b1669bf80bb8a26b9de,https://github.com/Jacobson-CompSysBio/GP-Transformer/tree/deb5492268e9256ba7301b1669bf80bb8a26b9de,,fulltf+strat+leo+contre_econtr0.1t0.5_moeenc8e2k256h_shared256h_lb0.01_envpcc_8192gbs_0.0001lr_1e-05wd_3000epochs_200es_1gxe_4heads_256emb_0.15do_scaled,fulltf+strat+leo+contre_econtr0.1t0.5_moeenc8e2k256h_shared256h_lb0.01_envpcc_8192gbs_0.0001lr_1e-05wd_3000epochs_200es_1gxe_4heads_256emb_0.15do_scaled,,1,,envpcc,1.0,leo,val_loss/env_avg_pearson,8192,256,4,1,0.15,8,256,256,true,0.1,none,,,,,,future_data_or_tokenization_campaign,,future_work_not_analyzed,run-name pattern: env-residual; reserved for future work,SIG-3c0f384dbf,1,true,wandb_export_2026-07-22T16_22_44.564-04_00.csv
WDB-0028,28,eval-feature-control-r3-5018375,finished,2026-07-17T13:41:10.000Z,2026-07-17T13:42:00.000Z,deb5492268e9256ba7301b1669bf80bb8a26b9de,https://github.com/Jacobson-CompSysBio/GP-Transformer/tree/deb5492268e9256ba7301b1669bf80bb8a26b9de,,fulltf+strat+leo+contre_econtr0.1t0.5_moeenc8e2k256h_shared256h_lb0.01_envpcc_8192gbs_0.0001lr_1e-05wd_3000epochs_200es_1gxe_4heads_256emb_0.15do__s1_j5012830_a0_feature-screen-v1-20260716-v2-feature_control,fulltf+strat+leo+contre_econtr0.1t0.5_moeenc8e2k256h_shared256h_lb0.01_envpcc_8192gbs_0.0001lr_1e-05wd_3000epochs_200es_1gxe_4heads_256emb_0.15do,,,,,,,,,,,,,,,,,,,0.3991123139858246,0.41044681277302447,98.2106067713264,98.7714394746373,0.1456123333822255,future_data_or_tokenization_campaign,,future_work_not_analyzed,run-name pattern: feature-screen; reserved for future work,SIG-9cef7d998e,1,true,wandb_export_2026-07-22T16_22_44.564-04_00.csv
WDB-0029,29,eval-feature-control-r2-5018373,finished,2026-07-17T13:38:29.000Z,2026-07-17T13:39:18.000Z,deb5492268e9256ba7301b1669bf80bb8a26b9de,https://github.com/Jacobson-CompSysBio/GP-Transformer/tree/deb5492268e9256ba7301b1669bf80bb8a26b9de,,fulltf+strat+leo+contre_econtr0.1t0.5_moeenc8e2k256h_shared256h_lb0.01_envpcc_8192gbs_0.0001lr_1e-05wd_3000epochs_200es_1gxe_4heads_256emb_0.15do__s1_j5012830_a0_feature-screen-v1-20260716-v2-feature_control,fulltf+strat+leo+contre_econtr0.1t0.5_moeenc8e2k256h_shared256h_lb0.01_envpcc_8192gbs_0.0001lr_1e-05wd_3000epochs_200es_1gxe_4heads_256emb_0.15do,,,,,,,,,,,,,,,,,,,0.3991123139858246,0.41044681277302447,98.2106067713264,98.7714394746373,0.1456123333822255,future_data_or_tokenization_campaign,,future_work_not_analyzed,run-name pattern: feature-screen; reserved for future work,SIG-fb7c8905a1,1,true,wandb_export_2026-07-22T16_22_44.564-04_00.csv
WDB-0030,30,eval-feature-control-5018364,failed,2026-07-17T13:36:38.000Z,2026-07-17T13:36:43.000Z,deb5492268e9256ba7301b1669bf80bb8a26b9de,https://github.com/Jacobson-CompSysBio/GP-Transformer/tree/deb5492268e9256ba7301b1669bf80bb8a26b9de,,,,,,,,,,,,,,,,,,,,,,,,,,,post_record_exploration_or_reproduction,,not_analyzed_unsuccessful_run,run state was failed,SIG-a9fa06699c,1,true,wandb_export_2026-07-22T16_22_44.564-04_00.csv
WDB-0031,31,fulltf+strat+leo+contre_econtr0.1t0.5_moeenc8e2k256h_shared256h_lb0.01_envpcc_8192gbs_0.0001lr_1e-05wd_3000epochs_200es_1gxe_4heads_256emb_0.15do__s1_j5012825_a2_feature-screen-v1-20260716-v2-corr98_soil,finished,2026-07-17T05:07:23.000Z,2026-07-17T06:08:36.000Z,deb5492268e9256ba7301b1669bf80bb8a26b9de,https://github.com/Jacobson-CompSysBio/GP-Transformer/tree/deb5492268e9256ba7301b1669bf80bb8a26b9de,,fulltf+strat+leo+contre_econtr0.1t0.5_moeenc8e2k256h_shared256h_lb0.01_envpcc_8192gbs_0.0001lr_1e-05wd_3000epochs_200es_1gxe_4heads_256emb_0.15do,fulltf+strat+leo+contre_econtr0.1t0.5_moeenc8e2k256h_shared256h_lb0.01_envpcc_8192gbs_0.0001lr_1e-05wd_3000epochs_200es_1gxe_4heads_256emb_0.15do,,1,,envpcc,1.0,leo,val_loss/env_avg_pearson,8192,256,4,1,0.15,8,256,256,true,0.1,none,0.4119441509246826,0.42107680633914985,103.0397182857226,103.6454213208876,0.12005546415010726,future_data_or_tokenization_campaign,,future_work_not_analyzed,run-name pattern: feature-screen; reserved for future work,SIG-ea9ee115cf,1,true,wandb_export_2026-07-22T16_22_44.564-04_00.csv
WDB-0032,32,fulltf+strat+leo+contre_econtr0.1t0.5_moeenc8e2k256h_shared256h_lb0.01_envpcc_8192gbs_0.0001lr_1e-05wd_3000epochs_200es_1gxe_4heads_256emb_0.15do__s1_j5012831_a1_feature-screen-v1-20260716-v2-soil_field,finished,2026-07-17T03:45:52.000Z,2026-07-17T05:05:23.000Z,deb5492268e9256ba7301b1669bf80bb8a26b9de,https://github.com/Jacobson-CompSysBio/GP-Transformer/tree/deb5492268e9256ba7301b1669bf80bb8a26b9de,,fulltf+strat+leo+contre_econtr0.1t0.5_moeenc8e2k256h_shared256h_lb0.01_envpcc_8192gbs_0.0001lr_1e-05wd_3000epochs_200es_1gxe_4heads_256emb_0.15do,fulltf+strat+leo+contre_econtr0.1t0.5_moeenc8e2k256h_shared256h_lb0.01_envpcc_8192gbs_0.0001lr_1e-05wd_3000epochs_200es_1gxe_4heads_256emb_0.15do,,1,,envpcc,1.0,leo,val_loss/env_avg_pearson,8192,256,4,1,0.15,8,256,256,true,0.1,none,0.41019439697265625,0.4191382286556219,98.51724151688124,99.05184857630624,0.12810369294594923,future_data_or_tokenization_campaign,,future_work_not_analyzed,run-name pattern: feature-screen; reserved for future work,SIG-903f19a02b,1,true,wandb_export_2026-07-22T16_22_44.564-04_00.csv
WDB-0033,33,fulltf+strat+leo+contre_econtr0.1t0.5_moeenc8e2k256h_shared256h_lb0.01_envpcc_8192gbs_0.0001lr_1e-05wd_3000epochs_200es_1gxe_4heads_256emb_0.15do__s1_j5012830_a0_feature-screen-v1-20260716-v2-feature_control,crashed,2026-07-16T23:45:44.000Z,2026-07-17T03:44:18.000Z,deb5492268e9256ba7301b1669bf80bb8a26b9de,https://github.com/Jacobson-CompSysBio/GP-Transformer/tree/deb5492268e9256ba7301b1669bf80bb8a26b9de,,fulltf+strat+leo+contre_econtr0.1t0.5_moeenc8e2k256h_shared256h_lb0.01_envpcc_8192gbs_0.0001lr_1e-05wd_3000epochs_200es_1gxe_4heads_256emb_0.15do,fulltf+strat+leo+contre_econtr0.1t0.5_moeenc8e2k256h_shared256h_lb0.01_envpcc_8192gbs_0.0001lr_1e-05wd_3000epochs_200es_1gxe_4heads_256emb_0.15do,,1,,envpcc,1.0,leo,val_loss/env_avg_pearson,8192,256,4,1,0.15,8,256,256,true,0.1,none,,,,,,future_data_or_tokenization_campaign,,future_work_not_analyzed,run-name pattern: feature-screen; reserved for future work,SIG-e70d2fa612,1,true,wandb_export_2026-07-22T16_22_44.564-04_00.csv
WDB-0034,34,eval-v4-soil-r3-5012906,finished,2026-07-16T20:06:08.000Z,2026-07-16T20:07:00.000Z,deb5492268e9256ba7301b1669bf80bb8a26b9de,https://github.com/Jacobson-CompSysBio/GP-Transformer/tree/deb5492268e9256ba7301b1669bf80bb8a26b9de,,fulltf+strat+leo+contre_econtr0.1t0.5_moeenc8e2k256h_shared256h_lb0.01_envpcc_8192gbs_0.0001lr_1e-05wd_3000epochs_200es_1gxe_4heads_256emb_0.15do__s1_j5008287_a7_dataset-v4-20260715-031625-stable_soil,fulltf+strat+leo+contre_econtr0.1t0.5_moeenc8e2k256h_shared256h_lb0.01_envpcc_8192gbs_0.0001lr_1e-05wd_3000epochs_200es_1gxe_4heads_256emb_0.15do,,,,,,,,,,,,,,,,,,,0.3958478569984436,0.40624614003235393,98.84464450051644,99.37503446884588,0.1233486113033056,future_data_or_tokenization_campaign,,future_work_not_analyzed,run-name pattern: dataset-v4; reserved for future work,SIG-38daa9815b,1,true,wandb_export_2026-07-22T16_22_44.564-04_00.csv
WDB-0035,35,eval-v4-field-r3-5012900,finished,2026-07-16T20:03:41.000Z,2026-07-16T20:04:34.000Z,deb5492268e9256ba7301b1669bf80bb8a26b9de,https://github.com/Jacobson-CompSysBio/GP-Transformer/tree/deb5492268e9256ba7301b1669bf80bb8a26b9de,,fulltf+strat+leo+contre_econtr0.1t0.5_moeenc8e2k256h_shared256h_lb0.01_envpcc_8192gbs_0.0001lr_1e-05wd_3000epochs_200es_1gxe_4heads_256emb_0.15do__s1_j5009723_a6_dataset-v4-20260715-031625-field_coordinates,fulltf+strat+leo+contre_econtr0.1t0.5_moeenc8e2k256h_shared256h_lb0.01_envpcc_8192gbs_0.0001lr_1e-05wd_3000epochs_200es_1gxe_4heads_256emb_0.15do,,,,,,,,,,,,,,,,,,,0.3952098786830902,0.405513103671661,98.78942028592252,99.31396893503732,0.12281039799206332,future_data_or_tokenization_campaign,,future_work_not_analyzed,run-name pattern: dataset-v4; reserved for future work,SIG-b4f5c98fda,1,true,wandb_export_2026-07-22T16_22_44.564-04_00.csv
WDB-0036,36,fulltf+strat+leo+contre_econtr0.1t0.5_moeenc8e2k256h_shared256h_lb0.01_envpcc_8192gbs_0.0001lr_1e-05wd_3000epochs_200es_1gxe_4heads_256emb_0.15do__s1_j5010847_a2_dataset-v4-20260715-031625-recover_blocks_current,finished,2026-07-16T15:37:47.000Z,2026-07-16T18:43:08.000Z,deb5492268e9256ba7301b1669bf80bb8a26b9de,https://github.com/Jacobson-CompSysBio/GP-Transformer/tree/deb5492268e9256ba7301b1669bf80bb8a26b9de,,fulltf+strat+leo+contre_econtr0.1t0.5_moeenc8e2k256h_shared256h_lb0.01_envpcc_8192gbs_0.0001lr_1e-05wd_3000epochs_200es_1gxe_4heads_256emb_0.15do,fulltf+strat+leo+contre_econtr0.1t0.5_moeenc8e2k256h_shared256h_lb0.01_envpcc_8192gbs_0.0001lr_1e-05wd_3000epochs_200es_1gxe_4heads_256emb_0.15do,,,,envpcc,1.0,leo,val_loss/env_avg_pearson,8192,256,4,1,0.15,8,256,256,true,0.1,none,0.3808879554271698,0.3863032490855343,97.231552007659,97.68933401290808,0.14902013208725615,future_data_or_tokenization_campaign,,future_work_not_analyzed,run-name pattern: dataset-v4; reserved for future work,SIG-341bef138f,1,true,wandb_export_2026-07-22T16_22_44.564-04_00.csv
WDB-0037,37,feature-screen-v1-20260716-v2-corr98_soil-linear-main-score-2024,finished,2026-07-16T15:44:21.000Z,2026-07-16T15:44:57.000Z,deb5492268e9256ba7301b1669bf80bb8a26b9de,https://github.com/Jacobson-CompSysBio/GP-Transformer/tree/deb5492268e9256ba7301b1669bf80bb8a26b9de,,,,,,,,,,,,,,,,,,,,,,0.2741155209998764,,,,,future_data_or_tokenization_campaign,,future_work_not_analyzed,run-name pattern: feature-screen; reserved for future work,SIG-2c68fcca7c,1,true,wandb_export_2026-07-22T16_22_44.564-04_00.csv
WDB-0038,38,feature-screen-v1-20260716-v2-corr98-linear-main-score-2024,finished,2026-07-16T15:44:03.000Z,2026-07-16T15:44:23.000Z,deb5492268e9256ba7301b1669bf80bb8a26b9de,https://github.com/Jacobson-CompSysBio/GP-Transformer/tree/deb5492268e9256ba7301b1669bf80bb8a26b9de,,,,,,,,,,,,,,,,,,,,,,0.2644237130075131,,,,,future_data_or_tokenization_campaign,,future_work_not_analyzed,run-name pattern: feature-screen; reserved for future work,SIG-f92fb372e9,1,true,wandb_export_2026-07-22T16_22_44.564-04_00.csv
WDB-0039,39,feature-screen-v1-20260716-v2-corr95-linear-main-score-2024,finished,2026-07-16T15:43:29.000Z,2026-07-16T15:43:31.000Z,deb5492268e9256ba7301b1669bf80bb8a26b9de,https://github.com/Jacobson-CompSysBio/GP-Transformer/tree/deb5492268e9256ba7301b1669bf80bb8a26b9de,,,,,,,,,,,,,,,,,,,,,,0.2642883026870478,,,,,future_data_or_tokenization_campaign,,future_work_not_analyzed,run-name pattern: feature-screen; reserved for future work,SIG-1706f46c2b,1,true,wandb_export_2026-07-22T16_22_44.564-04_00.csv
WDB-0040,40,feature-screen-v1-20260716-v2-feature_control-linear-main-score-2024,finished,2026-07-16T15:41:37.000Z,2026-07-16T15:42:41.000Z,deb5492268e9256ba7301b1669bf80bb8a26b9de,https://github.com/Jacobson-CompSysBio/GP-Transformer/tree/deb5492268e9256ba7301b1669bf80bb8a26b9de,,,,,,,,,,,,,,,,,,,,,,0.2642711764419488,,,,,future_data_or_tokenization_campaign,,future_work_not_analyzed,run-name pattern: feature-screen; reserved for future work,SIG-db3f2c4579,1,true,wandb_export_2026-07-22T16_22_44.564-04_00.csv
WDB-0041,41,feature-screen-v1-20260716-v2-ec_only-linear-main-score-2024,finished,2026-07-16T15:41:20.000Z,2026-07-16T15:41:41.000Z,deb5492268e9256ba7301b1669bf80bb8a26b9de,https://github.com/Jacobson-CompSysBio/GP-Transformer/tree/deb5492268e9256ba7301b1669bf80bb8a26b9de,,,,,,,,,,,,,,,,,,,,,,0.25975758802439813,,,,,future_data_or_tokenization_campaign,,future_work_not_analyzed,run-name pattern: feature-screen; reserved for future work,SIG-d737040d91,1,true,wandb_export_2026-07-22T16_22_44.564-04_00.csv
WDB-0042,42,feature-screen-v1-20260716-v2-soil_field-linear-main-score-2024,finished,2026-07-16T15:41:15.000Z,2026-07-16T15:41:16.000Z,deb5492268e9256ba7301b1669bf80bb8a26b9de,https://github.com/Jacobson-CompSysBio/GP-Transformer/tree/deb5492268e9256ba7301b1669bf80bb8a26b9de,,,,,,,,,,,,,,,,,,,,,,0.27512871907429665,,,,,future_data_or_tokenization_campaign,,future_work_not_analyzed,run-name pattern: feature-screen; reserved for future work,SIG-39079db07e,1,true,wandb_export_2026-07-22T16_22_44.564-04_00.csv
WDB-0043,43,fulltf+strat+leo+contre+grm+gmask_econtr0.1t0.5_moeenc8e2k256h_shared256h_lb0.01_envpcc_8192gbs_0.0001lr_1e-05wd_3000epochs_200es_1gxe_4heads_256emb_0.15do__s1_j5009415_a5_dataset-v4-20260715-031625-continuous_dosage,finished,2026-07-16T12:31:13.000Z,2026-07-16T13:50:55.000Z,deb5492268e9256ba7301b1669bf80bb8a26b9de,https://github.com/Jacobson-CompSysBio/GP-Transformer/tree/deb5492268e9256ba7301b1669bf80bb8a26b9de,,fulltf+strat+leo+contre+grm+gmask_econtr0.1t0.5_moeenc8e2k256h_shared256h_lb0.01_envpcc_8192gbs_0.0001lr_1e-05wd_3000epochs_200es_1gxe_4heads_256emb_0.15do,fulltf+strat+leo+contre+grm+gmask_econtr0.1t0.5_moeenc8e2k256h_shared256h_lb0.01_envpcc_8192gbs_0.0001lr_1e-05wd_3000epochs_200es_1gxe_4heads_256emb_0.15do,,,,envpcc,1.0,leo,val_loss/env_avg_pearson,8192,256,4,1,0.15,8,256,256,true,0.1,none,0.38895726203918457,0.3912712062447829,94.84575032196688,95.29969813077984,0.1606118366248783,future_data_or_tokenization_campaign,,future_work_not_analyzed,run-name pattern: dataset-v4; reserved for future work,SIG-8fa6507c08,1,true,wandb_export_2026-07-22T16_22_44.564-04_00.csv
WDB-0044,44,fulltf+strat+leo+contre_econtr0.1t0.5_moeenc8e2k256h_shared256h_lb0.01_envpcc_8192gbs_0.0001lr_1e-05wd_3000epochs_200es_1gxe_4heads_256emb_0.15do__s1_j5009371_a4_dataset-v4-20260715-031625-cell_mean,finished,2026-07-16T11:35:18.000Z,2026-07-16T12:28:43.000Z,deb5492268e9256ba7301b1669bf80bb8a26b9de,https://github.com/Jacobson-CompSysBio/GP-Transformer/tree/deb5492268e9256ba7301b1669bf80bb8a26b9de,,fulltf+strat+leo+contre_econtr0.1t0.5_moeenc8e2k256h_shared256h_lb0.01_envpcc_8192gbs_0.0001lr_1e-05wd_3000epochs_200es_1gxe_4heads_256emb_0.15do,fulltf+strat+leo+contre_econtr0.1t0.5_moeenc8e2k256h_shared256h_lb0.01_envpcc_8192gbs_0.0001lr_1e-05wd_3000epochs_200es_1gxe_4heads_256emb_0.15do,,,,envpcc,1.0,leo,val_loss/env_avg_pearson,8192,256,4,1,0.15,8,256,256,true,0.1,none,0.38786178827285767,0.39132168295388714,100.58307322565948,101.10437009265792,0.15133120129581248,future_data_or_tokenization_campaign,,future_work_not_analyzed,run-name pattern: dataset-v4; reserved for future work,SIG-e88bc2e29e,1,true,wandb_export_2026-07-22T16_22_44.564-04_00.csv
WDB-0045,45,dataset-v4-20260715-031625-field_coordinates-linear-main-score-2024,finished,2026-07-16T03:45:46.000Z,2026-07-16T03:45:47.000Z,deb5492268e9256ba7301b1669bf80bb8a26b9de,https://github.com/Jacobson-CompSysBio/GP-Transformer/tree/deb5492268e9256ba7301b1669bf80bb8a26b9de,,,,,,,,,,,,,,,,,,,,,,0.26946593516235634,,,,,future_data_or_tokenization_campaign,,future_work_not_analyzed,run-name pattern: dataset-v4; reserved for future work,SIG-c99a49ebae,1,true,wandb_export_2026-07-22T16_22_44.564-04_00.csv
WDB-0046,46,dataset-v4-20260715-031625-equal_cells-linear-main-score-2024,finished,2026-07-16T03:45:46.000Z,2026-07-16T03:45:47.000Z,deb5492268e9256ba7301b1669bf80bb8a26b9de,https://github.com/Jacobson-CompSysBio/GP-Transformer/tree/deb5492268e9256ba7301b1669bf80bb8a26b9de,,,,,,,,,,,,,,,,,,,,,,0.23188670444119588,,,,,future_data_or_tokenization_campaign,,future_work_not_analyzed,run-name pattern: dataset-v4; reserved for future work,SIG-f908409f4f,1,true,wandb_export_2026-07-22T16_22_44.564-04_00.csv
WDB-0047,47,dataset-v4-20260715-031625-stable_soil-linear-main-score-2024,finished,2026-07-16T03:45:45.000Z,2026-07-16T03:45:47.000Z,deb5492268e9256ba7301b1669bf80bb8a26b9de,https://github.com/Jacobson-CompSysBio/GP-Transformer/tree/deb5492268e9256ba7301b1669bf80bb8a26b9de,,,,,,,,,,,,,,,,,,,,,,0.27428161202314666,,,,,future_data_or_tokenization_campaign,,future_work_not_analyzed,run-name pattern: dataset-v4; reserved for future work,SIG-d56fdf1125,1,true,wandb_export_2026-07-22T16_22_44.564-04_00.csv
WDB-0048,48,dataset-v4-20260715-031625-repair_control-linear-main-score-2024,finished,2026-07-16T03:44:57.000Z,2026-07-16T03:44:59.000Z,deb5492268e9256ba7301b1669bf80bb8a26b9de,https://github.com/Jacobson-CompSysBio/GP-Transformer/tree/deb5492268e9256ba7301b1669bf80bb8a26b9de,,,,,,,,,,,,,,,,,,,,,,0.2642711764419488,,,,,future_data_or_tokenization_campaign,,future_work_not_analyzed,run-name pattern: dataset-v4; reserved for future work,SIG-1ee764a183,1,true,wandb_export_2026-07-22T16_22_44.564-04_00.csv
WDB-0049,49,dataset-v4-20260715-031625-weather_preplant14-linear-main-score-2024,finished,2026-07-16T03:44:57.000Z,2026-07-16T03:44:58.000Z,deb5492268e9256ba7301b1669bf80bb8a26b9de,https://github.com/Jacobson-CompSysBio/GP-Transformer/tree/deb5492268e9256ba7301b1669bf80bb8a26b9de,,,,,,,,,,,,,,,,,,,,,,0.2646981900279009,,,,,future_data_or_tokenization_campaign,,future_work_not_analyzed,run-name pattern: dataset-v4; reserved for future work,SIG-b50a3c6500,1,true,wandb_export_2026-07-22T16_22_44.564-04_00.csv
WDB-0050,50,dataset-v4-20260715-031625-recover_blocks_current-linear-main-score-2024,finished,2026-07-16T03:44:57.000Z,2026-07-16T03:44:58.000Z,deb5492268e9256ba7301b1669bf80bb8a26b9de,https://github.com/Jacobson-CompSysBio/GP-Transformer/tree/deb5492268e9256ba7301b1669bf80bb8a26b9de,,,,,,,,,,,,,,,,,,,,,,0.24613194937410396,,,,,future_data_or_tokenization_campaign,,future_work_not_analyzed,run-name pattern: dataset-v4; reserved for future work,SIG-e6d04cab6b,1,true,wandb_export_2026-07-22T16_22_44.564-04_00.csv
WDB-0051,51,kernel-stage-a-20260715-234453-linear_rn-score,finished,2026-07-16T01:22:43.000Z,2026-07-16T01:22:45.000Z,deb5492268e9256ba7301b1669bf80bb8a26b9de,https://github.com/Jacobson-CompSysBio/GP-Transformer/tree/deb5492268e9256ba7301b1669bf80bb8a26b9de,,,,,,,,,,,,,,,,,,,,,,0.2312007293269844,,,,,post_record_exploration_or_reproduction,,supplement_completed_run,completed run retained for descriptive provenance,SIG-77e0921e30,1,true,wandb_export_2026-07-22T16_22_44.564-04_00.csv
WDB-0052,52,kernel-stage-a-20260715-234453-linear_rn,finished,2026-07-16T01:22:29.000Z,2026-07-16T01:22:30.000Z,deb5492268e9256ba7301b1669bf80bb8a26b9de,https://github.com/Jacobson-CompSysBio/GP-Transformer/tree/deb5492268e9256ba7301b1669bf80bb8a26b9de,,,,,1,1,,,year,,,,,,,,,,,,,,,,,,post_record_exploration_or_reproduction,,not_analyzed_no_test_metric,no finite test macro environment PCC or MSE was exported,SIG-e4203c8734,1,true,wandb_export_2026-07-22T16_22_44.564-04_00.csv
WDB-0053,53,kernel-stage-a-20260715-234453-gaussian_rn-score,finished,2026-07-16T01:22:13.000Z,2026-07-16T01:22:14.000Z,deb5492268e9256ba7301b1669bf80bb8a26b9de,https://github.com/Jacobson-CompSysBio/GP-Transformer/tree/deb5492268e9256ba7301b1669bf80bb8a26b9de,,,,,,,,,,,,,,,,,,,,,,0.2518097316766346,,,,,post_record_exploration_or_reproduction,,supplement_completed_run,completed run retained for descriptive provenance,SIG-3616bf92b7,1,true,wandb_export_2026-07-22T16_22_44.564-04_00.csv
WDB-0054,54,kernel-stage-a-20260715-234453-linear_main-score,finished,2026-07-16T01:22:04.000Z,2026-07-16T01:22:05.000Z,deb5492268e9256ba7301b1669bf80bb8a26b9de,https://github.com/Jacobson-CompSysBio/GP-Transformer/tree/deb5492268e9256ba7301b1669bf80bb8a26b9de,,,,,,,,,,,,,,,,,,,,,,0.2717981132499209,,,,,post_record_exploration_or_reproduction,,supplement_completed_run,completed run retained for descriptive provenance,SIG-c5ad19ab9e,1,true,wandb_export_2026-07-22T16_22_44.564-04_00.csv
WDB-0055,55,kernel-stage-a-20260715-234453-gaussian_rn,finished,2026-07-16T01:21:59.000Z,2026-07-16T01:22:01.000Z,deb5492268e9256ba7301b1669bf80bb8a26b9de,https://github.com/Jacobson-CompSysBio/GP-Transformer/tree/deb5492268e9256ba7301b1669bf80bb8a26b9de,,,,,1,1,,,year,,,,,,,,,,,,,,,,,,post_record_exploration_or_reproduction,,not_analyzed_no_test_metric,no finite test macro environment PCC or MSE was exported,SIG-31ce49ab0a,1,true,wandb_export_2026-07-22T16_22_44.564-04_00.csv
WDB-0056,56,kernel-stage-a-20260715-234453-linear_main,finished,2026-07-16T01:21:49.000Z,2026-07-16T01:21:51.000Z,deb5492268e9256ba7301b1669bf80bb8a26b9de,https://github.com/Jacobson-CompSysBio/GP-Transformer/tree/deb5492268e9256ba7301b1669bf80bb8a26b9de,,,,,1,1,,,year,,,,,,,,,,,,,,,,,,post_record_exploration_or_reproduction,,not_analyzed_no_test_metric,no finite test macro environment PCC or MSE was exported,SIG-d3127bc15c,1,true,wandb_export_2026-07-22T16_22_44.564-04_00.csv
WDB-0057,57,fulltf+mmamba8p16s+strat+leo+contre_econtr0.1t0.5_moeenc8e2k256h_shared256h_lb0.01_envpcc_8192gbs_0.0001lr_1e-05wd_3000epochs_200e-hf1b445ab481108fe__s1_j5004630_architecture-followups-s1-20260714+marker_mamba8_d2+canonical-2014-2023-leo+s1,finished,2026-07-15T17:57:10.000Z,2026-07-15T18:58:18.000Z,deb5492268e9256ba7301b1669bf80bb8a26b9de,https://github.com/Jacobson-CompSysBio/GP-Transformer/tree/deb5492268e9256ba7301b1669bf80bb8a26b9de,,fulltf+mmamba8p16s+strat+leo+contre_econtr0.1t0.5_moeenc8e2k256h_shared256h_lb0.01_envpcc_8192gbs_0.0001lr_1e-05wd_3000epochs_200es_2gxe_4heads_256emb_0.15do,fulltf+mmamba8p16s+strat+leo+contre_econtr0.1t0.5_moeenc8e2k256h_shared256h_lb0.01_envpcc_8192gbs_0.0001lr_1e-05wd_3000epochs_200es_2gxe_4heads_256emb_0.15do,,,,envpcc,1.0,leo,val_loss/env_avg_pearson,8192,256,4,2,0.15,8,256,256,true,0.1,none,0.3059147000312805,0.30302801758999864,110.51625738981512,111.16546609937856,0.1173802474528448,future_data_or_tokenization_campaign,,future_work_not_analyzed,run-name pattern: marker_mamba; reserved for future work,SIG-298ff137d7,1,true,wandb_export_2026-07-22T16_22_44.564-04_00.csv
WDB-0058,58,fulltf+xattn32g8e2l+strat+leo+contre_econtr0.1t0.5_moeenc8e2k256h_shared256h_lb0.01_envpcc_8192gbs_0.0001lr_1e-05wd_3000epochs_20-h1b54d102e93e84c9__s1_j5004629_architecture-followups-s1-20260714+dual_cross32x8_d2+canonical-2014-2023-leo+s1,finished,2026-07-15T17:53:48.000Z,2026-07-15T18:15:46.000Z,deb5492268e9256ba7301b1669bf80bb8a26b9de,https://github.com/Jacobson-CompSysBio/GP-Transformer/tree/deb5492268e9256ba7301b1669bf80bb8a26b9de,,fulltf+xattn32g8e2l+strat+leo+contre_econtr0.1t0.5_moeenc8e2k256h_shared256h_lb0.01_envpcc_8192gbs_0.0001lr_1e-05wd_3000epochs_200es_4gxe_4heads_256emb_0.15do,fulltf+xattn32g8e2l+strat+leo+contre_econtr0.1t0.5_moeenc8e2k256h_shared256h_lb0.01_envpcc_8192gbs_0.0001lr_1e-05wd_3000epochs_200es_4gxe_4heads_256emb_0.15do,,,,envpcc,1.0,leo,val_loss/env_avg_pearson,8192,256,4,4,0.15,8,256,256,true,0.1,none,0.31895723938941956,0.3201031983018636,102.80926216589027,103.2191073603289,0.10601485596477549,future_data_or_tokenization_campaign,,future_work_not_analyzed,run-name pattern: dual_cross; reserved for future work,SIG-bab180b1a7,1,true,wandb_export_2026-07-22T16_22_44.564-04_00.csv
WDB-0059,59,fulltf+patch8+strat+leo+contre_econtr0.1t0.5_moeenc8e2k256h_shared256h_lb0.01_envpcc_8192gbs_0.0001lr_1e-05wd_3000epochs_200es-h4cea5f4daa61a613__s1_j4990913_architecture-screen-s1-20260714-155503+marker_patch8_d4+canonical-2014-2023-leo+s1,finished,2026-07-14T19:58:01.000Z,2026-07-14T21:04:20.000Z,deb5492268e9256ba7301b1669bf80bb8a26b9de,https://github.com/Jacobson-CompSysBio/GP-Transformer/tree/deb5492268e9256ba7301b1669bf80bb8a26b9de,,fulltf+patch8+strat+leo+contre_econtr0.1t0.5_moeenc8e2k256h_shared256h_lb0.01_envpcc_8192gbs_0.0001lr_1e-05wd_3000epochs_200es_4gxe_4heads_256emb_0.15do,fulltf+patch8+strat+leo+contre_econtr0.1t0.5_moeenc8e2k256h_shared256h_lb0.01_envpcc_8192gbs_0.0001lr_1e-05wd_3000epochs_200es_4gxe_4heads_256emb_0.15do,,,,envpcc,1.0,leo,val_loss/env_avg_pearson,8192,256,4,4,0.15,8,256,256,true,0.1,none,0.2582368850708008,0.25095330020474527,110.76386050171386,111.77523262372829,-0.03569167067998928,future_data_or_tokenization_campaign,,future_work_not_analyzed,run-name pattern: marker_patch; reserved for future work,SIG-02f050605d,1,true,wandb_export_2026-07-22T16_22_44.564-04_00.csv
WDB-0060,60,fulltf+perc64+strat+leo+contre_econtr0.1t0.5_moeenc8e2k256h_shared256h_lb0.01_envpcc_8192gbs_0.0001lr_1e-05wd_3000epochs_200es_4-h22a79bda0ea87829__s1_j4990914_architecture-screen-s1-20260714-155503+perceiver64_d4+canonical-2014-2023-leo+s1,crashed,2026-07-14T19:58:01.000Z,2026-07-14T20:27:02.000Z,deb5492268e9256ba7301b1669bf80bb8a26b9de,https://github.com/Jacobson-CompSysBio/GP-Transformer/tree/deb5492268e9256ba7301b1669bf80bb8a26b9de,,fulltf+perc64+strat+leo+contre_econtr0.1t0.5_moeenc8e2k256h_shared256h_lb0.01_envpcc_8192gbs_0.0001lr_1e-05wd_3000epochs_200es_4gxe_4heads_256emb_0.15do,fulltf+perc64+strat+leo+contre_econtr0.1t0.5_moeenc8e2k256h_shared256h_lb0.01_envpcc_8192gbs_0.0001lr_1e-05wd_3000epochs_200es_4gxe_4heads_256emb_0.15do,,,,envpcc,1.0,leo,val_loss/env_avg_pearson,8192,256,4,4,0.15,8,256,256,true,0.1,none,,,,,,future_data_or_tokenization_campaign,,future_work_not_analyzed,run-name pattern: perceiver64; reserved for future work,SIG-dd5c2e90f1,1,true,wandb_export_2026-07-22T16_22_44.564-04_00.csv
WDB-0061,61,fulltf+strat+leo+weathersidecar7x24+contre_econtr0.1t0.5_moeenc8e2k256h_shared256h_lb0.01_envpcc_8192gbs_0.0001lr_1e-05wd_3000epochs_200es_1gxe_4heads_256emb_0.15do__s1_j4987935_phenology-gdd7-s1,finished,2026-07-14T15:33:28.000Z,2026-07-14T16:49:35.000Z,deb5492268e9256ba7301b1669bf80bb8a26b9de,https://github.com/Jacobson-CompSysBio/GP-Transformer/tree/deb5492268e9256ba7301b1669bf80bb8a26b9de,,fulltf+strat+leo+weathersidecar7x24+contre_econtr0.1t0.5_moeenc8e2k256h_shared256h_lb0.01_envpcc_8192gbs_0.0001lr_1e-05wd_3000epochs_200es_1gxe_4heads_256emb_0.15do,fulltf+strat+leo+weathersidecar7x24+contre_econtr0.1t0.5_moeenc8e2k256h_shared256h_lb0.01_envpcc_8192gbs_0.0001lr_1e-05wd_3000epochs_200es_1gxe_4heads_256emb_0.15do,,,,envpcc,1.0,leo,val_loss/env_avg_pearson,8192,256,4,1,0.15,8,256,256,true,0.1,none,0.378164142370224,0.3849566666960863,101.05052354618668,101.36204876280264,0.1851097411724222,post_record_exploration_or_reproduction,,supplement_completed_run,completed run retained for descriptive provenance,SIG-842530ebd4,1,true,wandb_export_2026-07-22T16_22_44.564-04_00.csv
WDB-0062,62,fulltf+strat+globalpcc+leo+contre_econtr0.1t0.5_moeenc8e2k256h_shared256h_lb0.01_envpcc_8192gbs_0.0001lr_1e-05wd_3000epochs_200es_1gxe_4heads_256emb_0.15do__s2_j4976333_envpcc-global-20260712+baseline-s2,finished,2026-07-13T05:46:22.000Z,2026-07-14T00:31:49.000Z,deb5492268e9256ba7301b1669bf80bb8a26b9de,https://github.com/Jacobson-CompSysBio/GP-Transformer/tree/deb5492268e9256ba7301b1669bf80bb8a26b9de,envpcc-global-20260712,fulltf+strat+globalpcc+leo+contre_econtr0.1t0.5_moeenc8e2k256h_shared256h_lb0.01_envpcc_8192gbs_0.0001lr_1e-05wd_3000epochs_200es_1gxe_4heads_256emb_0.15do,fulltf+strat+globalpcc+leo+contre_econtr0.1t0.5_moeenc8e2k256h_shared256h_lb0.01_envpcc_8192gbs_0.0001lr_1e-05wd_3000epochs_200es_1gxe_4heads_256emb_0.15do,,,,envpcc,1.0,leo,val_loss/env_avg_pearson,8192,256,4,1,0.15,8,256,256,true,0.1,none,0.3728983700275421,0.3758312687108116,92.77457461043278,93.24079662843629,0.14103572594770378,post_record_exploration_or_reproduction,,supplement_completed_run,completed run retained for descriptive provenance,SIG-f6586cdeaf,1,true,wandb_export_2026-07-22T16_22_44.564-04_00.csv
WDB-0063,63,fulltf+strat+leo+contre_econtr0.1t0.5_moeenc8e2k256h_shared256h_lb0.01_envpcc_8192gbs_0.0001lr_1e-05wd_3000epochs_200es_1gxe_4heads_256emb_0.15do__s2_j4976310_envpcc-local-control,finished,2026-07-13T01:10:55.000Z,2026-07-13T17:34:32.000Z,05555cbc9431b7f110cf2455ee26c1e1c1cd1eec,https://github.com/Jacobson-CompSysBio/GP-Transformer/tree/05555cbc9431b7f110cf2455ee26c1e1c1cd1eec,,fulltf+strat+leo+contre_econtr0.1t0.5_moeenc8e2k256h_shared256h_lb0.01_envpcc_8192gbs_0.0001lr_1e-05wd_3000epochs_200es_1gxe_4heads_256emb_0.15do,fulltf+strat+leo+contre_econtr0.1t0.5_moeenc8e2k256h_shared256h_lb0.01_envpcc_8192gbs_0.0001lr_1e-05wd_3000epochs_200es_1gxe_4heads_256emb_0.15do,,,,envpcc,1.0,leo,val_loss/env_avg_pearson,8192,256,4,1,0.15,8,256,256,true,0.1,none,0.34600630402565,0.34873414959563337,99.2730257508315,99.80794274602562,0.11066326635715049,post_record_exploration_or_reproduction,,supplement_completed_run,completed run retained for descriptive provenance,SIG-6fb17e45ac,1,true,wandb_export_2026-07-22T16_22_44.564-04_00.csv
WDB-0064,64,fulltf+strat+globalpcc+leo+contre_econtr0.1t0.5_moeenc8e2k256h_shared256h_lb0.01_envpcc_8192gbs_0.0001lr_1e-05wd_3000epochs_200es_1gxe_4heads_256emb_0.15do__s3_j4976334_envpcc-global-20260712+baseline-s3,finished,2026-07-13T07:46:55.000Z,2026-07-13T08:55:26.000Z,05555cbc9431b7f110cf2455ee26c1e1c1cd1eec,https://github.com/Jacobson-CompSysBio/GP-Transformer/tree/05555cbc9431b7f110cf2455ee26c1e1c1cd1eec,envpcc-global-20260712,fulltf+strat+globalpcc+leo+contre_econtr0.1t0.5_moeenc8e2k256h_shared256h_lb0.01_envpcc_8192gbs_0.0001lr_1e-05wd_3000epochs_200es_1gxe_4heads_256emb_0.15do,fulltf+strat+globalpcc+leo+contre_econtr0.1t0.5_moeenc8e2k256h_shared256h_lb0.01_envpcc_8192gbs_0.0001lr_1e-05wd_3000epochs_200es_1gxe_4heads_256emb_0.15do,,,,envpcc,1.0,leo,val_loss/env_avg_pearson,8192,256,4,1,0.15,8,256,256,true,0.1,none,0.3924466073513031,0.40253672014615494,98.3790886199341,98.9440838704466,0.12351299465748848,post_record_exploration_or_reproduction,,supplement_completed_run,completed run retained for descriptive provenance,SIG-a825ba46f9,1,true,wandb_export_2026-07-22T16_22_44.564-04_00.csv
WDB-0065,65,fulltf+strat+globalpcc+leo+contre_econtr0.1t0.5_moeenc8e2k256h_shared256h_lb0.01_envpcc_8192gbs_0.0001lr_1e-05wd_3000epochs_200es_1gxe_4heads_256emb_0.15do__s1_j4976332_envpcc-global-20260712+baseline-s1,finished,2026-07-13T04:33:34.000Z,2026-07-13T05:43:30.000Z,05555cbc9431b7f110cf2455ee26c1e1c1cd1eec,https://github.com/Jacobson-CompSysBio/GP-Transformer/tree/05555cbc9431b7f110cf2455ee26c1e1c1cd1eec,envpcc-global-20260712,fulltf+strat+globalpcc+leo+contre_econtr0.1t0.5_moeenc8e2k256h_shared256h_lb0.01_envpcc_8192gbs_0.0001lr_1e-05wd_3000epochs_200es_1gxe_4heads_256emb_0.15do,fulltf+strat+globalpcc+leo+contre_econtr0.1t0.5_moeenc8e2k256h_shared256h_lb0.01_envpcc_8192gbs_0.0001lr_1e-05wd_3000epochs_200es_1gxe_4heads_256emb_0.15do,,,,envpcc,1.0,leo,val_loss/env_avg_pearson,8192,256,4,1,0.15,8,256,256,true,0.1,none,0.4082545936107635,0.41817208515989585,101.98951828501532,102.57144720860217,0.12138441697132428,post_record_exploration_or_reproduction,,supplement_completed_run,completed run retained for descriptive provenance,SIG-ca9db23601,1,true,wandb_export_2026-07-22T16_22_44.564-04_00.csv
WDB-0066,66,fulltf+strat+leo+contre_econtr0.1t0.5_moeenc8e2k256h_shared256h_lb0.01_envpcc_8192gbs_0.0001lr_1e-05wd_3000epochs_200es_1gxe_4heads_256emb_0.15do__s3_j4976311_envpcc-local-control,finished,2026-07-13T03:10:54.000Z,2026-07-13T04:30:36.000Z,05555cbc9431b7f110cf2455ee26c1e1c1cd1eec,https://github.com/Jacobson-CompSysBio/GP-Transformer/tree/05555cbc9431b7f110cf2455ee26c1e1c1cd1eec,,fulltf+strat+leo+contre_econtr0.1t0.5_moeenc8e2k256h_shared256h_lb0.01_envpcc_8192gbs_0.0001lr_1e-05wd_3000epochs_200es_1gxe_4heads_256emb_0.15do,fulltf+strat+leo+contre_econtr0.1t0.5_moeenc8e2k256h_shared256h_lb0.01_envpcc_8192gbs_0.0001lr_1e-05wd_3000epochs_200es_1gxe_4heads_256emb_0.15do,,,,envpcc,1.0,leo,val_loss/env_avg_pearson,8192,256,4,1,0.15,8,256,256,true,0.1,none,0.3902336657047272,0.3956278076343384,99.28395310384458,99.77955760715388,0.1466788804761248,post_record_exploration_or_reproduction,,supplement_completed_run,completed run retained for descriptive provenance,SIG-f2be108656,1,true,wandb_export_2026-07-22T16_22_44.564-04_00.csv
WDB-0067,67,fulltf+strat+globalpcc+leo+contre_econtr0.1t0.5_moeenc8e2k256h_shared256h_lb0.01_envpcc_2048gbs_0.0001lr_1e-05wd_1epochs_1es_1gxe_4heads_256emb_0.15do__s1_j4976338_globalpcc-nccl-smoke,finished,2026-07-12T23:49:12.000Z,2026-07-12T23:49:26.000Z,05555cbc9431b7f110cf2455ee26c1e1c1cd1eec,https://github.com/Jacobson-CompSysBio/GP-Transformer/tree/05555cbc9431b7f110cf2455ee26c1e1c1cd1eec,,fulltf+strat+globalpcc+leo+contre_econtr0.1t0.5_moeenc8e2k256h_shared256h_lb0.01_envpcc_2048gbs_0.0001lr_1e-05wd_1epochs_1es_1gxe_4heads_256emb_0.15do,fulltf+strat+globalpcc+leo+contre_econtr0.1t0.5_moeenc8e2k256h_shared256h_lb0.01_envpcc_2048gbs_0.0001lr_1e-05wd_1epochs_1es_1gxe_4heads_256emb_0.15do,,,,envpcc,1.0,leo,val_loss/env_avg_pearson,2048,256,4,1,0.15,8,256,256,true,0.1,none,,,,,,post_record_exploration_or_reproduction,,not_analyzed_no_test_metric,no finite test macro environment PCC or MSE was exported,SIG-8e0fb73941,1,true,wandb_export_2026-07-22T16_22_44.564-04_00.csv
WDB-0068,68,fulltf+strat+leo+weathersidecar32x20+contre_econtr0.1t0.5_moeenc8e2k256h_shared256h_lb0.01_envpcc_8192gbs_0.0001lr_1e-05wd_3000epochs_200es_1gxe_4heads_256emb_0.15do__s2_j4969473,finished,2026-07-11T01:34:46.000Z,2026-07-11T04:04:47.000Z,05555cbc9431b7f110cf2455ee26c1e1c1cd1eec,https://github.com/Jacobson-CompSysBio/GP-Transformer/tree/05555cbc9431b7f110cf2455ee26c1e1c1cd1eec,,fulltf+strat+leo+weathersidecar32x20+contre_econtr0.1t0.5_moeenc8e2k256h_shared256h_lb0.01_envpcc_8192gbs_0.0001lr_1e-05wd_3000epochs_200es_1gxe_4heads_256emb_0.15do,fulltf+strat+leo+weathersidecar32x20+contre_econtr0.1t0.5_moeenc8e2k256h_shared256h_lb0.01_envpcc_8192gbs_0.0001lr_1e-05wd_3000epochs_200es_1gxe_4heads_256emb_0.15do,,,,envpcc,1.0,leo,val_loss/env_avg_pearson,8192,256,4,1,0.15,8,256,256,true,0.1,none,0.32566311955451965,0.31869777531603954,101.95291131279888,102.41446664988987,0.1391272853130208,post_record_exploration_or_reproduction,,supplement_completed_run,completed run retained for descriptive provenance,SIG-ddbf9aac91,1,true,wandb_export_2026-07-22T16_22_44.564-04_00.csv
WDB-0069,69,fulltf+strat+leo+weathersidecar32x20+factgxe16+contre_econtr0.1t0.5_moeenc8e2k256h_shared256h_lb0.01_envpcc_8192gbs_0.0001lr_1e-05wd_3000epochs_200es_1gxe_4heads_256emb_0.15do__s1_j4969467,finished,2026-07-11T00:49:31.000Z,2026-07-11T01:31:12.000Z,05555cbc9431b7f110cf2455ee26c1e1c1cd1eec,https://github.com/Jacobson-CompSysBio/GP-Transformer/tree/05555cbc9431b7f110cf2455ee26c1e1c1cd1eec,,fulltf+strat+leo+weathersidecar32x20+factgxe16+contre_econtr0.1t0.5_moeenc8e2k256h_shared256h_lb0.01_envpcc_8192gbs_0.0001lr_1e-05wd_3000epochs_200es_1gxe_4heads_256emb_0.15do,fulltf+strat+leo+weathersidecar32x20+factgxe16+contre_econtr0.1t0.5_moeenc8e2k256h_shared256h_lb0.01_envpcc_8192gbs_0.0001lr_1e-05wd_3000epochs_200es_1gxe_4heads_256emb_0.15do,,,,envpcc,1.0,leo,val_loss/env_avg_pearson,8192,256,4,1,0.15,8,256,256,true,0.1,none,0.28691935539245605,0.27568657239160593,100.92123455310652,101.36837518994666,0.221653893749834,post_record_exploration_or_reproduction,,supplement_completed_run,completed run retained for descriptive provenance,SIG-e35b93aeb2,1,true,wandb_export_2026-07-22T16_22_44.564-04_00.csv
WDB-0070,70,fulltf+strat+leo+weathersidecar32x20+grsoftmax0.1+contre_econtr0.1t0.5_moeenc8e2k256h_shared256h_lb0.01_envpcc_8192gbs_0.0001lr_1e-05wd_3000epochs_200es_1gxe_4heads_256emb_0.15do__s1_j4969466,finished,2026-07-10T21:36:21.000Z,2026-07-10T22:58:34.000Z,05555cbc9431b7f110cf2455ee26c1e1c1cd1eec,https://github.com/Jacobson-CompSysBio/GP-Transformer/tree/05555cbc9431b7f110cf2455ee26c1e1c1cd1eec,,fulltf+strat+leo+weathersidecar32x20+grsoftmax0.1+contre_econtr0.1t0.5_moeenc8e2k256h_shared256h_lb0.01_envpcc_8192gbs_0.0001lr_1e-05wd_3000epochs_200es_1gxe_4heads_256emb_0.15do,fulltf+strat+leo+weathersidecar32x20+grsoftmax0.1+contre_econtr0.1t0.5_moeenc8e2k256h_shared256h_lb0.01_envpcc_8192gbs_0.0001lr_1e-05wd_3000epochs_200es_1gxe_4heads_256emb_0.15do,,,,envpcc,1.0,leo,val_loss/env_avg_pearson,8192,256,4,1,0.15,8,256,256,true,0.1,none,0.4024547338485718,0.4081299586346867,97.4212551929557,97.86252472956662,0.14892243078229256,post_record_exploration_or_reproduction,,supplement_completed_run,completed run retained for descriptive provenance,SIG-3a8158e2f1,1,true,wandb_export_2026-07-22T16_22_44.564-04_00.csv
WDB-0071,71,fulltf+strat+leo+contre_econtr0.1t0.5_moeenc8e2k256h_shared256h_lb0.01_envpcc_8192gbs_0.0001lr_1e-05wd_3000epochs_200es_1gxe_4heads_256emb_0.15do__s1_j4968492,finished,2026-07-10T18:25:53.000Z,2026-07-10T19:23:07.000Z,05555cbc9431b7f110cf2455ee26c1e1c1cd1eec,https://github.com/Jacobson-CompSysBio/GP-Transformer/tree/05555cbc9431b7f110cf2455ee26c1e1c1cd1eec,,fulltf+strat+leo+contre_econtr0.1t0.5_moeenc8e2k256h_shared256h_lb0.01_envpcc_8192gbs_0.0001lr_1e-05wd_3000epochs_200es_1gxe_4heads_256emb_0.15do,fulltf+strat+leo+contre_econtr0.1t0.5_moeenc8e2k256h_shared256h_lb0.01_envpcc_8192gbs_0.0001lr_1e-05wd_3000epochs_200es_1gxe_4heads_256emb_0.15do,,,,envpcc,1.0,leo,val_loss/env_avg_pearson,8192,256,4,1,0.15,8,256,256,true,0.1,none,0.42312198877334595,0.428939963363818,100.8769872612745,101.40960011601668,0.15611288272253848,post_record_exploration_or_reproduction,,supplement_completed_run,completed run retained for descriptive provenance,SIG-e7873a3919,1,true,wandb_export_2026-07-22T16_22_44.564-04_00.csv
WDB-0072,72,fulltf+strat+leo+weathersidecar32x20+contre_econtr0.1t0.5_moeenc8e2k256h_shared256h_lb0.01_envpcc_8192gbs_0.0001lr_1e-05wd_3000epochs_200es_1gxe_4heads_256emb_0.15do__s1_j4967988,finished,2026-07-10T17:00:15.000Z,2026-07-10T18:22:57.000Z,05555cbc9431b7f110cf2455ee26c1e1c1cd1eec,https://github.com/Jacobson-CompSysBio/GP-Transformer/tree/05555cbc9431b7f110cf2455ee26c1e1c1cd1eec,,fulltf+strat+leo+weathersidecar32x20+contre_econtr0.1t0.5_moeenc8e2k256h_shared256h_lb0.01_envpcc_8192gbs_0.0001lr_1e-05wd_3000epochs_200es_1gxe_4heads_256emb_0.15do,fulltf+strat+leo+weathersidecar32x20+contre_econtr0.1t0.5_moeenc8e2k256h_shared256h_lb0.01_envpcc_8192gbs_0.0001lr_1e-05wd_3000epochs_200es_1gxe_4heads_256emb_0.15do,,,,envpcc,1.0,leo,val_loss/env_avg_pearson,8192,256,4,1,0.15,8,256,256,true,0.1,none,0.4024473130702973,0.4098511022088907,96.79510861627696,97.24084320639189,0.144305445274226,post_record_exploration_or_reproduction,,supplement_completed_run,completed run retained for descriptive provenance,SIG-8e73325a83,1,true,wandb_export_2026-07-22T16_22_44.564-04_00.csv
WDB-0073,73,gblup_strong_leo_additive_dominance_mpc256_epc48_gxe_s1,finished,2026-07-10T17:01:11.000Z,2026-07-10T17:01:14.000Z,05555cbc9431b7f110cf2455ee26c1e1c1cd1eec,https://github.com/Jacobson-CompSysBio/GP-Transformer/tree/05555cbc9431b7f110cf2455ee26c1e1c1cd1eec,,classical_gblup_reaction_norm,,,1,,,,leo,,,,,,,,,,,,,0.15391304126168506,,,,,post_record_exploration_or_reproduction,,supplement_completed_run,completed run retained for descriptive provenance,SIG-9fea2abf96,1,true,wandb_export_2026-07-22T16_22_44.564-04_00.csv
WDB-0074,74,fulltf+strat+leo+parent+adddom+contre_econtr0.1t0.5_moeenc8e2k256h_shared256h_lb0.01_envpcc_8192gbs_0.0001lr_1e-05wd_3000epochs_200es_1gxe_4heads_256emb_0.15do__s1_j4967987,finished,2026-07-10T15:31:41.000Z,2026-07-10T16:57:10.000Z,05555cbc9431b7f110cf2455ee26c1e1c1cd1eec,https://github.com/Jacobson-CompSysBio/GP-Transformer/tree/05555cbc9431b7f110cf2455ee26c1e1c1cd1eec,,fulltf+strat+leo+parent+adddom+contre_econtr0.1t0.5_moeenc8e2k256h_shared256h_lb0.01_envpcc_8192gbs_0.0001lr_1e-05wd_3000epochs_200es_1gxe_4heads_256emb_0.15do,fulltf+strat+leo+parent+adddom+contre_econtr0.1t0.5_moeenc8e2k256h_shared256h_lb0.01_envpcc_8192gbs_0.0001lr_1e-05wd_3000epochs_200es_1gxe_4heads_256emb_0.15do,,,,envpcc,1.0,leo,val_loss/env_avg_pearson,8192,256,4,1,0.15,8,256,256,true,0.1,none,0.31037887930870056,0.2905770030796559,107.5917659679713,108.2425083193263,0.08453482957740265,post_record_exploration_or_reproduction,,supplement_completed_run,completed run retained for descriptive provenance,SIG-43607f798b,1,true,wandb_export_2026-07-22T16_22_44.564-04_00.csv
WDB-0075,75,fulltf+strat+leo+weatherenv_features47x15+contre_econtr0.1t0.5_moeenc8e2k256h_shared256h_lb0.01_envpcc_8192gbs_0.0001lr_1e-05wd_3000epochs_200es_1gxe_4heads_256emb_0.15do__s1_j4966418_weather-flat,crashed,2026-07-10T13:30:50.000Z,2026-07-10T15:28:02.000Z,05555cbc9431b7f110cf2455ee26c1e1c1cd1eec,https://github.com/Jacobson-CompSysBio/GP-Transformer/tree/05555cbc9431b7f110cf2455ee26c1e1c1cd1eec,,fulltf+strat+leo+weatherenv_features47x15+contre_econtr0.1t0.5_moeenc8e2k256h_shared256h_lb0.01_envpcc_8192gbs_0.0001lr_1e-05wd_3000epochs_200es_1gxe_4heads_256emb_0.15do,fulltf+strat+leo+weatherenv_features47x15+contre_econtr0.1t0.5_moeenc8e2k256h_shared256h_lb0.01_envpcc_8192gbs_0.0001lr_1e-05wd_3000epochs_200es_1gxe_4heads_256emb_0.15do,,,,envpcc,1.0,leo,val_loss/env_avg_pearson,8192,256,4,1,0.15,8,256,256,true,0.1,none,,,,,,post_record_exploration_or_reproduction,,not_analyzed_unsuccessful_run,run state was crashed,SIG-9f85e7b4ae,1,true,wandb_export_2026-07-22T16_22_44.564-04_00.csv
WDB-0076,76,fulltf+strat+leo+gcasca16+contre_econtr0.1t0.5_moeenc8e2k256h_shared256h_lb0.01_envpcc_8192gbs_0.0001lr_1e-05wd_3000epochs_200es_1gxe_4heads_256emb_0.15do__s1_j4966417_gcasca16,failed,2026-07-10T12:42:25.000Z,2026-07-10T13:27:51.000Z,05555cbc9431b7f110cf2455ee26c1e1c1cd1eec,https://github.com/Jacobson-CompSysBio/GP-Transformer/tree/05555cbc9431b7f110cf2455ee26c1e1c1cd1eec,,fulltf+strat+leo+gcasca16+contre_econtr0.1t0.5_moeenc8e2k256h_shared256h_lb0.01_envpcc_8192gbs_0.0001lr_1e-05wd_3000epochs_200es_1gxe_4heads_256emb_0.15do,fulltf+strat+leo+gcasca16+contre_econtr0.1t0.5_moeenc8e2k256h_shared256h_lb0.01_envpcc_8192gbs_0.0001lr_1e-05wd_3000epochs_200es_1gxe_4heads_256emb_0.15do,,,,envpcc,1.0,leo,val_loss/env_avg_pearson,8192,256,4,1,0.15,8,256,256,true,0.1,none,0.21395766735076904,0.1888508908361157,105.89770105511376,106.30615700682374,0.12715619547124085,post_record_exploration_or_reproduction,,not_analyzed_unsuccessful_run,run state was failed,SIG-1d4b4c130d,1,true,wandb_export_2026-07-22T16_22_44.564-04_00.csv
WDB-0077,77,gblup_leo_additive_mpc128_epc24_gxe_s1,failed,2026-07-10T03:20:08.000Z,2026-07-10T03:20:11.000Z,05555cbc9431b7f110cf2455ee26c1e1c1cd1eec,https://github.com/Jacobson-CompSysBio/GP-Transformer/tree/05555cbc9431b7f110cf2455ee26c1e1c1cd1eec,,classical_gblup_reaction_norm,,,1,,,,leo,,,,,,,,,,,,,0.026245928602425896,,,,,post_record_exploration_or_reproduction,,not_analyzed_unsuccessful_run,run state was failed,SIG-19cde922d0,1,true,wandb_export_2026-07-22T16_22_44.564-04_00.csv
WDB-0078,78,fulltf+strat+leo+tester16+contre_econtr0.1t0.5_moeenc8e2k256h_shared256h_lb0.01_envpcc_8192gbs_0.0001lr_1e-05wd_3000epochs_200es_1gxe_4heads_256emb_0.15do__s1_j4962905,crashed,2026-07-09T23:02:24.000Z,2026-07-10T02:59:36.000Z,5a424fa55d86ce249b46e63507ecd89ec81e31c4,https://github.com/Jacobson-CompSysBio/GP-Transformer/tree/5a424fa55d86ce249b46e63507ecd89ec81e31c4,,fulltf+strat+leo+tester16+contre_econtr0.1t0.5_moeenc8e2k256h_shared256h_lb0.01_envpcc_8192gbs_0.0001lr_1e-05wd_3000epochs_200es_1gxe_4heads_256emb_0.15do,fulltf+strat+leo+tester16+contre_econtr0.1t0.5_moeenc8e2k256h_shared256h_lb0.01_envpcc_8192gbs_0.0001lr_1e-05wd_3000epochs_200es_1gxe_4heads_256emb_0.15do,,,,envpcc,1.0,leo,val_loss/env_avg_pearson,8192,256,4,1,0.15,8,256,256,true,0.1,none,,,,,,post_record_exploration_or_reproduction,,not_analyzed_unsuccessful_run,run state was crashed,SIG-18f9bdac3f,1,true,wandb_export_2026-07-22T16_22_44.564-04_00.csv
WDB-0079,79,fulltf+strat+leo+affcal+loctok+contre_econtr0.1t0.5_moeenc8e2k256h_shared256h_lb0.01_envpcc_8192gbs_0.0001lr_1e-05wd_3000epochs_150es_1gxe_4heads_256emb_0.15do__s1_j4962827,finished,2026-07-09T16:32:53.000Z,2026-07-09T22:59:06.000Z,5a424fa55d86ce249b46e63507ecd89ec81e31c4,https://github.com/Jacobson-CompSysBio/GP-Transformer/tree/5a424fa55d86ce249b46e63507ecd89ec81e31c4,,fulltf+strat+leo+affcal+loctok+contre_econtr0.1t0.5_moeenc8e2k256h_shared256h_lb0.01_envpcc_8192gbs_0.0001lr_1e-05wd_3000epochs_150es_1gxe_4heads_256emb_0.15do,fulltf+strat+leo+affcal+loctok+contre_econtr0.1t0.5_moeenc8e2k256h_shared256h_lb0.01_envpcc_8192gbs_0.0001lr_1e-05wd_3000epochs_150es_1gxe_4heads_256emb_0.15do,,,,envpcc,1.0,leo,val_loss/env_avg_pearson,8192,256,4,1,0.15,8,256,256,true,0.1,env_affine,0.3412463366985321,0.3370042635637245,11.61217843286284,10.877710352795306,0.16451389833671176,future_data_or_tokenization_campaign,,future_work_not_analyzed,explicit tokenizer flag; reserved for future work,SIG-936a7bba21,1,true,wandb_export_2026-07-22T16_22_44.564-04_00.csv
WDB-0080,80,eval_fulltf+strat+leo+affcal+loctok+contre_econtr0.1t0.5_moeenc8e2k256h_shared256h_lb0.01_envpcc_8192gbs_0.0001lr_1e-05wd_3000epochs_200es_1gxe_4heads_256emb_0.15do__s1_j4960125,finished,2026-07-09T15:48:58.000Z,2026-07-09T15:49:38.000Z,bad8e3e04e2aed3daacc4f4f8b26ff280b9dc61f,https://github.com/Jacobson-CompSysBio/GP-Transformer/tree/bad8e3e04e2aed3daacc4f4f8b26ff280b9dc61f,,fulltf+strat+leo+affcal+loctok+contre_econtr0.1t0.5_moeenc8e2k256h_shared256h_lb0.01_envpcc_8192gbs_0.0001lr_1e-05wd_3000epochs_200es_1gxe_4heads_256emb_0.15do__s1_j4960125,fulltf+strat+leo+affcal+loctok+contre_econtr0.1t0.5_moeenc8e2k256h_shared256h_lb0.01_envpcc_8192gbs_0.0001lr_1e-05wd_3000epochs_200es_1gxe_4heads_256emb_0.15do,,,,,,,,,,,,,,,,,,,0.3240160048007965,0.3200248675144928,11.382909870584632,10.710912074323248,0.182456194610325,future_data_or_tokenization_campaign,,future_work_not_analyzed,run-name pattern: +loctok; reserved for future work,SIG-d39ab045da,1,true,wandb_export_2026-07-22T16_22_44.564-04_00.csv
WDB-0081,81,eval_fulltf+strat+leo+affcal+loctok+contre_econtr0.1t0.5_moeenc8e2k256h_shared256h_lb0.01_envpcc_8192gbs_0.0001lr_1e-05wd_3000epochs_200es_1gxe_4heads_256emb_0.15do__s1_j4960125,finished,2026-07-09T15:48:03.000Z,2026-07-09T15:48:39.000Z,bad8e3e04e2aed3daacc4f4f8b26ff280b9dc61f,https://github.com/Jacobson-CompSysBio/GP-Transformer/tree/bad8e3e04e2aed3daacc4f4f8b26ff280b9dc61f,,fulltf+strat+leo+affcal+loctok+contre_econtr0.1t0.5_moeenc8e2k256h_shared256h_lb0.01_envpcc_8192gbs_0.0001lr_1e-05wd_3000epochs_200es_1gxe_4heads_256emb_0.15do__s1_j4960125,fulltf+strat+leo+affcal+loctok+contre_econtr0.1t0.5_moeenc8e2k256h_shared256h_lb0.01_envpcc_8192gbs_0.0001lr_1e-05wd_3000epochs_200es_1gxe_4heads_256emb_0.15do,,,,,,,,,,,,,,,,,,,0.31835630536079407,0.3148391268274007,11.513654306185568,10.856281905494315,0.19300817498933545,future_data_or_tokenization_campaign,,future_work_not_analyzed,run-name pattern: +loctok; reserved for future work,SIG-63f9a09554,1,true,wandb_export_2026-07-22T16_22_44.564-04_00.csv
WDB-0082,82,eval_fulltf+strat+leo+loctok+contre_econtr0.1t0.5_moeenc8e2k256h_shared256h_lb0.01_envpcc_8192gbs_0.0001lr_1e-05wd_3000epochs_200es_1gxe_4heads_256emb_0.15do__s1_j4960124,finished,2026-07-09T15:46:58.000Z,2026-07-09T15:47:45.000Z,bad8e3e04e2aed3daacc4f4f8b26ff280b9dc61f,https://github.com/Jacobson-CompSysBio/GP-Transformer/tree/bad8e3e04e2aed3daacc4f4f8b26ff280b9dc61f,,fulltf+strat+leo+loctok+contre_econtr0.1t0.5_moeenc8e2k256h_shared256h_lb0.01_envpcc_8192gbs_0.0001lr_1e-05wd_3000epochs_200es_1gxe_4heads_256emb_0.15do__s1_j4960124,fulltf+strat+leo+loctok+contre_econtr0.1t0.5_moeenc8e2k256h_shared256h_lb0.01_envpcc_8192gbs_0.0001lr_1e-05wd_3000epochs_200es_1gxe_4heads_256emb_0.15do,,,,,,,,,,,,,,,,,,,0.3128349781036377,0.30945880401439785,102.3505786804275,102.25589251374927,0.18700857719956293,future_data_or_tokenization_campaign,,future_work_not_analyzed,run-name pattern: +loctok; reserved for future work,SIG-0a9bb43004,1,true,wandb_export_2026-07-22T16_22_44.564-04_00.csv
WDB-0083,83,fulltf+strat+leo+affcal+loctok+rxn16+contre_econtr0.1t0.5_moeenc8e2k256h_shared256h_lb0.01_envpcc_8192gbs_0.0001lr_1e-05wd_3000epochs_200es_1gxe_4heads_256emb_0.15do__s1_j4960127,finished,2026-07-09T09:58:43.000Z,2026-07-09T10:59:44.000Z,bad8e3e04e2aed3daacc4f4f8b26ff280b9dc61f,https://github.com/Jacobson-CompSysBio/GP-Transformer/tree/bad8e3e04e2aed3daacc4f4f8b26ff280b9dc61f,,fulltf+strat+leo+affcal+loctok+rxn16+contre_econtr0.1t0.5_moeenc8e2k256h_shared256h_lb0.01_envpcc_8192gbs_0.0001lr_1e-05wd_3000epochs_200es_1gxe_4heads_256emb_0.15do,fulltf+strat+leo+affcal+loctok+rxn16+contre_econtr0.1t0.5_moeenc8e2k256h_shared256h_lb0.01_envpcc_8192gbs_0.0001lr_1e-05wd_3000epochs_200es_1gxe_4heads_256emb_0.15do,,,,envpcc,1.0,leo,val_loss/env_avg_pearson,8192,256,4,1,0.15,8,256,256,true,0.1,env_affine,0.3545139729976654,0.3505537392117196,124.62605782964393,125.24986069459582,0.27034497734990787,future_data_or_tokenization_campaign,,future_work_not_analyzed,explicit tokenizer flag; reserved for future work,SIG-b4b902a983,1,true,wandb_export_2026-07-22T16_22_44.564-04_00.csv
WDB-0084,84,fulltf+strat+leo+affcal+rxn16+contre_econtr0.1t0.5_moeenc8e2k256h_shared256h_lb0.01_envpcc_8192gbs_0.0001lr_1e-05wd_3000epochs_200es_1gxe_4heads_256emb_0.15do__s1_j4960126,finished,2026-07-09T08:13:46.000Z,2026-07-09T09:55:51.000Z,bad8e3e04e2aed3daacc4f4f8b26ff280b9dc61f,https://github.com/Jacobson-CompSysBio/GP-Transformer/tree/bad8e3e04e2aed3daacc4f4f8b26ff280b9dc61f,,fulltf+strat+leo+affcal+rxn16+contre_econtr0.1t0.5_moeenc8e2k256h_shared256h_lb0.01_envpcc_8192gbs_0.0001lr_1e-05wd_3000epochs_200es_1gxe_4heads_256emb_0.15do,fulltf+strat+leo+affcal+rxn16+contre_econtr0.1t0.5_moeenc8e2k256h_shared256h_lb0.01_envpcc_8192gbs_0.0001lr_1e-05wd_3000epochs_200es_1gxe_4heads_256emb_0.15do,,,,envpcc,1.0,leo,val_loss/env_avg_pearson,8192,256,4,1,0.15,8,256,256,true,0.1,env_affine,0.27783283591270447,0.2697867693261559,118.42047694917532,119.0002982780946,-0.2020753281626574,post_record_exploration_or_reproduction,,supplement_completed_run,completed run retained for descriptive provenance,SIG-d82997941f,1,true,wandb_export_2026-07-22T16_22_44.564-04_00.csv
WDB-0085,85,fulltf+strat+leo+affcal+loctok+contre_econtr0.1t0.5_moeenc8e2k256h_shared256h_lb0.01_envpcc_8192gbs_0.0001lr_1e-05wd_3000epochs_200es_1gxe_4heads_256emb_0.15do__s1_j4960125,crashed,2026-07-09T04:13:25.000Z,2026-07-09T08:10:43.000Z,bad8e3e04e2aed3daacc4f4f8b26ff280b9dc61f,https://github.com/Jacobson-CompSysBio/GP-Transformer/tree/bad8e3e04e2aed3daacc4f4f8b26ff280b9dc61f,,fulltf+strat+leo+affcal+loctok+contre_econtr0.1t0.5_moeenc8e2k256h_shared256h_lb0.01_envpcc_8192gbs_0.0001lr_1e-05wd_3000epochs_200es_1gxe_4heads_256emb_0.15do,fulltf+strat+leo+affcal+loctok+contre_econtr0.1t0.5_moeenc8e2k256h_shared256h_lb0.01_envpcc_8192gbs_0.0001lr_1e-05wd_3000epochs_200es_1gxe_4heads_256emb_0.15do,,,,envpcc,1.0,leo,val_loss/env_avg_pearson,8192,256,4,1,0.15,8,256,256,true,0.1,env_affine,,,,,,future_data_or_tokenization_campaign,,future_work_not_analyzed,explicit tokenizer flag; reserved for future work,SIG-186d07b808,1,true,wandb_export_2026-07-22T16_22_44.564-04_00.csv
WDB-0086,86,fulltf+strat+leo+loctok+contre_econtr0.1t0.5_moeenc8e2k256h_shared256h_lb0.01_envpcc_8192gbs_0.0001lr_1e-05wd_3000epochs_200es_1gxe_4heads_256emb_0.15do__s1_j4960124,crashed,2026-07-09T00:12:57.000Z,2026-07-09T04:10:15.000Z,bad8e3e04e2aed3daacc4f4f8b26ff280b9dc61f,https://github.com/Jacobson-CompSysBio/GP-Transformer/tree/bad8e3e04e2aed3daacc4f4f8b26ff280b9dc61f,,fulltf+strat+leo+loctok+contre_econtr0.1t0.5_moeenc8e2k256h_shared256h_lb0.01_envpcc_8192gbs_0.0001lr_1e-05wd_3000epochs_200es_1gxe_4heads_256emb_0.15do,fulltf+strat+leo+loctok+contre_econtr0.1t0.5_moeenc8e2k256h_shared256h_lb0.01_envpcc_8192gbs_0.0001lr_1e-05wd_3000epochs_200es_1gxe_4heads_256emb_0.15do,,,,envpcc,1.0,leo,val_loss/env_avg_pearson,8192,256,4,1,0.15,8,256,256,true,0.1,none,,,,,,future_data_or_tokenization_campaign,,future_work_not_analyzed,explicit tokenizer flag; reserved for future work,SIG-916efaca89,1,true,wandb_export_2026-07-22T16_22_44.564-04_00.csv
WDB-0087,87,eval_fulltf+strat+leo+affcal+envtok+loctok+rxn16+contre_econtr0.1t0.5_moeenc8e2k256h_shared256h_lb0.01_envpcc_8192gbs_0.0001lr_1e-05wd_3000epochs_200es_1gxe_4heads_256emb_0.15do__s1_j4958959,finished,2026-07-08T23:34:18.000Z,2026-07-08T23:34:52.000Z,bad8e3e04e2aed3daacc4f4f8b26ff280b9dc61f,https://github.com/Jacobson-CompSysBio/GP-Transformer/tree/bad8e3e04e2aed3daacc4f4f8b26ff280b9dc61f,,fulltf+strat+leo+affcal+envtok+loctok+rxn16+contre_econtr0.1t0.5_moeenc8e2k256h_shared256h_lb0.01_envpcc_8192gbs_0.0001lr_1e-05wd_3000epochs_200es_1gxe_4heads_256emb_0.15do__s1_j4958959,fulltf+strat+leo+affcal+envtok+loctok+rxn16+contre_econtr0.1t0.5_moeenc8e2k256h_shared256h_lb0.01_envpcc_8192gbs_0.0001lr_1e-05wd_3000epochs_200es_1gxe_4heads_256emb_0.15do,,,,,,,,,,,,,,,,,,,0.3315512239933014,0.3132742742527543,8.542009136368003,7.805281496683526,0.3906898101292776,future_data_or_tokenization_campaign,,future_work_not_analyzed,run-name pattern: +envtok; reserved for future work,SIG-5d20709bb4,1,true,wandb_export_2026-07-22T16_22_44.564-04_00.csv
WDB-0088,88,eval_fulltf+strat+leo+affcal+rxn16+contre_econtr0.1t0.5_moeenc8e2k256h_shared256h_lb0.01_envpcc_8192gbs_0.0001lr_1e-05wd_3000epochs_200es_1gxe_4heads_256emb_0.15do__s1_j4958958,finished,2026-07-08T23:32:36.000Z,2026-07-08T23:33:09.000Z,bad8e3e04e2aed3daacc4f4f8b26ff280b9dc61f,https://github.com/Jacobson-CompSysBio/GP-Transformer/tree/bad8e3e04e2aed3daacc4f4f8b26ff280b9dc61f,,fulltf+strat+leo+affcal+rxn16+contre_econtr0.1t0.5_moeenc8e2k256h_shared256h_lb0.01_envpcc_8192gbs_0.0001lr_1e-05wd_3000epochs_200es_1gxe_4heads_256emb_0.15do__s1_j4958958,fulltf+strat+leo+affcal+rxn16+contre_econtr0.1t0.5_moeenc8e2k256h_shared256h_lb0.01_envpcc_8192gbs_0.0001lr_1e-05wd_3000epochs_200es_1gxe_4heads_256emb_0.15do,,,,,,,,,,,,,,,,,,,0.30591025948524475,0.28583558252028207,10.160135249474886,9.555042640529924,0.3352564634511016,post_record_exploration_or_reproduction,,supplement_completed_run,completed run retained for descriptive provenance,SIG-fa53a9f132,1,true,wandb_export_2026-07-22T16_22_44.564-04_00.csv
WDB-0089,89,eval_fulltf+strat+leo+affcal+rxn16+contre_econtr0.1t0.5_moeenc8e2k256h_shared256h_lb0.01_envpcc_8192gbs_0.0001lr_1e-05wd_3000epochs_200es_1gxe_4heads_256emb_0.15do__s1_j4958958,finished,2026-07-08T23:31:45.000Z,2026-07-08T23:32:18.000Z,bad8e3e04e2aed3daacc4f4f8b26ff280b9dc61f,https://github.com/Jacobson-CompSysBio/GP-Transformer/tree/bad8e3e04e2aed3daacc4f4f8b26ff280b9dc61f,,fulltf+strat+leo+affcal+rxn16+contre_econtr0.1t0.5_moeenc8e2k256h_shared256h_lb0.01_envpcc_8192gbs_0.0001lr_1e-05wd_3000epochs_200es_1gxe_4heads_256emb_0.15do__s1_j4958958,fulltf+strat+leo+affcal+rxn16+contre_econtr0.1t0.5_moeenc8e2k256h_shared256h_lb0.01_envpcc_8192gbs_0.0001lr_1e-05wd_3000epochs_200es_1gxe_4heads_256emb_0.15do,,,,,,,,,,,,,,,,,,,0.30632033944129944,0.28628390654197655,10.108774707088475,9.546332238121424,0.33191879381723177,post_record_exploration_or_reproduction,,supplement_completed_run,completed run retained for descriptive provenance,SIG-0609e6328a,1,true,wandb_export_2026-07-22T16_22_44.564-04_00.csv
WDB-0090,90,eval_fulltf+strat+leo+loctok+contre_econtr0.1t0.5_moeenc8e2k256h_shared256h_lb0.01_envpcc_8192gbs_0.0001lr_1e-05wd_3000epochs_200es_1gxe_4heads_256emb_0.15do__s1_j4958961,finished,2026-07-08T23:30:38.000Z,2026-07-08T23:31:27.000Z,bad8e3e04e2aed3daacc4f4f8b26ff280b9dc61f,https://github.com/Jacobson-CompSysBio/GP-Transformer/tree/bad8e3e04e2aed3daacc4f4f8b26ff280b9dc61f,,fulltf+strat+leo+loctok+contre_econtr0.1t0.5_moeenc8e2k256h_shared256h_lb0.01_envpcc_8192gbs_0.0001lr_1e-05wd_3000epochs_200es_1gxe_4heads_256emb_0.15do__s1_j4958961,fulltf+strat+leo+loctok+contre_econtr0.1t0.5_moeenc8e2k256h_shared256h_lb0.01_envpcc_8192gbs_0.0001lr_1e-05wd_3000epochs_200es_1gxe_4heads_256emb_0.15do,,,,,,,,,,,,,,,,,,,0.34172648191452026,0.3360713820683508,100.76684124177478,100.8492195280209,0.1618677233698221,future_data_or_tokenization_campaign,,future_work_not_analyzed,run-name pattern: +loctok; reserved for future work,SIG-af6fe30c8e,1,true,wandb_export_2026-07-22T16_22_44.564-04_00.csv
WDB-0091,91,fulltf+strat+leo+loctok+contre_econtr0.1t0.5_moeenc8e2k256h_shared256h_lb0.01_envpcc_8192gbs_0.0001lr_1e-05wd_3000epochs_200es_1gxe_4heads_256emb_0.15do__s1_j4958961,crashed,2026-07-08T20:28:46.000Z,2026-07-08T22:25:54.000Z,bad8e3e04e2aed3daacc4f4f8b26ff280b9dc61f,https://github.com/Jacobson-CompSysBio/GP-Transformer/tree/bad8e3e04e2aed3daacc4f4f8b26ff280b9dc61f,,fulltf+strat+leo+loctok+contre_econtr0.1t0.5_moeenc8e2k256h_shared256h_lb0.01_envpcc_8192gbs_0.0001lr_1e-05wd_3000epochs_200es_1gxe_4heads_256emb_0.15do,fulltf+strat+leo+loctok+contre_econtr0.1t0.5_moeenc8e2k256h_shared256h_lb0.01_envpcc_8192gbs_0.0001lr_1e-05wd_3000epochs_200es_1gxe_4heads_256emb_0.15do,,,,envpcc,1.0,leo,val_loss/env_avg_pearson,8192,256,4,1,0.15,8,256,256,true,0.1,none,,,,,,future_data_or_tokenization_campaign,,future_work_not_analyzed,explicit tokenizer flag; reserved for future work,SIG-525d0af006,1,true,wandb_export_2026-07-22T16_22_44.564-04_00.csv
WDB-0092,92,fulltf+strat+leo+affcal+rxn16+contre_econtr0.1t0.5_moeenc8e2k256h_shared256h_lb0.01_envpcc_8192gbs_0.0001lr_1e-05wd_3000epochs_200es_1gxe_4heads_256emb_0.15do__s1_j4958958,crashed,2026-07-08T20:26:37.000Z,2026-07-08T22:23:51.000Z,bad8e3e04e2aed3daacc4f4f8b26ff280b9dc61f,https://github.com/Jacobson-CompSysBio/GP-Transformer/tree/bad8e3e04e2aed3daacc4f4f8b26ff280b9dc61f,,fulltf+strat+leo+affcal+rxn16+contre_econtr0.1t0.5_moeenc8e2k256h_shared256h_lb0.01_envpcc_8192gbs_0.0001lr_1e-05wd_3000epochs_200es_1gxe_4heads_256emb_0.15do,fulltf+strat+leo+affcal+rxn16+contre_econtr0.1t0.5_moeenc8e2k256h_shared256h_lb0.01_envpcc_8192gbs_0.0001lr_1e-05wd_3000epochs_200es_1gxe_4heads_256emb_0.15do,,,,envpcc,1.0,leo,val_loss/env_avg_pearson,8192,256,4,1,0.15,8,256,256,true,0.1,env_affine,,,,,,post_record_exploration_or_reproduction,,not_analyzed_unsuccessful_run,run state was crashed,SIG-233cd06618,1,true,wandb_export_2026-07-22T16_22_44.564-04_00.csv
WDB-0093,93,fulltf+strat+leo+affcal+envtok+loctok+rxn16+contre_econtr0.1t0.5_moeenc8e2k256h_shared256h_lb0.01_envpcc_8192gbs_0.0001lr_1e-05wd_3000epochs_200es_1gxe_4heads_256emb_0.15do__s1_j4958959,finished,2026-07-08T20:28:45.000Z,2026-07-08T21:41:13.000Z,bad8e3e04e2aed3daacc4f4f8b26ff280b9dc61f,https://github.com/Jacobson-CompSysBio/GP-Transformer/tree/bad8e3e04e2aed3daacc4f4f8b26ff280b9dc61f,,fulltf+strat+leo+affcal+envtok+loctok+rxn16+contre_econtr0.1t0.5_moeenc8e2k256h_shared256h_lb0.01_envpcc_8192gbs_0.0001lr_1e-05wd_3000epochs_200es_1gxe_4heads_256emb_0.15do,fulltf+strat+leo+affcal+envtok+loctok+rxn16+contre_econtr0.1t0.5_moeenc8e2k256h_shared256h_lb0.01_envpcc_8192gbs_0.0001lr_1e-05wd_3000epochs_200es_1gxe_4heads_256emb_0.15do,,,,envpcc,1.0,leo,val_loss/env_avg_pearson,8192,256,4,1,0.15,8,256,256,true,0.1,env_affine,0.3330128490924835,0.31412437501796675,8.891008735603892,8.119450662463942,0.35908752683734874,future_data_or_tokenization_campaign,,future_work_not_analyzed,explicit tokenizer flag; reserved for future work,SIG-b687f89717,1,true,wandb_export_2026-07-22T16_22_44.564-04_00.csv
WDB-0094,94,fulltf+strat+leo+envtok+contre_econtr0.1t0.5_moeenc8e2k256h_shared256h_lb0.01_envpcc_8192gbs_0.0001lr_1e-05wd_3000epochs_200es_1gxe_4heads_256emb_0.15do__s1_j4958960,finished,2026-07-08T20:28:45.000Z,2026-07-08T21:19:20.000Z,bad8e3e04e2aed3daacc4f4f8b26ff280b9dc61f,https://github.com/Jacobson-CompSysBio/GP-Transformer/tree/bad8e3e04e2aed3daacc4f4f8b26ff280b9dc61f,,fulltf+strat+leo+envtok+contre_econtr0.1t0.5_moeenc8e2k256h_shared256h_lb0.01_envpcc_8192gbs_0.0001lr_1e-05wd_3000epochs_200es_1gxe_4heads_256emb_0.15do,fulltf+strat+leo+envtok+contre_econtr0.1t0.5_moeenc8e2k256h_shared256h_lb0.01_envpcc_8192gbs_0.0001lr_1e-05wd_3000epochs_200es_1gxe_4heads_256emb_0.15do,,,,envpcc,1.0,leo,val_loss/env_avg_pearson,8192,256,4,1,0.15,8,256,256,true,0.1,none,0.37770572304725647,0.38177328958095474,98.87649074834798,99.45042004061568,0.1701173833713876,future_data_or_tokenization_campaign,,future_work_not_analyzed,explicit tokenizer flag; reserved for future work,SIG-0a24aef505,1,true,wandb_export_2026-07-22T16_22_44.564-04_00.csv
WDB-0095,95,fulltf+strat+leo+affcal+envtok+loctok+rxn16+contre_econtr0.1t0.5_moeenc8e2k256h_shared256h_lb0.01_envpcc_2048gbs_0.0001lr_1e-05wd_3000epochs_200es_1gxe_4heads_256emb_0.15do__s1_j4958947,finished,2026-07-08T18:59:36.000Z,2026-07-08T18:59:51.000Z,bad8e3e04e2aed3daacc4f4f8b26ff280b9dc61f,https://github.com/Jacobson-CompSysBio/GP-Transformer/tree/bad8e3e04e2aed3daacc4f4f8b26ff280b9dc61f,,fulltf+strat+leo+affcal+envtok+loctok+rxn16+contre_econtr0.1t0.5_moeenc8e2k256h_shared256h_lb0.01_envpcc_2048gbs_0.0001lr_1e-05wd_3000epochs_200es_1gxe_4heads_256emb_0.15do,fulltf+strat+leo+affcal+envtok+loctok+rxn16+contre_econtr0.1t0.5_moeenc8e2k256h_shared256h_lb0.01_envpcc_2048gbs_0.0001lr_1e-05wd_3000epochs_200es_1gxe_4heads_256emb_0.15do,,,,envpcc,1.0,leo,val_loss/env_avg_pearson,2048,256,4,1,0.15,8,256,256,true,0.1,env_affine,,,,,,future_data_or_tokenization_campaign,,future_work_not_analyzed,explicit tokenizer flag; reserved for future work,SIG-00c458099a,1,true,wandb_export_2026-07-22T16_22_44.564-04_00.csv
WDB-0096,96,fulltf+strat+lygo2022+affcal+contre_econtr0.1t0.5_moeenc8e2k256h_shared256h_lb0.01_envpcc_8192gbs_0.0001lr_1e-05wd_3000epochs_200es_1gxe_4heads_256emb_0.15do__s1_j4950738,finished,2026-07-07T03:40:13.000Z,2026-07-07T04:08:09.000Z,bad8e3e04e2aed3daacc4f4f8b26ff280b9dc61f,https://github.com/Jacobson-CompSysBio/GP-Transformer/tree/bad8e3e04e2aed3daacc4f4f8b26ff280b9dc61f,,fulltf+strat+lygo2022+affcal+contre_econtr0.1t0.5_moeenc8e2k256h_shared256h_lb0.01_envpcc_8192gbs_0.0001lr_1e-05wd_3000epochs_200es_1gxe_4heads_256emb_0.15do,fulltf+strat+lygo2022+affcal+contre_econtr0.1t0.5_moeenc8e2k256h_shared256h_lb0.01_envpcc_8192gbs_0.0001lr_1e-05wd_3000epochs_200es_1gxe_4heads_256emb_0.15do,,,,envpcc,1.0,lygo,val_loss/env_avg_pearson,8192,256,4,1,0.15,8,256,256,true,0.1,env_affine,,,,,,post_record_exploration_or_reproduction,,not_analyzed_no_test_metric,no finite test macro environment PCC or MSE was exported,SIG-af8e2c580c,1,true,wandb_export_2026-07-22T16_22_44.564-04_00.csv
WDB-0097,97,fulltf+strat+lygo2020+affcal+contre_econtr0.1t0.5_moeenc8e2k256h_shared256h_lb0.01_envpcc_8192gbs_0.0001lr_1e-05wd_3000epochs_200es_1gxe_4heads_256emb_0.15do__s1_j4950737,finished,2026-07-07T03:40:08.000Z,2026-07-07T04:00:42.000Z,bad8e3e04e2aed3daacc4f4f8b26ff280b9dc61f,https://github.com/Jacobson-CompSysBio/GP-Transformer/tree/bad8e3e04e2aed3daacc4f4f8b26ff280b9dc61f,,fulltf+strat+lygo2020+affcal+contre_econtr0.1t0.5_moeenc8e2k256h_shared256h_lb0.01_envpcc_8192gbs_0.0001lr_1e-05wd_3000epochs_200es_1gxe_4heads_256emb_0.15do,fulltf+strat+lygo2020+affcal+contre_econtr0.1t0.5_moeenc8e2k256h_shared256h_lb0.01_envpcc_8192gbs_0.0001lr_1e-05wd_3000epochs_200es_1gxe_4heads_256emb_0.15do,,,,envpcc,1.0,lygo,val_loss/env_avg_pearson,8192,256,4,1,0.15,8,256,256,true,0.1,env_affine,,,,,,post_record_exploration_or_reproduction,,not_analyzed_no_test_metric,no finite test macro environment PCC or MSE was exported,SIG-7192428a90,1,true,wandb_export_2026-07-22T16_22_44.564-04_00.csv
WDB-0098,98,fulltf+strat+lygo2019+affcal+contre_econtr0.1t0.5_moeenc8e2k256h_shared256h_lb0.01_envpcc_8192gbs_0.0001lr_1e-05wd_3000epochs_200es_1gxe_4heads_256emb_0.15do__s1_j4950736,finished,2026-07-07T03:15:45.000Z,2026-07-07T03:46:49.000Z,bad8e3e04e2aed3daacc4f4f8b26ff280b9dc61f,https://github.com/Jacobson-CompSysBio/GP-Transformer/tree/bad8e3e04e2aed3daacc4f4f8b26ff280b9dc61f,,fulltf+strat+lygo2019+affcal+contre_econtr0.1t0.5_moeenc8e2k256h_shared256h_lb0.01_envpcc_8192gbs_0.0001lr_1e-05wd_3000epochs_200es_1gxe_4heads_256emb_0.15do,fulltf+strat+lygo2019+affcal+contre_econtr0.1t0.5_moeenc8e2k256h_shared256h_lb0.01_envpcc_8192gbs_0.0001lr_1e-05wd_3000epochs_200es_1gxe_4heads_256emb_0.15do,,,,envpcc,1.0,lygo,val_loss/env_avg_pearson,8192,256,4,1,0.15,8,256,256,true,0.1,env_affine,,,,,,post_record_exploration_or_reproduction,,not_analyzed_no_test_metric,no finite test macro environment PCC or MSE was exported,SIG-a5dcebb9db,1,true,wandb_export_2026-07-22T16_22_44.564-04_00.csv
WDB-0099,99,fulltf+strat+leo+affcal+grm_moeenc8e2k256h_shared256h_lb0.01_envpcc_2048gbs_0.0001lr_1e-05wd_1epochs_1es_1gxe_4heads_256emb_0.15do__s1_j4573322,finished,2026-05-12T23:53:49.000Z,2026-05-12T23:54:51.000Z,5bdf0b11da5547c2fd558fb04ea20a5404c6dc5e,https://github.com/Jacobson-CompSysBio/GP-Transformer/tree/5bdf0b11da5547c2fd558fb04ea20a5404c6dc5e,,fulltf+strat+leo+affcal+grm_moeenc8e2k256h_shared256h_lb0.01_envpcc_2048gbs_0.0001lr_1e-05wd_1epochs_1es_1gxe_4heads_256emb_0.15do,fulltf+strat+leo+affcal+grm_moeenc8e2k256h_shared256h_lb0.01_envpcc_2048gbs_0.0001lr_1e-05wd_1epochs_1es_1gxe_4heads_256emb_0.15do,,,,envpcc,1.0,leo,val_loss/env_avg_pearson,2048,256,4,1,0.15,8,256,256,false,,env_affine,0.09747574478387833,0.07084239179931381,131.58234193705445,132.2459822639397,0.00946045438778948,study_record_development,,supplement_completed_run,completed run retained for descriptive provenance,SIG-1422bb7632,1,true,wandb_export_2026-07-22T16_22_44.564-04_00.csv
WDB-0100,100,fulltf+strat+leo+affcal+grm_moeenc8e2k256h_shared256h_lb0.01_envpcc_2048gbs_0.0001lr_1e-05wd_1epochs_1es_1gxe_4heads_256emb_0.15do__s1_j4573283,finished,2026-05-12T23:42:46.000Z,2026-05-12T23:43:47.000Z,5bdf0b11da5547c2fd558fb04ea20a5404c6dc5e,https://github.com/Jacobson-CompSysBio/GP-Transformer/tree/5bdf0b11da5547c2fd558fb04ea20a5404c6dc5e,,fulltf+strat+leo+affcal+grm_moeenc8e2k256h_shared256h_lb0.01_envpcc_2048gbs_0.0001lr_1e-05wd_1epochs_1es_1gxe_4heads_256emb_0.15do,fulltf+strat+leo+affcal+grm_moeenc8e2k256h_shared256h_lb0.01_envpcc_2048gbs_0.0001lr_1e-05wd_1epochs_1es_1gxe_4heads_256emb_0.15do,,,,envpcc,1.0,leo,val_loss/env_avg_pearson,2048,256,4,1,0.15,8,256,256,false,,env_affine,0.09747574478387833,0.07084239179931381,131.58234193705445,132.2459822639397,0.00946045438778948,study_record_development,,supplement_completed_run,completed run retained for descriptive provenance,SIG-3d0e568034,1,true,wandb_export_2026-07-22T16_22_44.564-04_00.csv
WDB-0101,101,fulltf+strat+leo+affcal+grm_moeenc8e2k256h_shared256h_lb0.01_envpcc_2048gbs_0.0001lr_1e-05wd_1epochs_1es_1gxe_4heads_256emb_0.15do__s1_j4573260,finished,2026-05-12T23:33:58.000Z,2026-05-12T23:35:00.000Z,5bdf0b11da5547c2fd558fb04ea20a5404c6dc5e,https://github.com/Jacobson-CompSysBio/GP-Transformer/tree/5bdf0b11da5547c2fd558fb04ea20a5404c6dc5e,,fulltf+strat+leo+affcal+grm_moeenc8e2k256h_shared256h_lb0.01_envpcc_2048gbs_0.0001lr_1e-05wd_1epochs_1es_1gxe_4heads_256emb_0.15do,fulltf+strat+leo+affcal+grm_moeenc8e2k256h_shared256h_lb0.01_envpcc_2048gbs_0.0001lr_1e-05wd_1epochs_1es_1gxe_4heads_256emb_0.15do,,,,envpcc,1.0,leo,val_loss/env_avg_pearson,2048,256,4,1,0.15,8,256,256,false,,env_affine,0.09747574478387833,0.07084239179931381,131.58234193705445,132.2459822639397,0.00946045438778948,study_record_development,,supplement_completed_run,completed run retained for descriptive provenance,SIG-d567efde22,1,true,wandb_export_2026-07-22T16_22_44.564-04_00.csv
WDB-0102,102,fulltf+strat+leo+affcal+grm_moeenc8e2k256h_shared256h_lb0.01_envpcc_2048gbs_0.0001lr_1e-05wd_1epochs_3es_1gxe_4heads_256emb_0.15do__s1_j4573246,finished,2026-05-12T23:30:05.000Z,2026-05-12T23:31:33.000Z,5bdf0b11da5547c2fd558fb04ea20a5404c6dc5e,https://github.com/Jacobson-CompSysBio/GP-Transformer/tree/5bdf0b11da5547c2fd558fb04ea20a5404c6dc5e,,fulltf+strat+leo+affcal+grm_moeenc8e2k256h_shared256h_lb0.01_envpcc_2048gbs_0.0001lr_1e-05wd_1epochs_3es_1gxe_4heads_256emb_0.15do,fulltf+strat+leo+affcal+grm_moeenc8e2k256h_shared256h_lb0.01_envpcc_2048gbs_0.0001lr_1e-05wd_1epochs_3es_1gxe_4heads_256emb_0.15do,,,,envpcc,1.0,leo,val_loss/env_avg_pearson,2048,256,4,1,0.15,8,256,256,false,,env_affine,0.18962283432483673,0.16502601579201703,131.25564296017288,131.91720450401615,0.12814412727067695,study_record_development,,supplement_completed_run,completed run retained for descriptive provenance,SIG-a92e61ba14,1,true,wandb_export_2026-07-22T16_22_44.564-04_00.csv
WDB-0103,103,fulltf+strat+leo+contre+grm_econtr0.1t0.5_moeenc8e2k256h_shared256h_lb0.01_envpcc_2048gbs_0.0001lr_1e-05wd_1epochs_3es_1gxe_4heads_256emb_0.15do__s1_j4573232,finished,2026-05-12T23:24:39.000Z,2026-05-12T23:26:09.000Z,5bdf0b11da5547c2fd558fb04ea20a5404c6dc5e,https://github.com/Jacobson-CompSysBio/GP-Transformer/tree/5bdf0b11da5547c2fd558fb04ea20a5404c6dc5e,,fulltf+strat+leo+contre+grm_econtr0.1t0.5_moeenc8e2k256h_shared256h_lb0.01_envpcc_2048gbs_0.0001lr_1e-05wd_1epochs_3es_1gxe_4heads_256emb_0.15do,fulltf+strat+leo+contre+grm_econtr0.1t0.5_moeenc8e2k256h_shared256h_lb0.01_envpcc_2048gbs_0.0001lr_1e-05wd_1epochs_3es_1gxe_4heads_256emb_0.15do,,,,envpcc,1.0,leo,val_loss/env_avg_pearson,2048,256,4,1,0.15,8,256,256,true,0.1,none,0.18961308896541595,0.16501596633697344,131.26093020418833,131.92251758036187,0.12821026446750147,study_record_development,,supplement_completed_run,completed run retained for descriptive provenance,SIG-dad944243e,1,true,wandb_export_2026-07-22T16_22_44.564-04_00.csv
WDB-0104,104,fulltf+strat+leo+contrg+grm_gcontr0.1grm-mse_moeenc16e4k256h_shared256h_lb0.01_envpcc_2048gbs_0.0001lr_1e-05wd_1epochs_50es_2gxe_4heads_256emb_0.15do__s1_j4572631,finished,2026-05-12T20:36:52.000Z,2026-05-12T20:39:16.000Z,5bdf0b11da5547c2fd558fb04ea20a5404c6dc5e,https://github.com/Jacobson-CompSysBio/GP-Transformer/tree/5bdf0b11da5547c2fd558fb04ea20a5404c6dc5e,,fulltf+strat+leo+contrg+grm_gcontr0.1grm-mse_moeenc16e4k256h_shared256h_lb0.01_envpcc_2048gbs_0.0001lr_1e-05wd_1epochs_50es_2gxe_4heads_256emb_0.15do,fulltf+strat+leo+contrg+grm_gcontr0.1grm-mse_moeenc16e4k256h_shared256h_lb0.01_envpcc_2048gbs_0.0001lr_1e-05wd_1epochs_50es_2gxe_4heads_256emb_0.15do,,,,envpcc,1.0,leo,val_loss/env_avg_pearson,2048,256,4,2,0.15,16,256,256,false,,none,0.1841168850660324,0.15943209154101626,123.52706470048165,124.14405923746696,0.1282623540190991,study_record_development,,supplement_completed_run,completed run retained for descriptive provenance,SIG-3a433926a6,1,true,wandb_export_2026-07-22T16_22_44.564-04_00.csv
WDB-0105,105,fulltf+strat+leo+affcal+contre_econtr0.1t0.5_moeenc8e2k256h_shared256h_lb0.01_envpcc_8192gbs_0.0001lr_1e-05wd_3000epochs_200es_1gxe_4heads_256emb_0.15do__s1_j4244833_ft_leo_envccc005_h02_latecal_s1,finished,2026-03-25T12:45:01.000Z,2026-03-25T13:39:02.000Z,01c1b1eeca314f8acf603c8fa07b686d66005641,https://github.com/Jacobson-CompSysBio/GP-Transformer/tree/01c1b1eeca314f8acf603c8fa07b686d66005641,,fulltf+strat+leo+affcal+contre_econtr0.1t0.5_moeenc8e2k256h_shared256h_lb0.01_envpcc_8192gbs_0.0001lr_1e-05wd_3000epochs_200es_1gxe_4heads_256emb_0.15do,fulltf+strat+leo+affcal+contre_econtr0.1t0.5_moeenc8e2k256h_shared256h_lb0.01_envpcc_8192gbs_0.0001lr_1e-05wd_3000epochs_200es_1gxe_4heads_256emb_0.15do,1,1,1,envpcc,1.0,leo,val_loss/env_avg_pearson,8192,256,4,1,0.15,8,256,256,true,0.1,env_affine,0.4190261662006378,0.4259462330328858,105.4558348621053,106.03669067773276,0.14576606100418243,study_record_development,,supplement_completed_run,completed run retained for descriptive provenance,SIG-3a3ee30dee,1,true,wandb_export_2026-07-22T16_22_44.564-04_00.csv
WDB-0106,106,fulltf+strat+leo+affcal+contre_econtr0.1t0.5_moeenc8e2k256h_shared256h_lb0.01_envpcc_8192gbs_0.0001lr_1e-05wd_3000epochs_200es_1gxe_4heads_256emb_0.15do__s1_j4244832_ft_leo_envccc005_h02_frozencal_s1,finished,2026-03-25T11:34:15.000Z,2026-03-25T12:29:04.000Z,01c1b1eeca314f8acf603c8fa07b686d66005641,https://github.com/Jacobson-CompSysBio/GP-Transformer/tree/01c1b1eeca314f8acf603c8fa07b686d66005641,,fulltf+strat+leo+affcal+contre_econtr0.1t0.5_moeenc8e2k256h_shared256h_lb0.01_envpcc_8192gbs_0.0001lr_1e-05wd_3000epochs_200es_1gxe_4heads_256emb_0.15do,fulltf+strat+leo+affcal+contre_econtr0.1t0.5_moeenc8e2k256h_shared256h_lb0.01_envpcc_8192gbs_0.0001lr_1e-05wd_3000epochs_200es_1gxe_4heads_256emb_0.15do,1,1,1,envpcc,1.0,leo,val_loss/env_avg_pearson,8192,256,4,1,0.15,8,256,256,true,0.1,env_affine,0.4187468290328979,0.4256048026947826,105.8480620149291,106.43215556410446,0.14591596834820594,study_record_development,,supplement_completed_run,completed run retained for descriptive provenance,SIG-f2b5080325,1,true,wandb_export_2026-07-22T16_22_44.564-04_00.csv
WDB-0107,107,fulltf+strat+leo+affcal+contre_econtr0.1t0.5_moeenc8e2k256h_shared256h_lb0.01_envpcc_8192gbs_0.0001lr_1e-05wd_3000epochs_200es_1gxe_4heads_256emb_0.15do__s2_split1_j4244831_ft_leo_envccc010_h01_s2,finished,2026-03-25T04:09:28.000Z,2026-03-25T11:31:20.000Z,01c1b1eeca314f8acf603c8fa07b686d66005641,https://github.com/Jacobson-CompSysBio/GP-Transformer/tree/01c1b1eeca314f8acf603c8fa07b686d66005641,,fulltf+strat+leo+affcal+contre_econtr0.1t0.5_moeenc8e2k256h_shared256h_lb0.01_envpcc_8192gbs_0.0001lr_1e-05wd_3000epochs_200es_1gxe_4heads_256emb_0.15do,fulltf+strat+leo+affcal+contre_econtr0.1t0.5_moeenc8e2k256h_shared256h_lb0.01_envpcc_8192gbs_0.0001lr_1e-05wd_3000epochs_200es_1gxe_4heads_256emb_0.15do,2,1,1,envpcc,1.0,leo,val_loss/env_avg_pearson,8192,256,4,1,0.15,8,256,256,true,0.1,env_affine,0.374487966299057,0.3749631003917281,14.884400785497071,14.12401533708844,0.027363928303472916,study_record_development,,supplement_completed_run,completed run retained for descriptive provenance,SIG-2fa059f390,1,true,wandb_export_2026-07-22T16_22_44.564-04_00.csv
WDB-0108,108,fulltf+strat+leo+affcal+contre_econtr0.1t0.5_moeenc8e2k256h_shared256h_lb0.01_envpcc_8192gbs_0.0001lr_1e-05wd_3000epochs_200es_1gxe_4heads_256emb_0.15do__s2_split1_j4244830_ft_leo_envccc005_h02_s2,finished,2026-03-24T20:38:07.000Z,2026-03-25T04:05:28.000Z,01c1b1eeca314f8acf603c8fa07b686d66005641,https://github.com/Jacobson-CompSysBio/GP-Transformer/tree/01c1b1eeca314f8acf603c8fa07b686d66005641,,fulltf+strat+leo+affcal+contre_econtr0.1t0.5_moeenc8e2k256h_shared256h_lb0.01_envpcc_8192gbs_0.0001lr_1e-05wd_3000epochs_200es_1gxe_4heads_256emb_0.15do,fulltf+strat+leo+affcal+contre_econtr0.1t0.5_moeenc8e2k256h_shared256h_lb0.01_envpcc_8192gbs_0.0001lr_1e-05wd_3000epochs_200es_1gxe_4heads_256emb_0.15do,2,1,1,envpcc,1.0,leo,val_loss/env_avg_pearson,8192,256,4,1,0.15,8,256,256,true,0.1,env_affine,0.3752531111240387,0.3754016874996156,13.354754900295466,12.77289740273851,0.01382404702692674,study_record_development,,supplement_completed_run,completed run retained for descriptive provenance,SIG-3423222944,1,true,wandb_export_2026-07-22T16_22_44.564-04_00.csv
WDB-0109,109,fulltf+strat+leo+affcal+contre_econtr0.1t0.5_moeenc8e2k256h_shared256h_lb0.01_envpcc_8192gbs_0.0001lr_1e-05wd_3000epochs_200es_1gxe_4heads_256emb_0.15do__s1_j4239399_batch1-envccc005,finished,2026-03-23T20:39:25.000Z,2026-03-23T21:33:43.000Z,01c1b1eeca314f8acf603c8fa07b686d66005641,https://github.com/Jacobson-CompSysBio/GP-Transformer/tree/01c1b1eeca314f8acf603c8fa07b686d66005641,,fulltf+strat+leo+affcal+contre_econtr0.1t0.5_moeenc8e2k256h_shared256h_lb0.01_envpcc_8192gbs_0.0001lr_1e-05wd_3000epochs_200es_1gxe_4heads_256emb_0.15do,fulltf+strat+leo+affcal+contre_econtr0.1t0.5_moeenc8e2k256h_shared256h_lb0.01_envpcc_8192gbs_0.0001lr_1e-05wd_3000epochs_200es_1gxe_4heads_256emb_0.15do,1,1,1,envpcc,1.0,leo,val_loss/env_avg_pearson,8192,256,4,1,0.15,8,256,256,true,0.1,env_affine,0.4231819808483124,0.4290304118514015,55.433521470526586,55.453513259210254,0.1521916483652186,study_record_development,,supplement_completed_run,completed run retained for descriptive provenance,SIG-3511c47599,1,true,wandb_export_2026-07-22T16_22_44.564-04_00.csv
WDB-0110,110,fulltf+strat+leo+affcal+contre_econtr0.1t0.5_moeenc8e2k256h_shared256h_lb0.01_envpcc_8192gbs_0.0001lr_1e-05wd_3000epochs_200es_1gxe_4heads_256emb_0.15do__s1_j4239398_batch1-huber005,finished,2026-03-23T19:42:19.000Z,2026-03-23T20:36:32.000Z,01c1b1eeca314f8acf603c8fa07b686d66005641,https://github.com/Jacobson-CompSysBio/GP-Transformer/tree/01c1b1eeca314f8acf603c8fa07b686d66005641,,fulltf+strat+leo+affcal+contre_econtr0.1t0.5_moeenc8e2k256h_shared256h_lb0.01_envpcc_8192gbs_0.0001lr_1e-05wd_3000epochs_200es_1gxe_4heads_256emb_0.15do,fulltf+strat+leo+affcal+contre_econtr0.1t0.5_moeenc8e2k256h_shared256h_lb0.01_envpcc_8192gbs_0.0001lr_1e-05wd_3000epochs_200es_1gxe_4heads_256emb_0.15do,1,1,1,envpcc,1.0,leo,val_loss/env_avg_pearson,8192,256,4,1,0.15,8,256,256,true,0.1,env_affine,0.42308712005615234,0.42889912231907096,56.09947677355319,56.12837392032931,0.15233082289902883,study_record_development,,supplement_completed_run,completed run retained for descriptive provenance,SIG-d806c24605,1,true,wandb_export_2026-07-22T16_22_44.564-04_00.csv
WDB-0111,111,fulltf+strat+leo+affcal+contre_econtr0.1t0.5_moeenc8e2k256h_shared256h_lb0.01_envpcc_8192gbs_0.0001lr_1e-05wd_3000epochs_200es_1gxe_4heads_256emb_0.15do__s1_j4239397_batch1-huber001,finished,2026-03-23T18:45:30.000Z,2026-03-23T19:39:32.000Z,01c1b1eeca314f8acf603c8fa07b686d66005641,https://github.com/Jacobson-CompSysBio/GP-Transformer/tree/01c1b1eeca314f8acf603c8fa07b686d66005641,,fulltf+strat+leo+affcal+contre_econtr0.1t0.5_moeenc8e2k256h_shared256h_lb0.01_envpcc_8192gbs_0.0001lr_1e-05wd_3000epochs_200es_1gxe_4heads_256emb_0.15do,fulltf+strat+leo+affcal+contre_econtr0.1t0.5_moeenc8e2k256h_shared256h_lb0.01_envpcc_8192gbs_0.0001lr_1e-05wd_3000epochs_200es_1gxe_4heads_256emb_0.15do,1,1,1,envpcc,1.0,leo,val_loss/env_avg_pearson,8192,256,4,1,0.15,8,256,256,true,0.1,env_affine,0.42318224906921387,0.4290359190152882,55.43730975439643,55.457068363438715,0.15215635650696158,study_record_development,,supplement_completed_run,completed run retained for descriptive provenance,SIG-e1a12adf2f,1,true,wandb_export_2026-07-22T16_22_44.564-04_00.csv
WDB-0112,112,fulltf+strat+leo+affcal+contre_econtr0.1t0.5_moeenc8e2k256h_shared256h_lb0.01_envpcc_8192gbs_0.0001lr_1e-05wd_3000epochs_200es_1gxe_4heads_256emb_0.15do__s1_j4239396_batch1-control,finished,2026-03-23T17:49:44.000Z,2026-03-23T18:43:11.000Z,01c1b1eeca314f8acf603c8fa07b686d66005641,https://github.com/Jacobson-CompSysBio/GP-Transformer/tree/01c1b1eeca314f8acf603c8fa07b686d66005641,,fulltf+strat+leo+affcal+contre_econtr0.1t0.5_moeenc8e2k256h_shared256h_lb0.01_envpcc_8192gbs_0.0001lr_1e-05wd_3000epochs_200es_1gxe_4heads_256emb_0.15do,fulltf+strat+leo+affcal+contre_econtr0.1t0.5_moeenc8e2k256h_shared256h_lb0.01_envpcc_8192gbs_0.0001lr_1e-05wd_3000epochs_200es_1gxe_4heads_256emb_0.15do,1,1,1,envpcc,1.0,leo,val_loss/env_avg_pearson,8192,256,4,1,0.15,8,256,256,true,0.1,env_affine,0.4186388850212097,0.4254360194847736,101.30106052405893,101.84906726341374,0.1457374746367355,study_record_development,,supplement_completed_run,completed run retained for descriptive provenance,SIG-90bf14cb80,1,true,wandb_export_2026-07-22T16_22_44.564-04_00.csv
WDB-0113,113,fulltf+strat+leo+hybval+affcal+contre_econtr0.1t0.5_moeenc8e2k256h_shared256h_lb0.01_envpcc_8192gbs_0.0001lr_1e-05wd_3000epochs_200es_1gxe_4heads_256emb_0.15do__s1_j4239400_batch2-proxy020,finished,2026-03-23T16:26:17.000Z,2026-03-23T17:35:40.000Z,01c1b1eeca314f8acf603c8fa07b686d66005641,https://github.com/Jacobson-CompSysBio/GP-Transformer/tree/01c1b1eeca314f8acf603c8fa07b686d66005641,,fulltf+strat+leo+hybval+affcal+contre_econtr0.1t0.5_moeenc8e2k256h_shared256h_lb0.01_envpcc_8192gbs_0.0001lr_1e-05wd_3000epochs_200es_1gxe_4heads_256emb_0.15do,fulltf+strat+leo+hybval+affcal+contre_econtr0.1t0.5_moeenc8e2k256h_shared256h_lb0.01_envpcc_8192gbs_0.0001lr_1e-05wd_3000epochs_200es_1gxe_4heads_256emb_0.15do,1,1,1,envpcc,1.0,hybrid_combo,val_loss/leo_env_pcc,8192,256,4,1,0.15,8,256,256,true,0.1,env_affine,0.4116969108581543,0.4203121459582404,12.497025199623936,11.439376344403298,0.09609830679364696,study_record_development,,supplement_completed_run,completed run retained for descriptive provenance,SIG-9142b804f7,1,true,wandb_export_2026-07-22T16_22_44.564-04_00.csv
WDB-0114,114,fulltf+strat+leo+affcal+contre_econtr0.1t0.5_moeenc8e2k256h_shared256h_lb0.01_envpcc_8192gbs_0.0001lr_1e-05wd_3000epochs_200es_1gxe_4heads_256emb_0.15do__s1_j4227432,finished,2026-03-21T05:43:21.000Z,2026-03-21T06:36:03.000Z,08b0ee5470d6dae8c79472a8b9d7ac37ba8e4a40,https://github.com/Jacobson-CompSysBio/GP-Transformer/tree/08b0ee5470d6dae8c79472a8b9d7ac37ba8e4a40,,fulltf+strat+leo+affcal+contre_econtr0.1t0.5_moeenc8e2k256h_shared256h_lb0.01_envpcc_8192gbs_0.0001lr_1e-05wd_3000epochs_200es_1gxe_4heads_256emb_0.15do,fulltf+strat+leo+affcal+contre_econtr0.1t0.5_moeenc8e2k256h_shared256h_lb0.01_envpcc_8192gbs_0.0001lr_1e-05wd_3000epochs_200es_1gxe_4heads_256emb_0.15do,,,,envpcc,1.0,leo,val_loss/env_avg_pearson,8192,256,4,1,0.15,8,256,256,true,0.1,env_affine,0.4188290536403656,0.4256832275982054,101.39915108952069,101.94843470272524,0.1454308904017432,study_record_development,,supplement_completed_run,completed run retained for descriptive provenance,SIG-2051cbf16c,1,true,wandb_export_2026-07-22T16_22_44.564-04_00.csv
WDB-0115,115,fulltf+strat+leo+affcal+contre_econtr0.1t0.5_moeenc8e2k256h_shared256h_lb0.01_envpcc_8192gbs_0.0001lr_1e-05wd_3000epochs_200es_1gxe_4heads_256emb_0.15do__s1_j4227431,finished,2026-03-21T04:45:50.000Z,2026-03-21T05:39:44.000Z,08b0ee5470d6dae8c79472a8b9d7ac37ba8e4a40,https://github.com/Jacobson-CompSysBio/GP-Transformer/tree/08b0ee5470d6dae8c79472a8b9d7ac37ba8e4a40,,fulltf+strat+leo+affcal+contre_econtr0.1t0.5_moeenc8e2k256h_shared256h_lb0.01_envpcc_8192gbs_0.0001lr_1e-05wd_3000epochs_200es_1gxe_4heads_256emb_0.15do,fulltf+strat+leo+affcal+contre_econtr0.1t0.5_moeenc8e2k256h_shared256h_lb0.01_envpcc_8192gbs_0.0001lr_1e-05wd_3000epochs_200es_1gxe_4heads_256emb_0.15do,,,,envpcc,1.0,leo,val_loss/env_avg_pearson,8192,256,4,1,0.15,8,256,256,true,0.1,env_affine,0.423199325799942,0.4290800437729741,55.570607796667375,55.59187927814532,0.1520168687519531,study_record_development,,supplement_completed_run,completed run retained for descriptive provenance,SIG-be7f263409,1,true,wandb_export_2026-07-22T16_22_44.564-04_00.csv
WDB-0116,116,fulltf+strat+leo+affcal+contre_econtr0.1t0.5_moeenc8e2k256h_shared256h_lb0.01_envpcc_8192gbs_0.0001lr_1e-05wd_3000epochs_200es_1gxe_4heads_256emb_0.15do__s1_j4223601,finished,2026-03-20T03:30:52.000Z,2026-03-20T04:24:29.000Z,eed418ef55550928f6c04f463e95aa9fb348d536,https://github.com/Jacobson-CompSysBio/GP-Transformer/tree/eed418ef55550928f6c04f463e95aa9fb348d536,,fulltf+strat+leo+affcal+contre_econtr0.1t0.5_moeenc8e2k256h_shared256h_lb0.01_envpcc_8192gbs_0.0001lr_1e-05wd_3000epochs_200es_1gxe_4heads_256emb_0.15do,fulltf+strat+leo+affcal+contre_econtr0.1t0.5_moeenc8e2k256h_shared256h_lb0.01_envpcc_8192gbs_0.0001lr_1e-05wd_3000epochs_200es_1gxe_4heads_256emb_0.15do,,,,envpcc,1.0,leo,val_loss/env_avg_pearson,8192,256,4,1,0.15,8,256,256,true,0.1,env_affine,0.42310377955436707,0.42891322923144887,55.386889314950615,55.40530502097382,0.15238196994191758,study_record_development,,supplement_completed_run,completed run retained for descriptive provenance,SIG-8e25db5950,1,true,wandb_export_2026-07-22T16_22_44.564-04_00.csv
WDB-0117,117,fulltf+strat+leo+hybval+affcal+contre_econtr0.1t0.5_moeenc8e2k256h_shared256h_lb0.01_envpcc_8192gbs_0.0001lr_1e-05wd_3000epochs_200es_1gxe_4heads_256emb_0.15do__s1_j4223600,finished,2026-03-20T01:38:07.000Z,2026-03-20T02:46:00.000Z,eed418ef55550928f6c04f463e95aa9fb348d536,https://github.com/Jacobson-CompSysBio/GP-Transformer/tree/eed418ef55550928f6c04f463e95aa9fb348d536,,fulltf+strat+leo+hybval+affcal+contre_econtr0.1t0.5_moeenc8e2k256h_shared256h_lb0.01_envpcc_8192gbs_0.0001lr_1e-05wd_3000epochs_200es_1gxe_4heads_256emb_0.15do,fulltf+strat+leo+hybval+affcal+contre_econtr0.1t0.5_moeenc8e2k256h_shared256h_lb0.01_envpcc_8192gbs_0.0001lr_1e-05wd_3000epochs_200es_1gxe_4heads_256emb_0.15do,,,,envpcc,1.0,hybrid_combo,val_loss/leo_env_pcc,8192,256,4,1,0.15,8,256,256,true,0.1,env_affine,0.4099323749542236,0.4185292644978833,12.15960559096562,11.143475958428487,0.09222685063794842,study_record_development,,supplement_completed_run,completed run retained for descriptive provenance,SIG-3e8a210333,1,true,wandb_export_2026-07-22T16_22_44.564-04_00.csv
WDB-0118,118,fulltf+strat+leo+hybval+contre_econtr0.1t0.5_moeenc8e2k256h_shared256h_lb0.01_envpcc_8192gbs_0.0001lr_1e-05wd_3000epochs_200es_1gxe_4heads_256emb_0.15do__s1_j4223050,finished,2026-03-19T21:38:41.000Z,2026-03-19T22:25:55.000Z,eed418ef55550928f6c04f463e95aa9fb348d536,https://github.com/Jacobson-CompSysBio/GP-Transformer/tree/eed418ef55550928f6c04f463e95aa9fb348d536,,fulltf+strat+leo+hybval+contre_econtr0.1t0.5_moeenc8e2k256h_shared256h_lb0.01_envpcc_8192gbs_0.0001lr_1e-05wd_3000epochs_200es_1gxe_4heads_256emb_0.15do,fulltf+strat+leo+hybval+contre_econtr0.1t0.5_moeenc8e2k256h_shared256h_lb0.01_envpcc_8192gbs_0.0001lr_1e-05wd_3000epochs_200es_1gxe_4heads_256emb_0.15do,,,,envpcc,1.0,hybrid_combo,val_loss/select_score,8192,256,4,1,0.15,8,256,256,true,0.1,none,0.3966916501522064,0.4037638837293792,112.09225530960347,112.74108814255624,0.13458151360764226,study_record_development,,supplement_completed_run,completed run retained for descriptive provenance,SIG-9c2667294a,1,true,wandb_export_2026-07-22T16_22_44.564-04_00.csv
WDB-0119,119,fulltf+strat+leo+contre_econtr0.1t0.5_moeenc8e2k256h_shared256h_lb0.01_envpcc_8192gbs_8e-05lr_1e-05wd_3000epochs_200es_1gxe_4heads_256emb_0.15do,finished,2026-03-17T20:41:30.000Z,2026-03-17T21:49:58.000Z,97c64125209e0b4de1a5d755dca1303e29918b33,https://github.com/Jacobson-CompSysBio/GP-Transformer/tree/97c64125209e0b4de1a5d755dca1303e29918b33,,fulltf_moeenc8e2k256h_shared256h_lb0.01_envpcc_8192gbs_8e-05lr_1e-05wd_3000epochs_200es_1gxe_4heads_256emb_0.15do,,,,,envpcc,1.0,,val_loss/env_avg_pearson,8192,256,4,1,0.15,8,256,256,true,0.1,,0.4190598130226135,0.42520979322522806,100.80847809850984,101.34050391238742,0.15106578454052474,study_record_development,,supplement_completed_run,completed run retained for descriptive provenance,SIG-f65e5e5284,1,true,wandb_export_2026-07-22T16_22_44.564-04_00.csv
WDB-0120,120,fulltf+strat+leo+contre_econtr0.1t0.5_moeenc8e2k256h_shared256h_lb0.01_mse_8192gbs_0.0001lr_1e-05wd_3000epochs_200es_1gxe_4heads_256emb_0.15do,finished,2026-03-17T19:51:08.000Z,2026-03-17T21:40:57.000Z,97c64125209e0b4de1a5d755dca1303e29918b33,https://github.com/Jacobson-CompSysBio/GP-Transformer/tree/97c64125209e0b4de1a5d755dca1303e29918b33,,fulltf_moeenc8e2k256h_shared256h_lb0.01_mse_8192gbs_0.0001lr_1e-05wd_3000epochs_200es_1gxe_4heads_256emb_0.15do,,,,,mse,1.0,,val_loss/env_avg_pearson,8192,256,4,1,0.15,8,256,256,true,0.1,,0.3050438463687897,0.31155311772766364,14.542415624628664,13.711044460912111,-0.06513763890303984,study_record_development,objective_global_mse,main_text_comparison,selected representative record for a highlighted comparison,SIG-facb3e5d1e,1,true,wandb_export_2026-07-22T16_22_44.564-04_00.csv
WDB-0121,121,fulltf+strat+leo+contre_econtr0.1t0.5_moeenc8e2k256h_shared256h_lb0.01_envpcc_8192gbs_0.0001lr_1e-05wd_3000epochs_200es_1gxe_4heads_256emb_0.15do,finished,2026-03-17T20:41:29.000Z,2026-03-17T21:32:34.000Z,97c64125209e0b4de1a5d755dca1303e29918b33,https://github.com/Jacobson-CompSysBio/GP-Transformer/tree/97c64125209e0b4de1a5d755dca1303e29918b33,,fulltf_moeenc8e2k256h_shared256h_lb0.01_envpcc_8192gbs_0.0001lr_1e-05wd_3000epochs_200es_1gxe_4heads_256emb_0.15do,,,,,envpcc,1.0,,val_loss/env_avg_pearson,8192,256,4,1,0.15,8,256,256,true,0.1,,0.4231675863265991,0.4290236349883752,101.06045675341392,101.59450927488125,0.1559623931365942,study_record_development,calibration_uncalibrated_control,main_text_comparison,selected representative record for a highlighted comparison,SIG-2c6c79fc11,1,true,wandb_export_2026-07-22T16_22_44.564-04_00.csv
WDB-0122,122,fulltf+strat+leo+contre_econtr0.1t0.5_moeenc8e2k256h_shared256h_lb0.01_envpcc_8192gbs_0.0001lr_1e-05wd_3000epochs_200es_1gxe_4heads_256emb_0.15do,finished,2026-03-17T20:41:30.000Z,2026-03-17T21:32:34.000Z,97c64125209e0b4de1a5d755dca1303e29918b33,https://github.com/Jacobson-CompSysBio/GP-Transformer/tree/97c64125209e0b4de1a5d755dca1303e29918b33,,fulltf_moeenc8e2k256h_shared256h_lb0.01_envpcc_8192gbs_0.0001lr_1e-05wd_3000epochs_200es_1gxe_4heads_256emb_0.15do,,,,,envpcc,1.0,,val_loss/env_avg_pearson,8192,256,4,1,0.15,8,256,256,true,0.1,,0.4231675863265991,0.4290236349883752,101.06045675341392,101.59450927488125,0.1559623931365942,study_record_development,,supplement_completed_run,completed run retained for descriptive provenance,SIG-04a3742f88,1,true,wandb_export_2026-07-22T16_22_44.564-04_00.csv
WDB-0123,123,fulltf+strat+leo+contre_econtr0.1t0.5_moeenc8e2k256h_shared256h_lb0.01_envpcc_8192gbs_0.0001lr_1e-05wd_3000epochs_200es_1gxe_4heads_256emb_0.15do,finished,2026-03-17T19:51:09.000Z,2026-03-17T20:42:37.000Z,97c64125209e0b4de1a5d755dca1303e29918b33,https://github.com/Jacobson-CompSysBio/GP-Transformer/tree/97c64125209e0b4de1a5d755dca1303e29918b33,,fulltf_moeenc8e2k256h_shared256h_lb0.01_envpcc_8192gbs_0.0001lr_1e-05wd_3000epochs_200es_1gxe_4heads_256emb_0.15do,,,,,envpcc,1.0,,val_loss/env_avg_pearson,8192,256,4,1,0.15,8,256,256,true,0.1,,0.286950945854187,0.27058234445324736,122.7882632238978,123.40251896006836,0.18488441985318824,study_record_development,,supplement_completed_run,completed run retained for descriptive provenance,SIG-6157ac31ba,1,true,wandb_export_2026-07-22T16_22_44.564-04_00.csv
WDB-0124,124,fulltf+strat+leo+contre_econtr0.1t0.5_moeenc8e2k256h_shared256h_lb0.01_envpcc_8192gbs_0.0001lr_1e-05wd_3000epochs_200es_1gxe_4heads_256emb_0.15do,finished,2026-03-17T19:51:08.000Z,2026-03-17T20:42:19.000Z,97c64125209e0b4de1a5d755dca1303e29918b33,https://github.com/Jacobson-CompSysBio/GP-Transformer/tree/97c64125209e0b4de1a5d755dca1303e29918b33,,fulltf_moeenc8e2k256h_shared256h_lb0.01_envpcc_8192gbs_0.0001lr_1e-05wd_3000epochs_200es_1gxe_4heads_256emb_0.15do,,,,,envpcc,1.0,,val_loss/env_avg_pearson,8192,256,4,1,0.15,8,256,256,true,0.1,,0.286950945854187,0.27058234445324736,122.7882632238978,123.40251896006836,0.18488441985318824,study_record_development,,supplement_completed_run,completed run retained for descriptive provenance,SIG-56d0a836cc,1,true,wandb_export_2026-07-22T16_22_44.564-04_00.csv
WDB-0125,125,fulltf+strat+leo+contre_econtr0.1t0.5_moeenc8e2k256h_shared256h_lb0.01_envpcc_8192gbs_0.0001lr_1e-05wd_3000epochs_200es_1gxe_4heads_256emb_0.15do,finished,2026-03-17T19:51:08.000Z,2026-03-17T20:41:30.000Z,97c64125209e0b4de1a5d755dca1303e29918b33,https://github.com/Jacobson-CompSysBio/GP-Transformer/tree/97c64125209e0b4de1a5d755dca1303e29918b33,,fulltf_moeenc8e2k256h_shared256h_lb0.01_envpcc_8192gbs_0.0001lr_1e-05wd_3000epochs_200es_1gxe_4heads_256emb_0.15do,,,,,envpcc,1.0,,val_loss/env_avg_pearson,8192,256,4,1,0.15,8,256,256,true,0.1,,0.42316368222236633,0.42903015722784865,100.56501824705182,101.0951811082636,0.15587601861105777,study_record_development,objective_environment_pcc,main_text_comparison,selected representative record for a highlighted comparison,SIG-efbfdc552d,1,true,wandb_export_2026-07-22T16_22_44.564-04_00.csv
WDB-0126,126,fulltf+strat+leo_moeenc8e2k256h_shared256h_lb0.01_mse_8192gbs_0.0001lr_1e-05wd_3000epochs_200es_1gxe_4heads_256emb_0.15do,crashed,2026-03-17T03:30:26.000Z,2026-03-17T05:28:16.000Z,89f3d4d7102dff3e943cf3d475f1ebf7e4c3457f,https://github.com/Jacobson-CompSysBio/GP-Transformer/tree/89f3d4d7102dff3e943cf3d475f1ebf7e4c3457f,,,,,,,mse,1.0,,val_loss/env_avg_pearson,8192,256,4,1,0.15,8,256,256,false,,,,,,,,study_record_development,,not_analyzed_unsuccessful_run,run state was crashed,SIG-74102be197,1,true,wandb_export_2026-07-22T16_22_44.564-04_00.csv
WDB-0127,127,fulltf+strat+leo+contrg_gcontr0.05grm-mse_moeenc8e2k256h_shared256h_lb0.01_envpcc_8192gbs_0.0001lr_1e-05wd_3000epochs_200es_1gxe_4heads_256emb_0.15do,finished,2026-03-17T03:30:26.000Z,2026-03-17T04:30:04.000Z,89f3d4d7102dff3e943cf3d475f1ebf7e4c3457f,https://github.com/Jacobson-CompSysBio/GP-Transformer/tree/89f3d4d7102dff3e943cf3d475f1ebf7e4c3457f,,fulltf_moeenc8e2k256h_shared256h_lb0.01_envpcc_8192gbs_0.0001lr_1e-05wd_3000epochs_200es_1gxe_4heads_256emb_0.15do,,,,,envpcc,1.0,,val_loss/env_avg_pearson,8192,256,4,1,0.15,8,256,256,false,,,0.4198276102542877,0.4271447673911848,102.7278604340638,103.28945808114528,0.14070434094763118,study_record_development,,supplement_completed_run,completed run retained for descriptive provenance,SIG-d8466ca8be,2,true,wandb_export_2026-07-22T16_22_44.564-04_00.csv
WDB-0128,128,fulltf+strat+leo+contrg_gcontr0.05grm-mse_moeenc8e2k256h_shared256h_lb0.01_envpcc_8192gbs_0.0001lr_1e-05wd_3000epochs_200es_1gxe_4heads_256emb_0.15do,finished,2026-03-17T03:30:26.000Z,2026-03-17T04:29:56.000Z,89f3d4d7102dff3e943cf3d475f1ebf7e4c3457f,https://github.com/Jacobson-CompSysBio/GP-Transformer/tree/89f3d4d7102dff3e943cf3d475f1ebf7e4c3457f,,fulltf_moeenc8e2k256h_shared256h_lb0.01_envpcc_8192gbs_0.0001lr_1e-05wd_3000epochs_200es_1gxe_4heads_256emb_0.15do,,,,,envpcc,1.0,,val_loss/env_avg_pearson,8192,256,4,1,0.15,8,256,256,false,,,0.4198276102542877,0.4271447673911848,102.7278604340638,103.28945808114528,0.14070434094763118,study_record_development,,supplement_repeated_signature,additional export record with the same run signature,SIG-d8466ca8be,2,false,wandb_export_2026-07-22T16_22_44.564-04_00.csv
WDB-0129,129,fulltf+strat+leo+contrg_gcontr0.05grm-mse_moeenc8e2k256h_shared256h_lb0.01_envpcc_8192gbs_0.0001lr_1e-05wd_3000epochs_200es_1gxe_4heads_256emb_0.15do,failed,2026-03-17T03:30:26.000Z,2026-03-17T03:30:29.000Z,89f3d4d7102dff3e943cf3d475f1ebf7e4c3457f,https://github.com/Jacobson-CompSysBio/GP-Transformer/tree/89f3d4d7102dff3e943cf3d475f1ebf7e4c3457f,,,,,,,,,,,,,,,,,,,,,,,,,,,study_record_development,,not_analyzed_unsuccessful_run,run state was failed,SIG-e46f6f5a33,1,true,wandb_export_2026-07-22T16_22_44.564-04_00.csv
WDB-0130,130,fulltf+strat+leo+contrg_gcontr0.05grm-mse_moeenc8e2k256h_shared256h_lb0.01_envpcc_8192gbs_0.0001lr_1e-05wd_3000epochs_200es_1gxe_4heads_256emb_0.15do,finished,2026-03-17T01:50:09.000Z,2026-03-17T02:49:35.000Z,89f3d4d7102dff3e943cf3d475f1ebf7e4c3457f,https://github.com/Jacobson-CompSysBio/GP-Transformer/tree/89f3d4d7102dff3e943cf3d475f1ebf7e4c3457f,,fulltf_moeenc8e2k256h_shared256h_lb0.01_envpcc_8192gbs_0.0001lr_1e-05wd_3000epochs_200es_1gxe_4heads_256emb_0.15do,,,,,envpcc,1.0,,val_loss/env_avg_pearson,8192,256,4,1,0.15,8,256,256,false,,,0.41966575384140015,0.4269711199576932,103.0409384423124,103.6045260104964,0.14055772578171194,study_record_development,,supplement_completed_run,completed run retained for descriptive provenance,SIG-e0649e8751,1,true,wandb_export_2026-07-22T16_22_44.564-04_00.csv
WDB-0131,131,fulltf+strat+leo+contre_econtr0.1t0.5_moeenc8e2k256h_shared256h_lb0.01_envpcc_8192gbs_0.0001lr_1e-05wd_3000epochs_200es_1gxe_4heads_256emb_0.15do,finished,2026-03-17T01:50:08.000Z,2026-03-17T02:43:48.000Z,89f3d4d7102dff3e943cf3d475f1ebf7e4c3457f,https://github.com/Jacobson-CompSysBio/GP-Transformer/tree/89f3d4d7102dff3e943cf3d475f1ebf7e4c3457f,,fulltf_moeenc8e2k256h_shared256h_lb0.01_envpcc_8192gbs_0.0001lr_1e-05wd_3000epochs_200es_1gxe_4heads_256emb_0.15do,,,,,envpcc,1.0,,val_loss/env_avg_pearson,8192,256,4,1,0.15,8,256,256,true,0.1,,0.4211083948612213,0.4275823160631769,101.07121287626308,101.61476761555136,0.15015587692539792,study_record_development,,supplement_completed_run,completed run retained for descriptive provenance,SIG-b1f91eac9e,1,true,wandb_export_2026-07-22T16_22_44.564-04_00.csv
WDB-0132,132,fulltf+strat+leo+contre_econtr0.1t0.5_moeenc8e2k256h_shared256h_lb0.01_envpcc_8192gbs_0.0001lr_1e-05wd_3000epochs_200es_1gxe_4heads_256emb_0.15do,finished,2026-03-17T01:50:09.000Z,2026-03-17T02:42:44.000Z,89f3d4d7102dff3e943cf3d475f1ebf7e4c3457f,https://github.com/Jacobson-CompSysBio/GP-Transformer/tree/89f3d4d7102dff3e943cf3d475f1ebf7e4c3457f,,fulltf_moeenc8e2k256h_shared256h_lb0.01_envpcc_8192gbs_0.0001lr_1e-05wd_3000epochs_200es_1gxe_4heads_256emb_0.15do,,,,,envpcc,1.0,,val_loss/env_avg_pearson,8192,256,4,1,0.15,8,256,256,true,0.1,,0.4211083948612213,0.4275823160631769,101.07121287626308,101.61476761555136,0.15015587692539792,study_record_development,,supplement_completed_run,completed run retained for descriptive provenance,SIG-b644eedc1d,1,true,wandb_export_2026-07-22T16_22_44.564-04_00.csv
WDB-0133,133,fulltf+strat+leo+contre_econtr0.1t0.5_moeenc8e2k256h_shared256h_lb0.01_envpcc_8192gbs_0.0001lr_1e-05wd_3000epochs_200es_1gxe_4heads_256emb_0.15do,finished,2026-03-17T01:50:10.000Z,2026-03-17T02:41:36.000Z,89f3d4d7102dff3e943cf3d475f1ebf7e4c3457f,https://github.com/Jacobson-CompSysBio/GP-Transformer/tree/89f3d4d7102dff3e943cf3d475f1ebf7e4c3457f,,fulltf_moeenc8e2k256h_shared256h_lb0.01_envpcc_8192gbs_0.0001lr_1e-05wd_3000epochs_200es_1gxe_4heads_256emb_0.15do,,,,,envpcc,1.0,,val_loss/env_avg_pearson,8192,256,4,1,0.15,8,256,256,true,0.1,,0.4211083948612213,0.4275823160631769,101.07121287626308,101.61476761555136,0.15015587692539792,study_record_development,,supplement_completed_run,completed run retained for descriptive provenance,SIG-9b45ab069e,1,true,wandb_export_2026-07-22T16_22_44.564-04_00.csv
WDB-0134,134,fulltf+res+affine+strat+proxyphp02_moeenc8e2k256h_shared256h_lb0.01_envpcc_8192gbs_0.0001lr_1e-05wd_3000epochs_200es_1gxe_4heads_256emb_0.15do,finished,2026-03-16T19:59:44.000Z,2026-03-16T20:45:19.000Z,f75d762f0076f969fc53da8fc1cb6db41e7e039d,https://github.com/Jacobson-CompSysBio/GP-Transformer/tree/f75d762f0076f969fc53da8fc1cb6db41e7e039d,,fulltf+res+affine_moeenc8e2k256h_shared256h_lb0.01_envpcc_8192gbs_0.0001lr_1e-05wd_3000epochs_200es_1gxe_4heads_256emb_0.15do,,,,,envpcc,1.0,proxy_same_tester,val/env_avg_pearson,8192,256,4,1,0.15,8,256,256,false,,,0.34572210907936096,0.3464106820961561,75.14393828694466,75.52414222880407,0.23624285803807843,study_record_development,,supplement_completed_run,completed run retained for descriptive provenance,SIG-6c912649a3,1,true,wandb_export_2026-07-22T16_22_44.564-04_00.csv
WDB-0135,135,fulltf+strat+proxyphp02_moeenc8e2k256h_shared256h_lb0.01_envpcc_8192gbs_0.0001lr_1e-05wd_3000epochs_200es_1gxe_4heads_256emb_0.15do,finished,2026-03-16T19:59:44.000Z,2026-03-16T20:39:23.000Z,f75d762f0076f969fc53da8fc1cb6db41e7e039d,https://github.com/Jacobson-CompSysBio/GP-Transformer/tree/f75d762f0076f969fc53da8fc1cb6db41e7e039d,,fulltf_moeenc8e2k256h_shared256h_lb0.01_envpcc_8192gbs_0.0001lr_1e-05wd_3000epochs_200es_1gxe_4heads_256emb_0.15do,,,,,envpcc,1.0,proxy_same_tester,val_loss/env_avg_pearson,8192,256,4,1,0.15,8,256,256,false,,,0.38794025778770447,0.3854806011923746,110.68708950610404,111.25347083008984,0.17734465285449763,study_record_development,,supplement_completed_run,completed run retained for descriptive provenance,SIG-8db6e5fd86,1,true,wandb_export_2026-07-22T16_22_44.564-04_00.csv
WDB-0136,136,envmean-fit_fulltf+strat+leo_moeenc8e2k256h_shared256h_lb0.01_1-0.01w_mse-l1reg_2048gbs_0.0001lr_1e-05wd_100epochs_50es_1gxe_4heads_128emb_0.15do,finished,2026-03-16T20:26:08.000Z,2026-03-16T20:29:58.000Z,2605c52cbcb8218e481a23c36d0cc1a76a6a987b,https://github.com/Jacobson-CompSysBio/GP-Transformer/tree/2605c52cbcb8218e481a23c36d0cc1a76a6a987b,,fulltf_moeenc8e2k256h_shared256h_lb0.01_1-0.01w_mse-l1reg_2048gbs_0.0001lr_1e-05wd_100epochs_50es_1gxe_4heads_128emb_0.15do,,,,,mse+l1reg,"1.0,0.01",,val_loss/env_avg_pearson,2048,128,4,1,0.15,8,256,256,false,,,NaN,NaN,126.05522184880611,126.5833873823668,-0.23206078112419343,study_record_development,,supplement_completed_run,completed run retained for descriptive provenance,SIG-50bb67b6ce,1,true,wandb_export_2026-07-22T16_22_44.564-04_00.csv
WDB-0137,137,envmean-fit_fulltf+strat+leo_moeenc8e2k256h_shared256h_lb0.01_mse_2048gbs_0.0001lr_0.01wd_100epochs_50es_1gxe_4heads_128emb_0.3do,finished,2026-03-16T16:57:22.000Z,2026-03-16T17:01:01.000Z,2605c52cbcb8218e481a23c36d0cc1a76a6a987b,https://github.com/Jacobson-CompSysBio/GP-Transformer/tree/2605c52cbcb8218e481a23c36d0cc1a76a6a987b,,fulltf_moeenc8e2k256h_shared256h_lb0.01_mse_2048gbs_0.0001lr_0.01wd_100epochs_50es_1gxe_4heads_128emb_0.3do,,,,,mse,1.0,,val_loss/env_avg_pearson,2048,128,4,1,0.3,8,256,256,false,,,NaN,NaN,126.04275236234017,126.0945847481918,0.2652793629189459,study_record_development,,supplement_completed_run,completed run retained for descriptive provenance,SIG-5d75391b75,1,true,wandb_export_2026-07-22T16_22_44.564-04_00.csv
WDB-0138,138,fulltf+strat+leo_moeenc8e2k256h_shared256h_lb0.01_1-1w_envpcc-envmse_8192gbs_0.0001lr_1e-05wd_3000epochs_200es_1gxe_4heads_256emb_0.15do,finished,2026-03-14T05:46:19.000Z,2026-03-14T07:07:41.000Z,2ed1b966bb47b2a9de1ed29a0974bb6fc7865354,https://github.com/Jacobson-CompSysBio/GP-Transformer/tree/2ed1b966bb47b2a9de1ed29a0974bb6fc7865354,,fulltf_moeenc8e2k256h_shared256h_lb0.01_1-1w_envpcc-envmse_8192gbs_0.0001lr_1e-05wd_3000epochs_200es_1gxe_4heads_256emb_0.15do,,,,,envpcc+envmse,"1.0,1.0",,val_loss/env_avg_pearson,8192,256,4,1,0.15,8,256,256,false,,,0.2987845540046692,0.2892009765177981,12.97651780457726,11.65354365682636,0.20647769794656284,study_record_development,,supplement_completed_run,completed run retained for descriptive provenance,SIG-459def72a3,1,true,wandb_export_2026-07-22T16_22_44.564-04_00.csv
WDB-0139,139,fulltf+strat+leo_moeenc8e2k256h_shared256h_lb0.01_1-1w_envpcc-envmse_8192gbs_0.0001lr_1e-05wd_3000epochs_200es_1gxe_4heads_256emb_0.15do,finished,2026-03-14T03:43:19.000Z,2026-03-14T05:36:28.000Z,2ed1b966bb47b2a9de1ed29a0974bb6fc7865354,https://github.com/Jacobson-CompSysBio/GP-Transformer/tree/2ed1b966bb47b2a9de1ed29a0974bb6fc7865354,,fulltf_moeenc8e2k256h_shared256h_lb0.01_1-1w_envpcc-envmse_8192gbs_0.0001lr_1e-05wd_3000epochs_200es_1gxe_4heads_256emb_0.15do,,,,,envpcc+envmse,"1.0,1.0",,val_loss/env_avg_pearson,8192,256,4,1,0.15,8,256,256,false,,,0.28344279527664185,0.27002636010328734,11.830680798010116,11.094587436527538,0.23934003651981867,study_record_development,,supplement_completed_run,completed run retained for descriptive provenance,SIG-75a75e9ce9,1,true,wandb_export_2026-07-22T16_22_44.564-04_00.csv
WDB-0140,140,fulltf+strat+leo_moeenc8e2k256h_shared256h_lb0.01_1-1w_envpcc-envmse_8192gbs_0.0001lr_1e-05wd_3000epochs_200es_1gxe_4heads_256emb_0.15do,finished,2026-03-14T00:31:50.000Z,2026-03-14T02:28:22.000Z,2ed1b966bb47b2a9de1ed29a0974bb6fc7865354,https://github.com/Jacobson-CompSysBio/GP-Transformer/tree/2ed1b966bb47b2a9de1ed29a0974bb6fc7865354,,fulltf_moeenc8e2k256h_shared256h_lb0.01_1-1w_envpcc-envmse_8192gbs_0.0001lr_1e-05wd_3000epochs_200es_1gxe_4heads_256emb_0.15do,,,,,envpcc+envmse,"1.0,1.0",,val_loss/env_avg_pearson,8192,256,4,1,0.15,8,256,256,false,,,0.28186288475990295,0.2716941709849493,13.853380896901133,13.017974853430786,0.17842887432382198,study_record_development,,supplement_completed_run,completed run retained for descriptive provenance,SIG-d93e2c0be3,1,true,wandb_export_2026-07-22T16_22_44.564-04_00.csv
WDB-0141,141,fulltf+strat+leo_moeenc8e2k256h_shared256h_lb0.01_1-1w_envpcc-envmse_8192gbs_0.0001lr_1e-05wd_3000epochs_200es_1gxe_4heads_256emb_0.15do,finished,2026-03-13T22:30:10.000Z,2026-03-14T00:29:46.000Z,2ed1b966bb47b2a9de1ed29a0974bb6fc7865354,https://github.com/Jacobson-CompSysBio/GP-Transformer/tree/2ed1b966bb47b2a9de1ed29a0974bb6fc7865354,,fulltf_moeenc8e2k256h_shared256h_lb0.01_1-1w_envpcc-envmse_8192gbs_0.0001lr_1e-05wd_3000epochs_200es_1gxe_4heads_256emb_0.15do,,,,,envpcc+envmse,"1.0,1.0",,val_loss/env_avg_pearson,8192,256,4,1,0.15,8,256,256,false,,,0.26835429668426514,0.2550627513919353,10.709300948213263,10.377268586465007,0.263872119598353,study_record_development,,supplement_completed_run,completed run retained for descriptive provenance,SIG-97058b0451,1,true,wandb_export_2026-07-22T16_22_44.564-04_00.csv
WDB-0142,142,fulltf+strat+leo_moeenc8e2k256h_shared256h_lb0.01_1-1w_envpcc-envmse_8192gbs_0.0001lr_1e-05wd_3000epochs_200es_1gxe_4heads_256emb_0.15do,finished,2026-03-13T22:30:04.000Z,2026-03-14T00:05:06.000Z,2ed1b966bb47b2a9de1ed29a0974bb6fc7865354,https://github.com/Jacobson-CompSysBio/GP-Transformer/tree/2ed1b966bb47b2a9de1ed29a0974bb6fc7865354,,fulltf_moeenc8e2k256h_shared256h_lb0.01_1-1w_envpcc-envmse_8192gbs_0.0001lr_1e-05wd_3000epochs_200es_1gxe_4heads_256emb_0.15do,,,,,envpcc+envmse,"1.0,1.0",,val_loss/env_avg_pearson,8192,256,4,1,0.15,8,256,256,false,,,0.26835429668426514,0.2550627513919353,10.709300948213263,10.377268586465007,0.263872119598353,study_record_development,,supplement_completed_run,completed run retained for descriptive provenance,SIG-8d56a05ad6,1,true,wandb_export_2026-07-22T16_22_44.564-04_00.csv
WDB-0143,143,fulltf+strat+leo_moeenc8e2k256h_shared256h_lb0.01_1-1-1w_envpcc-mse-envmse_8192gbs_0.0001lr_1e-05wd_3000epochs_200es_1gxe_4heads_256emb_0.15do,finished,2026-03-13T21:47:56.000Z,2026-03-13T23:36:28.000Z,2ed1b966bb47b2a9de1ed29a0974bb6fc7865354,https://github.com/Jacobson-CompSysBio/GP-Transformer/tree/2ed1b966bb47b2a9de1ed29a0974bb6fc7865354,,fulltf_moeenc8e2k256h_shared256h_lb0.01_1-1-1w_envpcc-mse-envmse_8192gbs_0.0001lr_1e-05wd_3000epochs_200es_1gxe_4heads_256emb_0.15do,,,,,envpcc+mse+envmse,"1.0,1.0,1.0",,val_loss/env_avg_pearson,8192,256,4,1,0.15,8,256,256,false,,,0.30559778213500977,0.3080382971753603,11.640068830353036,11.176590146778455,0.3734092974412887,study_record_development,,supplement_completed_run,completed run retained for descriptive provenance,SIG-f0701eb94d,1,true,wandb_export_2026-07-22T16_22_44.564-04_00.csv
WDB-0144,144,fulltf+strat+leo_moeenc8e2k256h_shared256h_lb0.01_1-1-1w_envpcc-mse-envmse_8192gbs_0.0001lr_1e-05wd_3000epochs_200es_1gxe_4heads_256emb_0.15do,finished,2026-03-13T21:47:59.000Z,2026-03-13T23:34:53.000Z,2ed1b966bb47b2a9de1ed29a0974bb6fc7865354,https://github.com/Jacobson-CompSysBio/GP-Transformer/tree/2ed1b966bb47b2a9de1ed29a0974bb6fc7865354,,fulltf_moeenc8e2k256h_shared256h_lb0.01_1-1-1w_envpcc-mse-envmse_8192gbs_0.0001lr_1e-05wd_3000epochs_200es_1gxe_4heads_256emb_0.15do,,,,,envpcc+mse+envmse,"1.0,1.0,1.0",,val_loss/env_avg_pearson,8192,256,4,1,0.15,8,256,256,false,,,0.30559778213500977,0.3080382971753603,11.640068830353036,11.176590146778455,0.3734092974412887,study_record_development,,supplement_completed_run,completed run retained for descriptive provenance,SIG-c46602d2d4,1,true,wandb_export_2026-07-22T16_22_44.564-04_00.csv
WDB-0145,145,fulltf+strat+leo_moeenc8e2k256h_shared256h_lb0.01_envpcc_8192gbs_0.0001lr_1e-05wd_3000epochs_200es_1gxe_4heads_256emb_0.15do,finished,2026-03-13T21:42:10.000Z,2026-03-13T22:44:14.000Z,2ed1b966bb47b2a9de1ed29a0974bb6fc7865354,https://github.com/Jacobson-CompSysBio/GP-Transformer/tree/2ed1b966bb47b2a9de1ed29a0974bb6fc7865354,,fulltf_moeenc8e2k256h_shared256h_lb0.01_envpcc_8192gbs_0.0001lr_1e-05wd_3000epochs_200es_1gxe_4heads_256emb_0.15do,,,,,envpcc,1.0,,val_loss/env_avg_pearson,8192,256,4,1,0.15,8,256,256,false,,,0.4108622074127197,0.4167340456009363,96.7624970645309,97.24411328925866,0.15543461959275712,study_record_development,,supplement_completed_run,completed run retained for descriptive provenance,SIG-2e9718590e,1,true,wandb_export_2026-07-22T16_22_44.564-04_00.csv
WDB-0146,146,g+e+ld+tf+wg+strat+leo+esplit_moeenc8e2k256h_shared256h_lb0.01_envpcc_8192gbs_0.0001lr_1e-05wd_3000epochs_200es_1g_1ld_1mlp_1gxe_4heads_256emb_0.15do,finished,2026-03-13T15:37:29.000Z,2026-03-13T17:03:12.000Z,3cd2b026ecefcd7b3879eacf07418efe1974b47b,https://github.com/Jacobson-CompSysBio/GP-Transformer/tree/3cd2b026ecefcd7b3879eacf07418efe1974b47b,,g+e+ld+tf+wg+esplit_moeenc8e2k256h_shared256h_lb0.01_envpcc_8192gbs_0.0001lr_1e-05wd_3000epochs_200es_1g_1ld_1mlp_1gxe_4heads_256emb_0.15do,,,,,envpcc,1.0,,val_loss/env_avg_pearson,8192,256,4,1,0.15,8,256,256,false,,,0.2539936602115631,0.2391223443929544,119.09401094457073,119.63476309815078,0.25440899849993837,study_record_development,,supplement_completed_run,completed run retained for descriptive provenance,SIG-c5d302b267,1,true,wandb_export_2026-07-22T16_22_44.564-04_00.csv
WDB-0147,147,fulltf+strat+leo+esplit_moeenc8e2k256h_shared256h_lb0.01_envpcc_8192gbs_0.0001lr_1e-05wd_3000epochs_200es_1gxe_4heads_256emb_0.15do,finished,2026-03-13T15:37:29.000Z,2026-03-13T16:38:11.000Z,3cd2b026ecefcd7b3879eacf07418efe1974b47b,https://github.com/Jacobson-CompSysBio/GP-Transformer/tree/3cd2b026ecefcd7b3879eacf07418efe1974b47b,,fulltf+esplit_moeenc8e2k256h_shared256h_lb0.01_envpcc_8192gbs_0.0001lr_1e-05wd_3000epochs_200es_1gxe_4heads_256emb_0.15do,,,,,envpcc,1.0,,val_loss/env_avg_pearson,8192,256,4,1,0.15,8,256,256,false,,,0.35442057251930237,0.36774939369949705,96.2372161644706,96.65112863328756,0.13605577320911053,study_record_development,,supplement_completed_run,completed run retained for descriptive provenance,SIG-f95b833bd9,1,true,wandb_export_2026-07-22T16_22_44.564-04_00.csv
WDB-0148,148,fulltf+strat+leo+esplit_moeenc8e2k256h_shared256h_lb0.01_envpcc_8192gbs_0.0001lr_1e-05wd_3000epochs_200es_1gxe_4heads_256emb_0.15do,finished,2026-03-13T02:48:11.000Z,2026-03-13T03:49:51.000Z,e2f64873a149533c05470cecaa6791f54f017d49,https://github.com/Jacobson-CompSysBio/GP-Transformer/tree/e2f64873a149533c05470cecaa6791f54f017d49,,fulltf+esplit_moeenc8e2k256h_shared256h_lb0.01_envpcc_8192gbs_0.0001lr_1e-05wd_3000epochs_200es_1gxe_4heads_256emb_0.15do,,,,,envpcc,1.0,,val_loss/env_avg_pearson,8192,256,4,1,0.15,8,256,256,false,,,0.3744286000728607,0.38218556568250805,100.6191827899414,101.21071564919372,0.1834150160755661,study_record_development,,supplement_completed_run,completed run retained for descriptive provenance,SIG-927e7b958c,1,true,wandb_export_2026-07-22T16_22_44.564-04_00.csv
WDB-0149,149,fulltf+strat+leo+esplit_moeenc8e2k256h_shared256h_lb0.01_envpcc_8192gbs_0.0001lr_1e-05wd_3000epochs_200es_1gxe_4heads_256emb_0.15do,finished,2026-03-13T02:48:12.000Z,2026-03-13T03:45:19.000Z,e2f64873a149533c05470cecaa6791f54f017d49,https://github.com/Jacobson-CompSysBio/GP-Transformer/tree/e2f64873a149533c05470cecaa6791f54f017d49,,fulltf+esplit_moeenc8e2k256h_shared256h_lb0.01_envpcc_8192gbs_0.0001lr_1e-05wd_3000epochs_200es_1gxe_4heads_256emb_0.15do,,,,,envpcc,1.0,,val_loss/env_avg_pearson,8192,256,4,1,0.15,8,256,256,false,,,0.3744286000728607,0.38218556568250805,100.6191827899414,101.21071564919372,0.1834150160755661,study_record_development,,supplement_completed_run,completed run retained for descriptive provenance,SIG-066b9644c9,1,true,wandb_export_2026-07-22T16_22_44.564-04_00.csv
WDB-0150,150,fulltf+strat+leo+env1h+esplit_moeenc8e2k256h_shared256h_lb0.01_mse_8192gbs_0.0001lr_1e-05wd_3000epochs_200es_1gxe_4heads_256emb_0.15do,finished,2026-03-12T23:40:34.000Z,2026-03-13T00:59:26.000Z,89f3d4d7102dff3e943cf3d475f1ebf7e4c3457f,https://github.com/Jacobson-CompSysBio/GP-Transformer/tree/89f3d4d7102dff3e943cf3d475f1ebf7e4c3457f,,fulltf+env1h+esplit_moeenc8e2k256h_shared256h_lb0.01_mse_8192gbs_0.0001lr_1e-05wd_3000epochs_200es_1gxe_4heads_256emb_0.15do,,,,,mse,1.0,,val_loss/env_avg_pearson,8192,256,4,1,0.15,8,256,256,false,,,0.3698284924030304,0.3731143698849471,11.419402483895238,10.371641719259996,0.24955020885927695,study_record_development,,supplement_completed_run,completed run retained for descriptive provenance,SIG-d3a680815a,1,true,wandb_export_2026-07-22T16_22_44.564-04_00.csv
WDB-0151,151,g+e+ld+tf+wg+strat+leo+env1h+esplit_moeenc8e2k256h_shared256h_lb0.01_envpcc_8192gbs_0.0001lr_1e-05wd_3000epochs_200es_1g_1ld_1mlp_1gxe_4heads_256emb_0.15do,finished,2026-03-12T23:39:38.000Z,2026-03-13T00:57:39.000Z,89f3d4d7102dff3e943cf3d475f1ebf7e4c3457f,https://github.com/Jacobson-CompSysBio/GP-Transformer/tree/89f3d4d7102dff3e943cf3d475f1ebf7e4c3457f,,g+e+ld+tf+wg+env1h+esplit_moeenc8e2k256h_shared256h_lb0.01_envpcc_8192gbs_0.0001lr_1e-05wd_3000epochs_200es_1g_1ld_1mlp_1gxe_4heads_256emb_0.15do,,,,,envpcc,1.0,,val_loss/env_avg_pearson,8192,256,4,1,0.15,8,256,256,false,,,0.33104634284973145,0.32664812883646244,122.22890930893318,122.88854328640322,0.10623647357991248,study_record_development,,supplement_completed_run,completed run retained for descriptive provenance,SIG-d962c0e6bc,1,true,wandb_export_2026-07-22T16_22_44.564-04_00.csv
WDB-0152,152,fulltf+strat+leo+env1h+esplit_moeenc8e2k256h_shared256h_lb0.01_0.1-1w_envpcc-mse_8192gbs_0.0001lr_1e-05wd_3000epochs_200es_1gxe_4heads_256emb_0.15do,finished,2026-03-12T23:40:36.000Z,2026-03-13T00:39:13.000Z,89f3d4d7102dff3e943cf3d475f1ebf7e4c3457f,https://github.com/Jacobson-CompSysBio/GP-Transformer/tree/89f3d4d7102dff3e943cf3d475f1ebf7e4c3457f,,fulltf+env1h+esplit_moeenc8e2k256h_shared256h_lb0.01_0.1-1w_envpcc-mse_8192gbs_0.0001lr_1e-05wd_3000epochs_200es_1gxe_4heads_256emb_0.15do,,,,,envpcc+mse,"0.1,1.0",,val_loss/env_avg_pearson,8192,256,4,1,0.15,8,256,256,false,,,0.35957247018814087,0.35811140498465627,11.259773935289658,10.487761381445,0.3276515441261183,study_record_development,,supplement_completed_run,completed run retained for descriptive provenance,SIG-865657929c,1,true,wandb_export_2026-07-22T16_22_44.564-04_00.csv
WDB-0153,153,fulltf+strat+leo+env1h+esplit_moeenc8e2k256h_shared256h_lb0.01_envpcc_8192gbs_0.0001lr_1e-05wd_3000epochs_200es_1gxe_4heads_256emb_0.15do,finished,2026-03-12T23:39:36.000Z,2026-03-13T00:15:50.000Z,89f3d4d7102dff3e943cf3d475f1ebf7e4c3457f,https://github.com/Jacobson-CompSysBio/GP-Transformer/tree/89f3d4d7102dff3e943cf3d475f1ebf7e4c3457f,,fulltf+env1h+esplit_moeenc8e2k256h_shared256h_lb0.01_envpcc_8192gbs_0.0001lr_1e-05wd_3000epochs_200es_1gxe_4heads_256emb_0.15do,,,,,envpcc,1.0,,val_loss/env_avg_pearson,8192,256,4,1,0.15,8,256,256,false,,,0.3947061598300934,0.3960274194920512,105.40761454117478,105.81812280433935,0.1663770854902647,study_record_development,,supplement_completed_run,completed run retained for descriptive provenance,SIG-6711855b70,1,true,wandb_export_2026-07-22T16_22_44.564-04_00.csv
WDB-0154,154,g+e+ld+tf+wg+leo+env1h+esplit_moeenc8e2k256h_shared256h_lb0.01_1-0.1w_mse-envpcc_8192gbs_0.0001lr_1e-05wd_3000epochs_200es_1g_1ld_1mlp_1gxe_4heads_256emb_0.15do,crashed,2026-03-12T21:59:28.000Z,2026-03-12T23:57:29.000Z,89f3d4d7102dff3e943cf3d475f1ebf7e4c3457f,https://github.com/Jacobson-CompSysBio/GP-Transformer/tree/89f3d4d7102dff3e943cf3d475f1ebf7e4c3457f,,,,,,,mse+envpcc,"1.0,0.1",,val_loss/env_avg_pearson,8192,256,4,1,0.15,8,256,256,false,,,,,,,,study_record_development,,not_analyzed_unsuccessful_run,run state was crashed,SIG-b4652ef5b2,1,true,wandb_export_2026-07-22T16_22_44.564-04_00.csv
WDB-0155,155,g+e+ld+tf+wg+strat+leo+env1h+esplit_moeenc8e2k256h_shared256h_lb0.01_1-0.1w_mse-envpcc_8192gbs_0.0001lr_1e-05wd_3000epochs_200es_1g_1ld_1mlp_1gxe_4heads_256emb_0.15do,finished,2026-03-12T21:59:28.000Z,2026-03-12T23:36:27.000Z,89f3d4d7102dff3e943cf3d475f1ebf7e4c3457f,https://github.com/Jacobson-CompSysBio/GP-Transformer/tree/89f3d4d7102dff3e943cf3d475f1ebf7e4c3457f,,g+e+ld+tf+wg+env1h+esplit_moeenc8e2k256h_shared256h_lb0.01_1-0.1w_mse-envpcc_8192gbs_0.0001lr_1e-05wd_3000epochs_200es_1g_1ld_1mlp_1gxe_4heads_256emb_0.15do,,,,,mse+envpcc,"1.0,0.1",,val_loss/env_avg_pearson,8192,256,4,1,0.15,8,256,256,false,,,0.3137310743331909,0.3325862476681314,10.280877386737124,10.045338481463462,0.45814468625512655,study_record_development,,supplement_completed_run,completed run retained for descriptive provenance,SIG-6bda7d27e6,1,true,wandb_export_2026-07-22T16_22_44.564-04_00.csv
WDB-0156,156,g+e+ld+tf+wg+leo+env1h+esplit_moeenc8e2k256h_shared256h_lb0.01_mse_8192gbs_0.0001lr_1e-05wd_3000epochs_200es_1g_1ld_1mlp_1gxe_4heads_256emb_0.15do,finished,2026-03-12T21:35:46.000Z,2026-03-12T23:15:40.000Z,89f3d4d7102dff3e943cf3d475f1ebf7e4c3457f,https://github.com/Jacobson-CompSysBio/GP-Transformer/tree/89f3d4d7102dff3e943cf3d475f1ebf7e4c3457f,,g+e+ld+tf+wg+env1h+esplit_moeenc8e2k256h_shared256h_lb0.01_mse_8192gbs_0.0001lr_1e-05wd_3000epochs_200es_1g_1ld_1mlp_1gxe_4heads_256emb_0.15do,,,,,mse,1.0,,val_loss/env_avg_pearson,8192,256,4,1,0.15,8,256,256,false,,,0.33308255672454834,0.34254395044553976,9.135980406373038,9.48385204473743,0.4189678833101645,study_record_development,,supplement_completed_run,completed run retained for descriptive provenance,SIG-44590bdf44,1,true,wandb_export_2026-07-22T16_22_44.564-04_00.csv
WDB-0157,157,g+e+ld+tf+wg+leo+env1h+esplit_moeenc8e2k256h_shared256h_lb0.01_mse_8192gbs_0.0001lr_1e-05wd_3000epochs_200es_1g_1ld_1mlp_1gxe_4heads_256emb_0.15do,finished,2026-03-12T21:34:53.000Z,2026-03-12T23:14:48.000Z,89f3d4d7102dff3e943cf3d475f1ebf7e4c3457f,https://github.com/Jacobson-CompSysBio/GP-Transformer/tree/89f3d4d7102dff3e943cf3d475f1ebf7e4c3457f,,g+e+ld+tf+wg+env1h+esplit_moeenc8e2k256h_shared256h_lb0.01_mse_8192gbs_0.0001lr_1e-05wd_3000epochs_200es_1g_1ld_1mlp_1gxe_4heads_256emb_0.15do,,,,,mse,1.0,,val_loss/env_avg_pearson,8192,256,4,1,0.15,8,256,256,false,,,0.33308255672454834,0.34254395044553976,9.135980406373038,9.48385204473743,0.4189678833101645,study_record_development,,supplement_completed_run,completed run retained for descriptive provenance,SIG-0bf10d7399,1,true,wandb_export_2026-07-22T16_22_44.564-04_00.csv
WDB-0158,158,envmean-fit_fulltf+strat+leo_moeenc8e2k256h_shared256h_lb0.01_mse_8192gbs_0.0001lr_1e-05wd_100epochs_50es_1gxe_4heads_128emb_0.15do,finished,2026-03-12T20:41:50.000Z,2026-03-12T20:43:28.000Z,2605c52cbcb8218e481a23c36d0cc1a76a6a987b,https://github.com/Jacobson-CompSysBio/GP-Transformer/tree/2605c52cbcb8218e481a23c36d0cc1a76a6a987b,,fulltf_moeenc8e2k256h_shared256h_lb0.01_mse_8192gbs_0.0001lr_1e-05wd_100epochs_50es_1gxe_4heads_128emb_0.15do,,,,,mse,1.0,,val_loss/env_avg_pearson,8192,128,4,1,0.15,8,256,256,false,,,NaN,NaN,114.57938660083244,114.66779780398552,-0.004166238409362671,study_record_development,,supplement_completed_run,completed run retained for descriptive provenance,SIG-c954161947,1,true,wandb_export_2026-07-22T16_22_44.564-04_00.csv
WDB-0159,159,sinn-ge-e256-g1-gxe2-lr5e-04-s1,finished,2026-03-12T19:02:22.000Z,2026-03-12T19:31:37.000Z,2ba6f662c61068f121ffca01b60d12e0bc4af841,https://github.com/Jacobson-CompSysBio/GP-Transformer/tree/2ba6f662c61068f121ffca01b60d12e0bc4af841,,,,,,,,,,,,256,4,2,0.1,,,,,,,,,,,,study_record_development,,not_analyzed_no_test_metric,no finite test macro environment PCC or MSE was exported,SIG-336c2b369c,1,true,wandb_export_2026-07-22T16_22_44.564-04_00.csv
WDB-0160,160,sinn-e-e256-g1-gxe2-lr3e-04-s1,finished,2026-03-12T17:27:04.000Z,2026-03-12T17:28:38.000Z,2ba6f662c61068f121ffca01b60d12e0bc4af841,https://github.com/Jacobson-CompSysBio/GP-Transformer/tree/2ba6f662c61068f121ffca01b60d12e0bc4af841,,,,,,,,,,,,256,4,2,0.1,,,,,,,,,,,,study_record_development,,not_analyzed_no_test_metric,no finite test macro environment PCC or MSE was exported,SIG-4090b35664,1,true,wandb_export_2026-07-22T16_22_44.564-04_00.csv
WDB-0161,161,sinn-g-e256-g1-gxe2-lr1e-03-s1,finished,2026-03-12T16:52:16.000Z,2026-03-12T17:20:12.000Z,2ba6f662c61068f121ffca01b60d12e0bc4af841,https://github.com/Jacobson-CompSysBio/GP-Transformer/tree/2ba6f662c61068f121ffca01b60d12e0bc4af841,,,,,,,,,,,,256,4,2,0.1,,,,,,,,,,,,study_record_development,,not_analyzed_no_test_metric,no finite test macro environment PCC or MSE was exported,SIG-fb6c696730,1,true,wandb_export_2026-07-22T16_22_44.564-04_00.csv
WDB-0162,162,ca-mhap_fulltf+strat+leo_moeenc8e2k256h_shared256h_lb0.01_1-0.1w_mse-envpcc_8196gbs_0.0001lr_1e-05wd_500epochs_250es_1gxe_4heads_128emb_0.15do,finished,2026-03-12T13:22:31.000Z,2026-03-12T14:14:07.000Z,2605c52cbcb8218e481a23c36d0cc1a76a6a987b,https://github.com/Jacobson-CompSysBio/GP-Transformer/tree/2605c52cbcb8218e481a23c36d0cc1a76a6a987b,,fulltf_moeenc8e2k256h_shared256h_lb0.01_1-0.1w_mse-envpcc_8196gbs_0.0001lr_1e-05wd_500epochs_250es_1gxe_4heads_128emb_0.15do,,,,,mse+envpcc,"1.0,0.1",,val_loss/env_avg_pearson,8196,128,4,1,0.15,8,256,256,false,,,0.32459115982055664,0.31610181685994154,8.747732057722551,8.114555907206675,0.3247546796072419,study_record_development,,supplement_completed_run,completed run retained for descriptive provenance,SIG-53f92688e5,1,true,wandb_export_2026-07-22T16_22_44.564-04_00.csv
WDB-0163,163,ca-mhap_fulltf+strat+leo_moeenc8e2k256h_shared256h_lb0.01_0.5-0.5w_mse-envpcc_8196gbs_0.0001lr_1e-05wd_500epochs_250es_1gxe_4heads_128emb_0.15do,finished,2026-03-12T12:33:20.000Z,2026-03-12T13:17:56.000Z,2605c52cbcb8218e481a23c36d0cc1a76a6a987b,https://github.com/Jacobson-CompSysBio/GP-Transformer/tree/2605c52cbcb8218e481a23c36d0cc1a76a6a987b,,fulltf_moeenc8e2k256h_shared256h_lb0.01_0.5-0.5w_mse-envpcc_8196gbs_0.0001lr_1e-05wd_500epochs_250es_1gxe_4heads_128emb_0.15do,,,,,mse+envpcc,"0.5,0.5",,val_loss/env_avg_pearson,8196,128,4,1,0.15,8,256,256,false,,,0.3105580806732178,0.2810886832802701,8.42483217368875,7.956442811611463,0.3428841407931961,study_record_development,,supplement_completed_run,completed run retained for descriptive provenance,SIG-de326f21c3,1,true,wandb_export_2026-07-22T16_22_44.564-04_00.csv
WDB-0164,164,ca-mhap_fulltf+strat+leo_moeenc8e2k256h_shared256h_lb0.01_0.8-0.2w_mse-envpcc_8196gbs_0.0001lr_1e-05wd_500epochs_250es_1gxe_4heads_128emb_0.15do,finished,2026-03-11T22:57:34.000Z,2026-03-11T23:43:56.000Z,2605c52cbcb8218e481a23c36d0cc1a76a6a987b,https://github.com/Jacobson-CompSysBio/GP-Transformer/tree/2605c52cbcb8218e481a23c36d0cc1a76a6a987b,,fulltf_moeenc8e2k256h_shared256h_lb0.01_0.8-0.2w_mse-envpcc_8196gbs_0.0001lr_1e-05wd_500epochs_250es_1gxe_4heads_128emb_0.15do,,,,,mse+envpcc,"0.8,0.2",,val_loss/env_avg_pearson,8196,128,4,1,0.15,8,256,256,false,,,0.3557772636413574,0.3491192942420262,8.107111102338196,7.525392900477331,0.39012194178207765,study_record_development,,supplement_completed_run,completed run retained for descriptive provenance,SIG-61e8f952a6,1,true,wandb_export_2026-07-22T16_22_44.564-04_00.csv
WDB-0165,165,ca-mhattnpool_fulltf+strat+leo_moeenc8e2k256h_shared256h_lb0.01_mse_8196gbs_0.0001lr_1e-05wd_500epochs_250es_1gxe_4heads_128emb_0.15do,finished,2026-03-11T15:31:32.000Z,2026-03-11T16:13:52.000Z,2605c52cbcb8218e481a23c36d0cc1a76a6a987b,https://github.com/Jacobson-CompSysBio/GP-Transformer/tree/2605c52cbcb8218e481a23c36d0cc1a76a6a987b,,fulltf_moeenc8e2k256h_shared256h_lb0.01_mse_8196gbs_0.0001lr_1e-05wd_500epochs_250es_1gxe_4heads_128emb_0.15do,,,,,mse,1.0,,val_loss/env_avg_pearson,8196,128,4,1,0.15,8,256,256,false,,,0.3267880082130432,0.313712596618308,8.024192926529325,7.5771088060664304,0.38865354210098374,study_record_development,,supplement_completed_run,completed run retained for descriptive provenance,SIG-7958b4a0ea,1,true,wandb_export_2026-07-22T16_22_44.564-04_00.csv
WDB-0166,166,ca-attnpool_fulltf+strat+leo_moeenc8e2k256h_shared256h_lb0.01_mse_8196gbs_0.0001lr_1e-05wd_500epochs_250es_1gxe_4heads_128emb_0.15do,finished,2026-03-11T14:09:30.000Z,2026-03-11T14:53:43.000Z,2605c52cbcb8218e481a23c36d0cc1a76a6a987b,https://github.com/Jacobson-CompSysBio/GP-Transformer/tree/2605c52cbcb8218e481a23c36d0cc1a76a6a987b,,fulltf_moeenc8e2k256h_shared256h_lb0.01_mse_8196gbs_0.0001lr_1e-05wd_500epochs_250es_1gxe_4heads_128emb_0.15do,,,,,mse,1.0,,val_loss/env_avg_pearson,8196,128,4,1,0.15,8,256,256,false,,,0.3384946584701538,0.3330486293641276,9.83318201145599,8.998331926633432,0.32271704430250403,study_record_development,,supplement_completed_run,completed run retained for descriptive provenance,SIG-f2ae3b7e6d,1,true,wandb_export_2026-07-22T16_22_44.564-04_00.csv
WDB-0167,167,ca-mse_fulltf+strat+leo_moeenc8e2k256h_shared256h_lb0.01_mse_8196gbs_0.0001lr_1e-05wd_500epochs_250es_1gxe_4heads_128emb_0.15do,finished,2026-03-11T13:11:15.000Z,2026-03-11T13:54:00.000Z,2605c52cbcb8218e481a23c36d0cc1a76a6a987b,https://github.com/Jacobson-CompSysBio/GP-Transformer/tree/2605c52cbcb8218e481a23c36d0cc1a76a6a987b,,fulltf_moeenc8e2k256h_shared256h_lb0.01_mse_8196gbs_0.0001lr_1e-05wd_500epochs_250es_1gxe_4heads_128emb_0.15do,,,,,mse,1.0,,val_loss/env_avg_pearson,8196,128,4,1,0.15,8,256,256,false,,,0.34859493374824524,0.32594223259720734,8.912359448502848,8.293944297641898,0.31738657729370695,study_record_development,,supplement_completed_run,completed run retained for descriptive provenance,SIG-aced7ca959,1,true,wandb_export_2026-07-22T16_22_44.564-04_00.csv
WDB-0168,168,ca-32_fulltf+strat+leo_moeenc8e2k256h_shared256h_lb0.01_envpcc_8196gbs_0.0001lr_1e-05wd_500epochs_250es_1gxe_4heads_128emb_0.15do,finished,2026-03-11T12:16:15.000Z,2026-03-11T13:03:28.000Z,2605c52cbcb8218e481a23c36d0cc1a76a6a987b,https://github.com/Jacobson-CompSysBio/GP-Transformer/tree/2605c52cbcb8218e481a23c36d0cc1a76a6a987b,,fulltf_moeenc8e2k256h_shared256h_lb0.01_envpcc_8196gbs_0.0001lr_1e-05wd_500epochs_250es_1gxe_4heads_128emb_0.15do,,,,,envpcc,1.0,,val_loss/env_avg_pearson,8196,128,4,1,0.15,8,256,256,false,,,0.3483358323574066,0.35516424169533445,126.9094715572966,127.54697832043723,0.20299933007153545,study_record_development,,supplement_completed_run,completed run retained for descriptive provenance,SIG-bdc8dd1714,1,true,wandb_export_2026-07-22T16_22_44.564-04_00.csv
WDB-0169,169,sinn-ge-e512-g1-gxe2-lr5e-04-s1,finished,2026-03-11T02:02:56.000Z,2026-03-11T04:19:32.000Z,84b395046121e8ce62b41de063be7bb487f35c7d,https://github.com/Jacobson-CompSysBio/GP-Transformer/tree/84b395046121e8ce62b41de063be7bb487f35c7d,,,,,,,,,,,,512,4,2,0.1,,,,,,,,,,,,study_record_development,,not_analyzed_no_test_metric,no finite test macro environment PCC or MSE was exported,SIG-51e24b831a,1,true,wandb_export_2026-07-22T16_22_44.564-04_00.csv
WDB-0170,170,sinn-e-e512-g1-gxe2-lr1e-03-s1,finished,2026-03-11T01:53:21.000Z,2026-03-11T02:01:09.000Z,84b395046121e8ce62b41de063be7bb487f35c7d,https://github.com/Jacobson-CompSysBio/GP-Transformer/tree/84b395046121e8ce62b41de063be7bb487f35c7d,,,,,,,,,,,,512,4,2,0.1,,,,,,,,,,,,study_record_development,,not_analyzed_no_test_metric,no finite test macro environment PCC or MSE was exported,SIG-58b840190c,1,true,wandb_export_2026-07-22T16_22_44.564-04_00.csv
WDB-0171,171,sinn-g-e512-g1-gxe2-lr1e-03-s1,finished,2026-03-11T01:02:00.000Z,2026-03-11T01:51:35.000Z,84b395046121e8ce62b41de063be7bb487f35c7d,https://github.com/Jacobson-CompSysBio/GP-Transformer/tree/84b395046121e8ce62b41de063be7bb487f35c7d,,,,,,,,,,,,512,4,2,0.1,,,,,,,,,,,,study_record_development,,not_analyzed_no_test_metric,no finite test macro environment PCC or MSE was exported,SIG-99bd247227,1,true,wandb_export_2026-07-22T16_22_44.564-04_00.csv
WDB-0172,172,eval_g+e+ld+wg_pcc_2048gbs_0.001lr_1e-05wd_1000epochs_50es_1g_1ld_1mlp_4gxe_16heads_768emb_0.25do,finished,2026-03-11T00:29:15.000Z,2026-03-11T00:29:37.000Z,e35960085968b7580854e9b1a9db70e2ddddfcf5,https://github.com/Jacobson-CompSysBio/GP-Transformer/tree/e35960085968b7580854e9b1a9db70e2ddddfcf5,,g+e+ld+wg_pcc_2048gbs_0.001lr_1e-05wd_1000epochs_50es_1g_1ld_1mlp_4gxe_16heads_768emb_0.25do,,,,,,,,,,,,,,,,,,,,0.3267907202243805,0.3058290178918592,11.428557745582957,11.024713200703353,0.10326410297629024,study_record_development,,supplement_completed_run,completed run retained for descriptive provenance,SIG-d8294c6e95,1,true,wandb_export_2026-07-22T16_22_44.564-04_00.csv
WDB-0173,173,sinn-ge-e256-g1-gxe1-lr5e-04-s1,finished,2026-03-10T22:37:59.000Z,2026-03-10T22:47:48.000Z,e35960085968b7580854e9b1a9db70e2ddddfcf5,https://github.com/Jacobson-CompSysBio/GP-Transformer/tree/e35960085968b7580854e9b1a9db70e2ddddfcf5,,,,,,,,,,,,256,4,1,0.1,,,,,,,,,,,,study_record_development,,not_analyzed_no_test_metric,no finite test macro environment PCC or MSE was exported,SIG-bcc7053c8e,1,true,wandb_export_2026-07-22T16_22_44.564-04_00.csv
WDB-0174,174,sinn-e-e256-g1-gxe1-lr1e-03-s1,finished,2026-03-10T22:34:12.000Z,2026-03-10T22:36:10.000Z,e35960085968b7580854e9b1a9db70e2ddddfcf5,https://github.com/Jacobson-CompSysBio/GP-Transformer/tree/e35960085968b7580854e9b1a9db70e2ddddfcf5,,,,,,,,,,,,256,4,1,0.1,,,,,,,,,,,,study_record_development,,not_analyzed_no_test_metric,no finite test macro environment PCC or MSE was exported,SIG-181fa6451c,1,true,wandb_export_2026-07-22T16_22_44.564-04_00.csv
WDB-0175,175,sinn-g-e256-g1-gxe1-lr1e-03-s1,finished,2026-03-10T22:24:45.000Z,2026-03-10T22:32:25.000Z,e35960085968b7580854e9b1a9db70e2ddddfcf5,https://github.com/Jacobson-CompSysBio/GP-Transformer/tree/e35960085968b7580854e9b1a9db70e2ddddfcf5,,,,,,,,,,,,256,4,1,0.1,,,,,,,,,,,,study_record_development,,not_analyzed_no_test_metric,no finite test macro environment PCC or MSE was exported,SIG-41f7846e72,1,true,wandb_export_2026-07-22T16_22_44.564-04_00.csv
WDB-0176,176,ca-256_fulltf+strat+leo_moeenc8e2k256h_shared256h_lb0.01_envpcc_8196gbs_0.0001lr_1e-05wd_900epochs_450es_1gxe_4heads_256emb_0.15do,finished,2026-03-10T20:55:44.000Z,2026-03-10T22:20:36.000Z,2605c52cbcb8218e481a23c36d0cc1a76a6a987b,https://github.com/Jacobson-CompSysBio/GP-Transformer/tree/2605c52cbcb8218e481a23c36d0cc1a76a6a987b,,fulltf_moeenc8e2k256h_shared256h_lb0.01_envpcc_8196gbs_0.0001lr_1e-05wd_900epochs_450es_1gxe_4heads_256emb_0.15do,,,,,envpcc,1.0,,val_loss/env_avg_pearson,8196,256,4,1,0.15,8,256,256,false,,,0.37025946378707886,0.3703536654763133,124.26164855853168,124.8005574898858,0.14089504654246854,study_record_development,,supplement_completed_run,completed run retained for descriptive provenance,SIG-4653ed13cd,1,true,wandb_export_2026-07-22T16_22_44.564-04_00.csv
WDB-0177,177,ca-sinn-film_fulltf+strat+leo_moeenc8e2k256h_shared256h_lb0.01_envpcc_8196gbs_0.0001lr_1e-05wd_500epochs_500es_1gxe_4heads_128emb_0.15do,finished,2026-03-10T18:15:07.000Z,2026-03-10T19:08:33.000Z,2605c52cbcb8218e481a23c36d0cc1a76a6a987b,https://github.com/Jacobson-CompSysBio/GP-Transformer/tree/2605c52cbcb8218e481a23c36d0cc1a76a6a987b,,fulltf_moeenc8e2k256h_shared256h_lb0.01_envpcc_8196gbs_0.0001lr_1e-05wd_500epochs_500es_1gxe_4heads_128emb_0.15do,,,,,envpcc,1.0,,val_loss/env_avg_pearson,8196,128,4,1,0.15,8,256,256,false,,,0.3467888832092285,0.3526979453503184,123.13873812712268,123.75980055926831,0.12723427224707604,study_record_development,,supplement_completed_run,completed run retained for descriptive provenance,SIG-74e2d7858f,1,true,wandb_export_2026-07-22T16_22_44.564-04_00.csv
WDB-0178,178,ca-sinn_fulltf+strat+leo_moeenc8e2k256h_shared256h_lb0.01_envpcc_8196gbs_0.0001lr_1e-05wd_1000epochs_500es_1gxe_4heads_128emb_0.15do,finished,2026-03-10T15:10:53.000Z,2026-03-10T16:25:31.000Z,2605c52cbcb8218e481a23c36d0cc1a76a6a987b,https://github.com/Jacobson-CompSysBio/GP-Transformer/tree/2605c52cbcb8218e481a23c36d0cc1a76a6a987b,,fulltf_moeenc8e2k256h_shared256h_lb0.01_envpcc_8196gbs_0.0001lr_1e-05wd_1000epochs_500es_1gxe_4heads_128emb_0.15do,,,,,envpcc,1.0,,val_loss/env_avg_pearson,8196,128,4,1,0.15,8,256,256,false,,,0.30889540910720825,0.3032581248681996,126.01792919363436,126.63441087775227,0.17129600280090365,study_record_development,,supplement_completed_run,completed run retained for descriptive provenance,SIG-c96ea8bcfc,1,true,wandb_export_2026-07-22T16_22_44.564-04_00.csv
WDB-0179,179,ca-small-relu_fulltf+strat+leo_moeenc8e2k256h_shared256h_lb0.01_envpcc_8196gbs_0.0001lr_1e-05wd_500epochs_200es_1gxe_4heads_128emb_0.15do,finished,2026-03-10T13:54:31.000Z,2026-03-10T14:47:56.000Z,2605c52cbcb8218e481a23c36d0cc1a76a6a987b,https://github.com/Jacobson-CompSysBio/GP-Transformer/tree/2605c52cbcb8218e481a23c36d0cc1a76a6a987b,,fulltf_moeenc8e2k256h_shared256h_lb0.01_envpcc_8196gbs_0.0001lr_1e-05wd_500epochs_200es_1gxe_4heads_128emb_0.15do,,,,,envpcc,1.0,,val_loss/env_avg_pearson,8196,128,4,1,0.15,8,256,256,false,,,0.1755029559135437,0.15817660680527407,125.47868929173106,126.08217802689434,0.14639727536051617,study_record_development,,supplement_completed_run,completed run retained for descriptive provenance,SIG-e118b17a89,1,true,wandb_export_2026-07-22T16_22_44.564-04_00.csv
WDB-0180,180,ca-old-small_fulltf+strat+leo_moeenc8e2k256h_shared256h_lb0.01_envpcc_8196gbs_0.0001lr_1e-05wd_500epochs_200es_1gxe_4heads_128emb_0.15do,finished,2026-03-10T13:07:10.000Z,2026-03-10T14:00:43.000Z,2605c52cbcb8218e481a23c36d0cc1a76a6a987b,https://github.com/Jacobson-CompSysBio/GP-Transformer/tree/2605c52cbcb8218e481a23c36d0cc1a76a6a987b,,fulltf_moeenc8e2k256h_shared256h_lb0.01_envpcc_8196gbs_0.0001lr_1e-05wd_500epochs_200es_1gxe_4heads_128emb_0.15do,,,,,envpcc,1.0,,val_loss/env_avg_pearson,8196,128,4,1,0.15,8,256,256,false,,,0.3562484681606293,0.36196411576463344,124.60565627724174,125.2311020810819,0.17307229601524882,study_record_development,,supplement_completed_run,completed run retained for descriptive provenance,SIG-d91b16430f,1,true,wandb_export_2026-07-22T16_22_44.564-04_00.csv
WDB-0181,181,ca-bit-larger_fulltf+strat+leo_moeenc8e2k256h_shared256h_lb0.01_envpcc_8196gbs_0.0001lr_1e-05wd_1000epochs_200es_1gxe_4heads_128emb_0.15do,finished,2026-03-10T12:52:35.000Z,2026-03-10T13:42:34.000Z,2605c52cbcb8218e481a23c36d0cc1a76a6a987b,https://github.com/Jacobson-CompSysBio/GP-Transformer/tree/2605c52cbcb8218e481a23c36d0cc1a76a6a987b,,fulltf_moeenc8e2k256h_shared256h_lb0.01_envpcc_8196gbs_0.0001lr_1e-05wd_1000epochs_200es_1gxe_4heads_128emb_0.15do,,,,,envpcc,1.0,,val_loss/env_avg_pearson,8196,128,4,1,0.15,8,256,256,false,,,0.2638407051563263,0.24231474757566973,125.73156951014438,126.34499779408206,0.20241216700685116,study_record_development,,supplement_completed_run,completed run retained for descriptive provenance,SIG-e99eb42274,1,true,wandb_export_2026-07-22T16_22_44.564-04_00.csv
WDB-0182,182,crossattn_fulltf+strat+leo_moeenc8e2k256h_shared256h_lb0.01_envpcc_8196gbs_0.0001lr_1e-05wd_3000epochs_100000es_1gxe_4heads_128emb_0.15do,finished,2026-03-09T16:56:32.000Z,2026-03-09T22:16:30.000Z,2605c52cbcb8218e481a23c36d0cc1a76a6a987b,https://github.com/Jacobson-CompSysBio/GP-Transformer/tree/2605c52cbcb8218e481a23c36d0cc1a76a6a987b,,fulltf_moeenc8e2k256h_shared256h_lb0.01_envpcc_8196gbs_0.0001lr_1e-05wd_3000epochs_100000es_1gxe_4heads_128emb_0.15do,,,,,envpcc,1.0,,val_loss/env_avg_pearson,8196,128,4,1,0.15,8,256,256,false,,,0.36549851298332214,0.37064258339909767,127.06099183857744,127.65174050414352,0.2627356257699616,study_record_development,,supplement_completed_run,completed run retained for descriptive provenance,SIG-3762f63a13,1,true,wandb_export_2026-07-22T16_22_44.564-04_00.csv
WDB-0183,183,ca-bit-larger_fulltf+strat+leo_moeenc8e2k256h_shared256h_lb0.01_envpcc_8196gbs_0.0001lr_1e-05wd_1000epochs_200es_1gxe_4heads_128emb_0.15do,finished,2026-03-09T21:13:03.000Z,2026-03-09T22:08:01.000Z,2605c52cbcb8218e481a23c36d0cc1a76a6a987b,https://github.com/Jacobson-CompSysBio/GP-Transformer/tree/2605c52cbcb8218e481a23c36d0cc1a76a6a987b,,fulltf_moeenc8e2k256h_shared256h_lb0.01_envpcc_8196gbs_0.0001lr_1e-05wd_1000epochs_200es_1gxe_4heads_128emb_0.15do,,,,,envpcc,1.0,,val_loss/env_avg_pearson,8196,128,4,1,0.15,8,256,256,false,,,0.21316909790039065,0.1863551611924945,125.64228006382824,126.21896497141044,0.1894483051144532,study_record_development,,supplement_completed_run,completed run retained for descriptive provenance,SIG-9cf1cfa4c2,1,true,wandb_export_2026-07-22T16_22_44.564-04_00.csv
WDB-0184,184,crossattn-small_fulltf+strat+leo_moeenc8e2k256h_shared256h_lb0.01_envpcc_8196gbs_0.0001lr_1e-05wd_1000epochs_5000es_1gxe_4heads_128emb_0.15do,finished,2026-03-09T18:23:03.000Z,2026-03-09T20:17:27.000Z,2605c52cbcb8218e481a23c36d0cc1a76a6a987b,https://github.com/Jacobson-CompSysBio/GP-Transformer/tree/2605c52cbcb8218e481a23c36d0cc1a76a6a987b,,fulltf_moeenc8e2k256h_shared256h_lb0.01_envpcc_8196gbs_0.0001lr_1e-05wd_1000epochs_5000es_1gxe_4heads_128emb_0.15do,,,,,envpcc,1.0,,val_loss/env_avg_pearson,8196,128,4,1,0.15,8,256,256,false,,,0.19756187498569489,0.2010652651714788,127.62808476420668,128.25837655873292,0.1248840011475842,study_record_development,,supplement_completed_run,completed run retained for descriptive provenance,SIG-2862dbcad7,1,true,wandb_export_2026-07-22T16_22_44.564-04_00.csv
WDB-0185,185,fulltf+strat_moeenc8e2k256h_shared256h_lb0.01_envpcc_8192gbs_0.0001lr_1e-05wd_3000epochs_200es_1gxe_4heads_256emb_0.15do,finished,2026-03-09T17:33:44.000Z,2026-03-09T19:37:28.000Z,9cb0d9f558a0b7020e04dee2182dabf7e39d0229,https://github.com/Jacobson-CompSysBio/GP-Transformer/tree/9cb0d9f558a0b7020e04dee2182dabf7e39d0229,,fulltf_moeenc8e2k256h_shared256h_lb0.01_envpcc_8192gbs_0.0001lr_1e-05wd_3000epochs_200es_1gxe_4heads_256emb_0.15do,,,,,envpcc,1.0,,val_loss/tw_select_score,8192,256,4,1,0.15,8,256,256,false,,,0.4013633728027344,0.40554096264130046,99.8503597841884,100.36600306306902,0.1536899901673419,study_record_development,,supplement_completed_run,completed run retained for descriptive provenance,SIG-da97b9b4d2,1,true,wandb_export_2026-07-22T16_22_44.564-04_00.csv
WDB-0186,186,g+e+ld+tf+wg+strat_moeenc8e2k256h_shared256h_lb0.01_envpcc_8192gbs_0.0001lr_1e-05wd_3000epochs_200es_1g_1ld_1mlp_1gxe_4heads_256emb_0.15do,finished,2026-03-09T17:59:36.000Z,2026-03-09T19:31:54.000Z,9cb0d9f558a0b7020e04dee2182dabf7e39d0229,https://github.com/Jacobson-CompSysBio/GP-Transformer/tree/9cb0d9f558a0b7020e04dee2182dabf7e39d0229,,g+e+ld+tf+wg_moeenc8e2k256h_shared256h_lb0.01_envpcc_8192gbs_0.0001lr_1e-05wd_3000epochs_200es_1g_1ld_1mlp_1gxe_4heads_256emb_0.15do,,,,,envpcc,1.0,,val_loss/tw_select_score,8192,256,4,1,0.15,8,256,256,false,,,0.3168643116950989,0.3274595154605981,115.43214281596804,116.08051756061344,0.34169322406967745,study_record_development,,supplement_completed_run,completed run retained for descriptive provenance,SIG-8478a687f0,1,true,wandb_export_2026-07-22T16_22_44.564-04_00.csv
WDB-0187,187,crossattn-small_fulltf+strat+leo_moeenc8e2k256h_shared256h_lb0.01_envpcc_8196gbs_0.0001lr_1e-05wd_1000epochs_200es_1gxe_4heads_128emb_0.15do,finished,2026-03-09T16:02:27.000Z,2026-03-09T16:49:34.000Z,2605c52cbcb8218e481a23c36d0cc1a76a6a987b,https://github.com/Jacobson-CompSysBio/GP-Transformer/tree/2605c52cbcb8218e481a23c36d0cc1a76a6a987b,,fulltf_moeenc8e2k256h_shared256h_lb0.01_envpcc_8196gbs_0.0001lr_1e-05wd_1000epochs_200es_1gxe_4heads_128emb_0.15do,,,,,envpcc,1.0,,val_loss/env_avg_pearson,8196,128,4,1,0.15,8,256,256,false,,,0.2745758593082428,0.282198449905825,127.21786250237218,127.8388125588632,0.12007381373434524,study_record_development,,supplement_completed_run,completed run retained for descriptive provenance,SIG-06c8b92e33,1,true,wandb_export_2026-07-22T16_22_44.564-04_00.csv
WDB-0188,188,fulltf+strat_moeenc8e2k256h_shared256h_lb0.01_envpcc_8192gbs_0.0001lr_1e-05wd_3000epochs_200es_1gxe_4heads_256emb_0.15do,finished,2026-03-06T21:23:11.000Z,2026-03-06T23:11:40.000Z,8b327a6ded02d9b99d91d8b87abf42e1af6264b4,https://github.com/Jacobson-CompSysBio/GP-Transformer/tree/8b327a6ded02d9b99d91d8b87abf42e1af6264b4,,fulltf_moeenc8e2k256h_shared256h_lb0.01_envpcc_8192gbs_0.0001lr_1e-05wd_3000epochs_200es_1gxe_4heads_256emb_0.15do,,,,,envpcc,1.0,,val_loss/tw_select_score,8192,256,4,1,0.15,8,256,256,false,,,0.4007245898246765,0.40493292068734216,100.28773925530533,100.81472870875194,0.15174508173031742,study_record_development,,supplement_completed_run,completed run retained for descriptive provenance,SIG-cd6a075d23,1,true,wandb_export_2026-07-22T16_22_44.564-04_00.csv
WDB-0189,189,crossattn_fulltf+strat+leo_moeenc8e2k256h_shared256h_lb0.01_envpcc_8196gbs_0.0001lr_1e-05wd_1000epochs_10000es_1gxe_4heads_128emb_0.15do,finished,2026-03-06T20:25:50.000Z,2026-03-06T22:13:21.000Z,2605c52cbcb8218e481a23c36d0cc1a76a6a987b,https://github.com/Jacobson-CompSysBio/GP-Transformer/tree/2605c52cbcb8218e481a23c36d0cc1a76a6a987b,,fulltf_moeenc8e2k256h_shared256h_lb0.01_envpcc_8196gbs_0.0001lr_1e-05wd_1000epochs_10000es_1gxe_4heads_128emb_0.15do,,,,,envpcc,1.0,,val_loss/env_avg_pearson,8196,128,4,1,0.15,8,256,256,false,,,0.3835612833499909,0.3867133479470143,127.6580425265634,128.2753183760774,0.26129868733806677,study_record_development,,supplement_completed_run,completed run retained for descriptive provenance,SIG-ab07b03825,1,true,wandb_export_2026-07-22T16_22_44.564-04_00.csv
WDB-0190,190,crossattn_fulltf+strat+leo_moeenc8e2k256h_shared256h_lb0.01_envpcc_8196gbs_0.0001lr_1e-05wd_3000epochs_200es_1gxe_4heads_128emb_0.15do,finished,2026-03-06T17:30:13.000Z,2026-03-06T18:06:57.000Z,2605c52cbcb8218e481a23c36d0cc1a76a6a987b,https://github.com/Jacobson-CompSysBio/GP-Transformer/tree/2605c52cbcb8218e481a23c36d0cc1a76a6a987b,,fulltf_moeenc8e2k256h_shared256h_lb0.01_envpcc_8196gbs_0.0001lr_1e-05wd_3000epochs_200es_1gxe_4heads_128emb_0.15do,,,,,envpcc,1.0,,val_loss/env_avg_pearson,8196,128,4,1,0.15,8,256,256,false,,,0.36004582047462463,0.3622951207385191,127.6260869612745,128.2266575814428,0.2097266803119384,study_record_development,,supplement_completed_run,completed run retained for descriptive provenance,SIG-6888f1bbca,1,true,wandb_export_2026-07-22T16_22_44.564-04_00.csv
WDB-0191,191,g+e+ld+tf+wg+strat_moeenc8e2k256h_shared256h_lb0.01_envpcc_8192gbs_0.0001lr_1e-05wd_3000epochs_200es_1g_1ld_1mlp_1gxe_4heads_256emb_0.15do,finished,2026-03-06T03:17:15.000Z,2026-03-06T04:40:26.000Z,2e6a26b6d4092948bf6226be7ada3fd2a5d90b9b,https://github.com/Jacobson-CompSysBio/GP-Transformer/tree/2e6a26b6d4092948bf6226be7ada3fd2a5d90b9b,,g+e+ld+tf+wg_moeenc8e2k256h_shared256h_lb0.01_envpcc_8192gbs_0.0001lr_1e-05wd_3000epochs_200es_1g_1ld_1mlp_1gxe_4heads_256emb_0.15do,,,,,envpcc,1.0,,val_loss/tw_select_score,8192,256,4,1,0.15,8,256,256,false,,,0.3616330623626709,0.36065729959767,113.81179439727634,114.52578454161385,0.172623990987737,study_record_development,,supplement_completed_run,completed run retained for descriptive provenance,SIG-2355d8da7e,1,true,wandb_export_2026-07-22T16_22_44.564-04_00.csv
WDB-0192,192,g+e+ld+tf+wg+strat_moeenc8e2k256h_shared256h_lb0.01_envpcc_8192gbs_0.0001lr_1e-05wd_3000epochs_200es_1g_1ld_1mlp_1gxe_4heads_256emb_0.15do,finished,2026-03-06T03:17:13.000Z,2026-03-06T04:36:28.000Z,2e6a26b6d4092948bf6226be7ada3fd2a5d90b9b,https://github.com/Jacobson-CompSysBio/GP-Transformer/tree/2e6a26b6d4092948bf6226be7ada3fd2a5d90b9b,,g+e+ld+tf+wg_moeenc8e2k256h_shared256h_lb0.01_envpcc_8192gbs_0.0001lr_1e-05wd_3000epochs_200es_1g_1ld_1mlp_1gxe_4heads_256emb_0.15do,,,,,envpcc,1.0,,val_loss/tw_select_score,8192,256,4,1,0.15,8,256,256,false,,,0.3616330623626709,0.36065729959767,113.81179439727634,114.52578454161385,0.172623990987737,study_record_development,,supplement_completed_run,completed run retained for descriptive provenance,SIG-9b4471c67c,1,true,wandb_export_2026-07-22T16_22_44.564-04_00.csv
WDB-0193,193,g+e+ld+tf+wg+strat+leo_moeenc8e2k256h_shared256h_lb0.01_envpcc_8192gbs_0.0001lr_1e-05wd_3000epochs_200es_1g_1ld_1mlp_1gxe_4heads_256emb_0.15do,finished,2026-03-05T22:04:33.000Z,2026-03-05T23:44:11.000Z,2e6a26b6d4092948bf6226be7ada3fd2a5d90b9b,https://github.com/Jacobson-CompSysBio/GP-Transformer/tree/2e6a26b6d4092948bf6226be7ada3fd2a5d90b9b,,g+e+ld+tf+wg_moeenc8e2k256h_shared256h_lb0.01_envpcc_8192gbs_0.0001lr_1e-05wd_3000epochs_200es_1g_1ld_1mlp_1gxe_4heads_256emb_0.15do,,,,,envpcc,1.0,,val_loss/tw_select_score,8192,256,4,1,0.15,8,256,256,false,,,0.3081876337528229,0.3164886406767508,116.46976496657736,117.1285507834947,0.0988557992047674,study_record_development,architecture_branch_control,main_text_comparison,selected representative record for a highlighted comparison,SIG-4c7504c594,1,true,wandb_export_2026-07-22T16_22_44.564-04_00.csv
WDB-0194,194,fulltf+strat+leo_moeenc8e2k256h_shared256h_lb0.01_envpcc_8192gbs_0.0001lr_1e-05wd_3000epochs_200es_1gxe_4heads_256emb_0.15do,finished,2026-03-05T21:51:56.000Z,2026-03-05T23:18:08.000Z,2e6a26b6d4092948bf6226be7ada3fd2a5d90b9b,https://github.com/Jacobson-CompSysBio/GP-Transformer/tree/2e6a26b6d4092948bf6226be7ada3fd2a5d90b9b,,fulltf_moeenc8e2k256h_shared256h_lb0.01_envpcc_8192gbs_0.0001lr_1e-05wd_3000epochs_200es_1gxe_4heads_256emb_0.15do,,,,,envpcc,1.0,,val_loss/tw_select_score,8192,256,4,1,0.15,8,256,256,false,,,0.4106592833995819,0.4165055649698738,96.3382964903995,96.8160198707266,0.15562072832441184,study_record_development,architecture_unified_control,main_text_comparison,selected representative record for a highlighted comparison,SIG-d30e6d58fb,1,true,wandb_export_2026-07-22T16_22_44.564-04_00.csv
WDB-0195,195,fulltf+strat+leo+contrg+grm_gcontr0.1grm-mse_moeenc16e4k256h_shared256h_lb0.01_envpcc_2048gbs_0.0001lr_1e-05wd_1epochs_50es_2gxe_4heads_256emb_0.15do,finished,2026-03-05T20:18:43.000Z,2026-03-05T20:21:16.000Z,2e6a26b6d4092948bf6226be7ada3fd2a5d90b9b,https://github.com/Jacobson-CompSysBio/GP-Transformer/tree/2e6a26b6d4092948bf6226be7ada3fd2a5d90b9b,,fulltf+grm_moeenc16e4k256h_shared256h_lb0.01_envpcc_2048gbs_0.0001lr_1e-05wd_1epochs_50es_2gxe_4heads_256emb_0.15do,,,,,envpcc,1.0,,val_loss/tw_select_score,2048,256,4,2,0.15,16,256,256,false,,,0.1700555831193924,0.14919164946592187,123.81029629775264,124.43356009406423,0.09781656438636052,study_record_development,,supplement_completed_run,completed run retained for descriptive provenance,SIG-69392a60f8,1,true,wandb_export_2026-07-22T16_22_44.564-04_00.csv
WDB-0196,196,mything_fulltf+strat_moeenc8e2k256h_shared256h_lb0.01_envpcc_8196gbs_0.0001lr_1e-05wd_3000epochs_100es_1gxe_4heads_128emb_0.15do,finished,2026-03-05T19:12:18.000Z,2026-03-05T19:29:37.000Z,b612e7843aeda49b6bc3b71ccd6f26f7311aeb8c,https://github.com/Jacobson-CompSysBio/GP-Transformer/tree/b612e7843aeda49b6bc3b71ccd6f26f7311aeb8c,,fulltf_moeenc8e2k256h_shared256h_lb0.01_envpcc_8196gbs_0.0001lr_1e-05wd_3000epochs_100es_1gxe_4heads_128emb_0.15do,,,,,envpcc,1.0,,val_loss/env_avg_pearson,8196,128,4,1,0.15,8,256,256,false,,,NaN,NaN,129.38311643825617,130.33935663691264,-0.3616743003904808,study_record_development,,supplement_completed_run,completed run retained for descriptive provenance,SIG-69f6a5addb,1,true,wandb_export_2026-07-22T16_22_44.564-04_00.csv
WDB-0197,197,fulltf+strat+leo_moeenc8e2k256h_shared256h_lb0.01_envpcc_8192gbs_0.0001lr_1e-05wd_3000epochs_200es_1gxe_4heads_256emb_0.0do,finished,2026-03-05T17:35:18.000Z,2026-03-05T18:24:53.000Z,c16643e6373128d9a97f0d00d4f4737593447927,https://github.com/Jacobson-CompSysBio/GP-Transformer/tree/c16643e6373128d9a97f0d00d4f4737593447927,,fulltf_moeenc8e2k256h_shared256h_lb0.01_envpcc_8192gbs_0.0001lr_1e-05wd_3000epochs_200es_1gxe_4heads_256emb_0.0do,,,,,envpcc,1.0,,val_loss/env_avg_pearson,8192,256,4,1,0,8,256,256,false,,,0.3352243900299072,0.34227914298376505,80.72621971796222,82.11971221064374,-0.044952672782483105,study_record_development,,supplement_completed_run,completed run retained for descriptive provenance,SIG-b21e74ba60,1,true,wandb_export_2026-07-22T16_22_44.564-04_00.csv
WDB-0198,198,mything_fulltf+strat_moeenc8e2k256h_shared256h_lb0.01_envpcc_8196gbs_0.0001lr_1e-05wd_3000epochs_100es_1gxe_4heads_256emb_0.15do,finished,2026-03-05T14:29:00.000Z,2026-03-05T15:44:26.000Z,b612e7843aeda49b6bc3b71ccd6f26f7311aeb8c,https://github.com/Jacobson-CompSysBio/GP-Transformer/tree/b612e7843aeda49b6bc3b71ccd6f26f7311aeb8c,,fulltf_moeenc8e2k256h_shared256h_lb0.01_envpcc_8196gbs_0.0001lr_1e-05wd_3000epochs_100es_1gxe_4heads_256emb_0.15do,,,,,envpcc,1.0,,val_loss/env_avg_pearson,8196,256,4,1,0.15,8,256,256,false,,,0.2902427315711975,0.281307021427235,125.95063067770823,126.583812373771,0.17686218966436554,study_record_development,,supplement_completed_run,completed run retained for descriptive provenance,SIG-c256bc3d94,1,true,wandb_export_2026-07-22T16_22_44.564-04_00.csv
WDB-0199,199,fulltf+strat+leo_moeenc8e2k256h_shared256h_lb0.01_envmse_8192gbs_0.0001lr_1e-05wd_3000epochs_200es_1gxe_4heads_256emb_0.15do,finished,2026-03-05T00:14:39.000Z,2026-03-05T01:31:21.000Z,c85b7b80be53fffd412b0f756e4d4e183bb632f2,https://github.com/Jacobson-CompSysBio/GP-Transformer/tree/c85b7b80be53fffd412b0f756e4d4e183bb632f2,,fulltf_moeenc8e2k256h_shared256h_lb0.01_envmse_8192gbs_0.0001lr_1e-05wd_3000epochs_200es_1gxe_4heads_256emb_0.15do,,,,,envmse,1.0,,val_loss/env_avg_pearson,8192,256,4,1,0.15,8,256,256,false,,,0.18991561233997345,0.17267786625612805,12.081923157348095,11.9522080519862,-0.06455111847281728,study_record_development,,supplement_completed_run,completed run retained for descriptive provenance,SIG-a9440b4d3d,1,true,wandb_export_2026-07-22T16_22_44.564-04_00.csv
WDB-0200,200,fulltf+strat+leo_moeenc8e2k256h_shared256h_lb0.01_envpcc_8192gbs_0.0001lr_1e-05wd_3000epochs_200es_1gxe_4heads_256emb_0.15do,finished,2026-03-04T22:03:33.000Z,2026-03-04T23:53:16.000Z,c85b7b80be53fffd412b0f756e4d4e183bb632f2,https://github.com/Jacobson-CompSysBio/GP-Transformer/tree/c85b7b80be53fffd412b0f756e4d4e183bb632f2,,fulltf_moeenc8e2k256h_shared256h_lb0.01_envpcc_8192gbs_0.0001lr_1e-05wd_3000epochs_200es_1gxe_4heads_256emb_0.15do,,,,,envpcc,1.0,,val_loss/env_avg_pearson,8192,256,4,1,0.15,8,256,256,false,,,0.29075875878334045,0.29877777299284797,107.96985813781498,108.5301086603871,0.10324640900234816,study_record_development,,supplement_completed_run,completed run retained for descriptive provenance,SIG-8214aefcb9,1,true,wandb_export_2026-07-22T16_22_44.564-04_00.csv
WDB-0201,201,fulltf+strat+leo_moeenc8e2k256h_shared256h_lb0.01_envpcc_8192gbs_0.0001lr_1e-05wd_3000epochs_200es_1gxe_4heads_256emb_0.15do,finished,2026-03-04T22:03:22.000Z,2026-03-04T23:45:04.000Z,c85b7b80be53fffd412b0f756e4d4e183bb632f2,https://github.com/Jacobson-CompSysBio/GP-Transformer/tree/c85b7b80be53fffd412b0f756e4d4e183bb632f2,,fulltf_moeenc8e2k256h_shared256h_lb0.01_envpcc_8192gbs_0.0001lr_1e-05wd_3000epochs_200es_1gxe_4heads_256emb_0.15do,,,,,envpcc,1.0,,val_loss/env_avg_pearson,8192,256,4,1,0.15,8,256,256,false,,,0.28955671191215515,0.2978289950700729,108.07906515948892,108.63859329802403,0.10173254438975704,study_record_development,,supplement_completed_run,completed run retained for descriptive provenance,SIG-61fc8b1abe,1,true,wandb_export_2026-07-22T16_22_44.564-04_00.csv
WDB-0202,202,fulltf+strat+leo_moeenc8e2k256h_shared256h_lb0.01_mse_8192gbs_0.0001lr_1e-05wd_3000epochs_200es_1gxe_4heads_256emb_0.15do,finished,2026-03-04T22:03:32.000Z,2026-03-04T22:53:07.000Z,c85b7b80be53fffd412b0f756e4d4e183bb632f2,https://github.com/Jacobson-CompSysBio/GP-Transformer/tree/c85b7b80be53fffd412b0f756e4d4e183bb632f2,,fulltf_moeenc8e2k256h_shared256h_lb0.01_mse_8192gbs_0.0001lr_1e-05wd_3000epochs_200es_1gxe_4heads_256emb_0.15do,,,,,mse,1.0,,val_loss/env_avg_pearson,8192,256,4,1,0.15,8,256,256,false,,,0.23247884213924408,0.223049974983566,8.798894685669488,8.36944430768024,0.2760516187775439,study_record_development,,supplement_completed_run,completed run retained for descriptive provenance,SIG-73984ce4a3,1,true,wandb_export_2026-07-22T16_22_44.564-04_00.csv
WDB-0203,203,g+e+ld+tf+wg+strat_moeenc8e2k256h_shared256h_lb0.01_envpcc_8192gbs_0.0001lr_1e-05wd_3000epochs_200es_1g_1ld_1mlp_1gxe_4heads_256emb_0.15do,finished,2026-03-04T00:17:35.000Z,2026-03-04T02:11:55.000Z,b4b2c7f120b5936e889890c7cb5f00fed0140632,https://github.com/Jacobson-CompSysBio/GP-Transformer/tree/b4b2c7f120b5936e889890c7cb5f00fed0140632,,g+e+ld+tf+wg_moeenc8e2k256h_shared256h_lb0.01_envpcc_8192gbs_0.0001lr_1e-05wd_3000epochs_200es_1g_1ld_1mlp_1gxe_4heads_256emb_0.15do,,,,,envpcc,1.0,,val_loss/env_avg_pearson,8192,256,4,1,0.15,8,256,256,false,,,0.25292712450027466,0.252005108624714,119.0721638482394,120.16078961606914,0.30928239954204023,study_record_development,,supplement_completed_run,completed run retained for descriptive provenance,SIG-911ac95383,1,true,wandb_export_2026-07-22T16_22_44.564-04_00.csv
WDB-0204,204,fulltf+strat_moeenc8e2k256h_shared256h_lb0.01_envpcc_8192gbs_0.0001lr_1e-05wd_3000epochs_200es_1gxe_4heads_256emb_0.15do,finished,2026-03-04T00:17:40.000Z,2026-03-04T01:47:52.000Z,b4b2c7f120b5936e889890c7cb5f00fed0140632,https://github.com/Jacobson-CompSysBio/GP-Transformer/tree/b4b2c7f120b5936e889890c7cb5f00fed0140632,,fulltf_moeenc8e2k256h_shared256h_lb0.01_envpcc_8192gbs_0.0001lr_1e-05wd_3000epochs_200es_1gxe_4heads_256emb_0.15do,,,,,envpcc,1.0,,val_loss/env_avg_pearson,8192,256,4,1,0.15,8,256,256,false,,,0.4014453589916229,0.405947661589475,98.87764374231271,99.39112751444296,0.15134113759530554,study_record_development,,supplement_completed_run,completed run retained for descriptive provenance,SIG-975a1b74ee,1,true,wandb_export_2026-07-22T16_22_44.564-04_00.csv
WDB-0205,205,2022only_fulltf+strat_moeenc8e2k256h_shared256h_lb0.01_envpcc_1024gbs_0.0001lr_1e-05wd_2000epochs_100es_1gxe_4heads_256emb_0.2do,finished,2026-03-03T21:03:23.000Z,2026-03-03T21:12:49.000Z,b612e7843aeda49b6bc3b71ccd6f26f7311aeb8c,https://github.com/Jacobson-CompSysBio/GP-Transformer/tree/b612e7843aeda49b6bc3b71ccd6f26f7311aeb8c,,fulltf_moeenc8e2k256h_shared256h_lb0.01_envpcc_1024gbs_0.0001lr_1e-05wd_2000epochs_100es_1gxe_4heads_256emb_0.2do,,,,,envpcc,1.0,,val_loss/env_avg_pearson,1024,256,4,1,0.2,8,256,256,false,,,0.2681732773780823,0.2861968145578318,124.73053484667216,125.69883363549616,0.061972950662796775,study_record_development,,supplement_completed_run,completed run retained for descriptive provenance,SIG-b172d5be7c,1,true,wandb_export_2026-07-22T16_22_44.564-04_00.csv
WDB-0206,206,fulltf+strat+leo_moeenc8e2k256h_shared256h_lb0.01_envpcc_8192gbs_0.0001lr_1e-05wd_3000epochs_200es_1gxe_4heads_256emb_0.15do,finished,2026-03-03T17:56:59.000Z,2026-03-03T18:47:22.000Z,b75d11f72bb956a7b38b7fd356a6ff443d3aacd9,https://github.com/Jacobson-CompSysBio/GP-Transformer/tree/b75d11f72bb956a7b38b7fd356a6ff443d3aacd9,,fulltf_moeenc8e2k256h_shared256h_lb0.01_envpcc_8192gbs_0.0001lr_1e-05wd_3000epochs_200es_1gxe_4heads_256emb_0.15do,,,,,envpcc,1.0,,val_loss/env_avg_pearson,8192,256,4,1,0.15,8,256,256,false,,,0.4091687798500061,0.4132055842656316,102.60736507852076,103.176962117813,0.17060265819166406,study_record_development,,supplement_completed_run,completed run retained for descriptive provenance,SIG-37772abeef,1,true,wandb_export_2026-07-22T16_22_44.564-04_00.csv
WDB-0207,207,fulltf+strat+leo+segemb_moeenc8e2k256h_shared256h_lb0.01_envpcc_8192gbs_0.0001lr_1e-05wd_3000epochs_200es_1gxe_4heads_256emb_0.15do,finished,2026-03-03T04:15:26.000Z,2026-03-03T08:17:49.000Z,062128b667340ac46c20ba95d5f393de6f99eca5,https://github.com/Jacobson-CompSysBio/GP-Transformer/tree/062128b667340ac46c20ba95d5f393de6f99eca5,,fulltf+segemb_moeenc8e2k256h_shared256h_lb0.01_envpcc_8192gbs_0.0001lr_1e-05wd_3000epochs_200es_1gxe_4heads_256emb_0.15do,,,,,envpcc,1.0,,val_loss/env_avg_pearson,8192,256,4,1,0.15,8,256,256,false,,,0.3961501717567444,0.40126859736195,96.4351024351518,96.90361892412024,0.1537177778363866,study_record_development,,supplement_completed_run,completed run retained for descriptive provenance,SIG-81a63cba31,1,true,wandb_export_2026-07-22T16_22_44.564-04_00.csv
WDB-0208,208,fulltf+strat+leo+rmsnorm_moeenc8e2k256h_shared256h_lb0.01_envpcc_8192gbs_0.0001lr_1e-05wd_3000epochs_200es_1gxe_4heads_256emb_0.15do,finished,2026-03-02T21:48:54.000Z,2026-03-02T22:57:00.000Z,9936be889374b60d66a51bb79a60e5e878a54a09,https://github.com/Jacobson-CompSysBio/GP-Transformer/tree/9936be889374b60d66a51bb79a60e5e878a54a09,,fulltf+rmsnorm_moeenc8e2k256h_shared256h_lb0.01_envpcc_8192gbs_0.0001lr_1e-05wd_3000epochs_200es_1gxe_4heads_256emb_0.15do,,,,,envpcc,1.0,,val_loss/env_avg_pearson,8192,256,4,1,0.15,8,256,256,false,,,0.3953336477279663,0.3997644677707456,101.86923331224072,102.38181614640258,0.15837050201328062,study_record_development,,supplement_completed_run,completed run retained for descriptive provenance,SIG-8f85067cb5,1,true,wandb_export_2026-07-22T16_22_44.564-04_00.csv
WDB-0209,209,fulltf+strat+leo+swiglu_moeenc8e2k256h_shared256h_lb0.01_envpcc_8192gbs_0.0001lr_1e-05wd_3000epochs_200es_1gxe_4heads_256emb_0.15do,finished,2026-03-02T21:49:26.000Z,2026-03-02T22:39:30.000Z,9936be889374b60d66a51bb79a60e5e878a54a09,https://github.com/Jacobson-CompSysBio/GP-Transformer/tree/9936be889374b60d66a51bb79a60e5e878a54a09,,fulltf+swiglu_moeenc8e2k256h_shared256h_lb0.01_envpcc_8192gbs_0.0001lr_1e-05wd_3000epochs_200es_1gxe_4heads_256emb_0.15do,,,,,envpcc,1.0,,val_loss/env_avg_pearson,8192,256,4,1,0.15,8,256,256,false,,,0.420267254114151,0.4270837021153702,103.655299822418,104.22269606404252,0.14587161250440914,study_record_development,,supplement_completed_run,completed run retained for descriptive provenance,SIG-128983f745,1,true,wandb_export_2026-07-22T16_22_44.564-04_00.csv
WDB-0210,210,fulltf+strat+leo_moeenc8e2k256h_shared256h_lb0.01_envpcc_1024gbs_0.0001lr_1e-05wd_3000epochs_200es_1gxe_4heads_256emb_0.15do,finished,2026-02-28T03:07:10.000Z,2026-02-28T14:11:29.000Z,84e03967ca55d5900544d5ac189ae65afb2047e1,https://github.com/Jacobson-CompSysBio/GP-Transformer/tree/84e03967ca55d5900544d5ac189ae65afb2047e1,,fulltf_moeenc8e2k256h_shared256h_lb0.01_envpcc_1024gbs_0.0001lr_1e-05wd_3000epochs_200es_1gxe_4heads_256emb_0.15do,,,,,envpcc,1.0,,val_loss/env_avg_pearson,1024,256,4,1,0.15,8,256,256,false,,,0.3543206751346588,0.35267830463088257,77.55264069588357,77.70453142458688,0.11042271120338504,study_record_development,,supplement_completed_run,completed run retained for descriptive provenance,SIG-fc4ed55167,1,true,wandb_export_2026-07-22T16_22_44.564-04_00.csv
WDB-0211,211,fulltf+strat+leo_moeenc8e2k256h_shared256h_lb0.01_envpcc_1024gbs_5e-05lr_1e-05wd_3000epochs_200es_1gxe_4heads_256emb_0.15do,finished,2026-02-27T14:50:08.000Z,2026-02-28T03:05:10.000Z,84e03967ca55d5900544d5ac189ae65afb2047e1,https://github.com/Jacobson-CompSysBio/GP-Transformer/tree/84e03967ca55d5900544d5ac189ae65afb2047e1,,fulltf_moeenc8e2k256h_shared256h_lb0.01_envpcc_1024gbs_5e-05lr_1e-05wd_3000epochs_200es_1gxe_4heads_256emb_0.15do,,,,,envpcc,1.0,,val_loss/env_avg_pearson,1024,256,4,1,0.15,8,256,256,false,,,0.39420896768569946,0.3991734879709763,96.30746475926794,96.85390997376302,0.15911091181860584,study_record_development,,supplement_completed_run,completed run retained for descriptive provenance,SIG-fc6f838643,1,true,wandb_export_2026-07-22T16_22_44.564-04_00.csv
WDB-0212,212,fulltf+strat+lgo_moeenc8e2k256h_shared256h_lb0.01_envpcc_1024gbs_0.0001lr_1e-05wd_3000epochs_200es_1gxe_4heads_256emb_0.15do,finished,2026-02-27T10:24:38.000Z,2026-02-27T12:29:29.000Z,aeaccfda6382b4011044658555faa13cb711c3c7,https://github.com/Jacobson-CompSysBio/GP-Transformer/tree/aeaccfda6382b4011044658555faa13cb711c3c7,,fulltf_moeenc8e2k256h_shared256h_lb0.01_envpcc_1024gbs_0.0001lr_1e-05wd_3000epochs_200es_1gxe_4heads_256emb_0.15do,,,,,envpcc,1.0,,val_loss/env_avg_pearson,1024,256,4,1,0.15,8,256,256,false,,,0.3797696828842163,0.3799301522867773,87.66149247594647,88.03290829574424,0.2412224338721984,study_record_development,,supplement_completed_run,completed run retained for descriptive provenance,SIG-2e773065d5,1,true,wandb_export_2026-07-22T16_22_44.564-04_00.csv
WDB-0213,213,fulltf+strat+lgo_moeenc8e2k256h_shared256h_lb0.01_envpcc_1024gbs_0.0001lr_1e-05wd_3000epochs_200es_1gxe_4heads_256emb_0.15do,finished,2026-02-27T06:02:08.000Z,2026-02-27T10:22:39.000Z,aeaccfda6382b4011044658555faa13cb711c3c7,https://github.com/Jacobson-CompSysBio/GP-Transformer/tree/aeaccfda6382b4011044658555faa13cb711c3c7,,fulltf_moeenc8e2k256h_shared256h_lb0.01_envpcc_1024gbs_0.0001lr_1e-05wd_3000epochs_200es_1gxe_4heads_256emb_0.15do,,,,,envpcc,1.0,,val_loss/env_avg_pearson,1024,256,4,1,0.15,8,256,256,false,,,0.35248351097106934,0.35158338551132007,80.04459385990596,80.38067922686668,0.14677184116875844,study_record_development,,supplement_completed_run,completed run retained for descriptive provenance,SIG-ab7416c35d,1,true,wandb_export_2026-07-22T16_22_44.564-04_00.csv
WDB-0214,214,fulltf+strat+lgo_moeenc8e2k256h_shared256h_lb0.01_envpcc_8192gbs_0.0001lr_1e-05wd_3000epochs_200es_1gxe_4heads_256emb_0.15do,finished,2026-02-27T02:45:14.000Z,2026-02-27T06:00:06.000Z,aeaccfda6382b4011044658555faa13cb711c3c7,https://github.com/Jacobson-CompSysBio/GP-Transformer/tree/aeaccfda6382b4011044658555faa13cb711c3c7,,fulltf_moeenc8e2k256h_shared256h_lb0.01_envpcc_8192gbs_0.0001lr_1e-05wd_3000epochs_200es_1gxe_4heads_256emb_0.15do,,,,,envpcc,1.0,,val_loss/env_avg_pearson,8192,256,4,1,0.15,8,256,256,false,,,0.3732881247997284,0.375962839223888,101.74699699111991,102.3774848143322,0.12644539754679923,study_record_development,,supplement_completed_run,completed run retained for descriptive provenance,SIG-2379c13f86,1,true,wandb_export_2026-07-22T16_22_44.564-04_00.csv
WDB-0215,215,fulltf+strat+leo+parent_moeenc8e2k256h_shared256h_lb0.01_envpcc_8192gbs_0.0001lr_1e-05wd_3000epochs_200es_1gxe_4heads_256emb_0.15do,finished,2026-02-26T22:02:30.000Z,2026-02-26T23:42:58.000Z,aeaccfda6382b4011044658555faa13cb711c3c7,https://github.com/Jacobson-CompSysBio/GP-Transformer/tree/aeaccfda6382b4011044658555faa13cb711c3c7,,fulltf_moeenc8e2k256h_shared256h_lb0.01_envpcc_8192gbs_0.0001lr_1e-05wd_3000epochs_200es_1gxe_4heads_256emb_0.15do,,,,,envpcc,1.0,,val_loss/env_avg_pearson,8192,256,4,1,0.15,8,256,256,false,,,0.27345189452171326,0.2811836993019222,119.19991279470707,119.98452527245874,0.01514136392278988,study_record_development,,supplement_completed_run,completed run retained for descriptive provenance,SIG-8e4cabbe70,1,true,wandb_export_2026-07-22T16_22_44.564-04_00.csv
WDB-0216,216,fulltf+strat+leo_moeenc8e2k256h_shared256h_lb0.01_envpcc_1024gbs_5e-05lr_1e-05wd_3000epochs_200es_1gxe_4heads_256emb_0.15do_scaled,finished,2026-02-20T10:23:30.000Z,2026-02-20T16:55:34.000Z,abf04330e380c1dbb7e17bac47f80cf41d50d3a0,https://github.com/Jacobson-CompSysBio/GP-Transformer/tree/abf04330e380c1dbb7e17bac47f80cf41d50d3a0,,fulltf_moeenc8e2k256h_shared256h_lb0.01_envpcc_1024gbs_5e-05lr_1e-05wd_3000epochs_200es_1gxe_4heads_256emb_0.15do_scaled,,,,,envpcc,1.0,,val_loss/env_avg_pearson,1024,256,4,1,0.15,8,256,256,false,,,0.39829328656196594,0.4027483369559854,28.478881119682992,26.309279541983813,0.1609313130766964,study_record_development,,supplement_completed_run,completed run retained for descriptive provenance,SIG-45a3bf4de6,1,true,wandb_export_2026-07-22T16_22_44.564-04_00.csv
WDB-0217,217,cat-test_fulltf+strat+leo_moeenc8e2k256h_shared256h_lb0.01_envpcc_8192gbs_0.0001lr_1e-05wd_3000epochs_200es_1gxe_4heads_256emb_0.15do,finished,2026-02-19T19:59:01.000Z,2026-02-19T20:08:59.000Z,b612e7843aeda49b6bc3b71ccd6f26f7311aeb8c,https://github.com/Jacobson-CompSysBio/GP-Transformer/tree/b612e7843aeda49b6bc3b71ccd6f26f7311aeb8c,,fulltf_moeenc8e2k256h_shared256h_lb0.01_envpcc_8192gbs_0.0001lr_1e-05wd_3000epochs_200es_1gxe_4heads_256emb_0.15do,,,,,envpcc,1.0,,val_loss/env_avg_pearson,8192,256,4,1,0.15,8,256,256,false,,,-0.029312074184417725,-0.02931216191688269,119.3117091302263,119.88969033508374,-0.22769334218859033,study_record_development,,supplement_completed_run,completed run retained for descriptive provenance,SIG-8d2c57ea47,1,true,wandb_export_2026-07-22T16_22_44.564-04_00.csv
WDB-0218,218,fulltf+strat+leo+leoshift+leotest_moeenc8e2k256h_shared256h_lb0.01_envpcc_8192gbs_0.0001lr_1e-05wd_3000epochs_200es_1gxe_4heads_256emb_0.15do_scaled,finished,2026-02-19T15:27:48.000Z,2026-02-19T17:07:22.000Z,e6edd14e8b9173861a7f0b9b737972c0a6a6ae7d,https://github.com/Jacobson-CompSysBio/GP-Transformer/tree/e6edd14e8b9173861a7f0b9b737972c0a6a6ae7d,,,,,,,envpcc,1.0,,val_loss/env_avg_pearson (macro; tie-break val_loss),8192,256,4,1,0.15,8,256,256,false,,,,,,,,study_record_development,,not_analyzed_no_test_metric,no finite test macro environment PCC or MSE was exported,SIG-33cdd5d836,1,true,wandb_export_2026-07-22T16_22_44.564-04_00.csv
WDB-0219,219,fulltf+strat+leo+leoshift+leotest_moeenc8e2k256h_shared256h_lb0.01_envpcc_8192gbs_0.0001lr_1e-05wd_3000epochs_200es_1gxe_4heads_256emb_0.15do_scaled,finished,2026-02-19T15:17:59.000Z,2026-02-19T16:58:11.000Z,e6edd14e8b9173861a7f0b9b737972c0a6a6ae7d,https://github.com/Jacobson-CompSysBio/GP-Transformer/tree/e6edd14e8b9173861a7f0b9b737972c0a6a6ae7d,,fulltf_moeenc8e2k256h_shared256h_lb0.01_envpcc_8192gbs_0.0001lr_1e-05wd_3000epochs_200es_1gxe_4heads_256emb_0.15do_scaled,,,,,envpcc,1.0,,val_loss/env_avg_pearson (macro; tie-break val_loss),8192,256,4,1,0.15,8,256,256,false,,,0.3826962411403656,0.38402640686314254,26.768561882370115,25.00696481278524,0.14913100365303095,study_record_development,,supplement_completed_run,completed run retained for descriptive provenance,SIG-d8192ae686,1,true,wandb_export_2026-07-22T16_22_44.564-04_00.csv
WDB-0220,220,g+e+ld+tf+wg+strat+leo+agate+xfuse_moeenc8e2k256h_shared256h_lb0.01_envpcc_8192gbs_0.0001lr_1e-05wd_3000epochs_200es_1g_1ld_1mlp_1gxe_4heads_256emb_0.15do,finished,2026-02-19T03:03:50.000Z,2026-02-19T04:31:23.000Z,b79e008169bdd46090f561e6663a70cb563fec8d,https://github.com/Jacobson-CompSysBio/GP-Transformer/tree/b79e008169bdd46090f561e6663a70cb563fec8d,,g+e+ld+tf+wg_moeenc8e2k256h_shared256h_lb0.01_envpcc_8192gbs_0.0001lr_1e-05wd_3000epochs_200es_1g_1ld_1mlp_1gxe_4heads_256emb_0.15do,,,,,envpcc,1.0,,val_loss/env_avg_pearson,8192,256,4,1,0.15,8,256,256,false,,,0.3437044620513916,0.33911979725936714,122.25610146326191,122.74373762787992,0.21403187437726043,study_record_development,,supplement_completed_run,completed run retained for descriptive provenance,SIG-1e58bbe964,1,true,wandb_export_2026-07-22T16_22_44.564-04_00.csv
WDB-0221,221,g+e+ld+tf+wg+strat+leo_moeenc8e2k256h_shared256h_lb0.01_envpcc_8192gbs_0.0001lr_1e-05wd_3000epochs_200es_1g_1ld_1mlp_1gxe_4heads_256emb_0.15do,finished,2026-02-19T01:49:24.000Z,2026-02-19T03:02:04.000Z,b79e008169bdd46090f561e6663a70cb563fec8d,https://github.com/Jacobson-CompSysBio/GP-Transformer/tree/b79e008169bdd46090f561e6663a70cb563fec8d,,g+e+ld+tf+wg_moeenc8e2k256h_shared256h_lb0.01_envpcc_8192gbs_0.0001lr_1e-05wd_3000epochs_200es_1g_1ld_1mlp_1gxe_4heads_256emb_0.15do,,,,,envpcc,1.0,,val_loss/env_avg_pearson,8192,256,4,1,0.15,8,256,256,false,,,0.32228249311447144,0.3222165459768105,119.37210587611364,119.72716939924018,0.15811177574186253,study_record_development,,supplement_completed_run,completed run retained for descriptive provenance,SIG-6bbe1bd87a,1,true,wandb_export_2026-07-22T16_22_44.564-04_00.csv
WDB-0222,222,fulltf+strat+leo_moeenc8e2k256h_shared256h_lb0.01_envpcc_2048gbs_5e-05lr_1e-05wd_3000epochs_200es_1gxe_4heads_256emb_0.15do,finished,2026-02-18T21:16:50.000Z,2026-02-18T22:30:23.000Z,2f400a6da71a89a1bc1b10cd5e98996f9caf69a9,https://github.com/Jacobson-CompSysBio/GP-Transformer/tree/2f400a6da71a89a1bc1b10cd5e98996f9caf69a9,,fulltf_moeenc8e2k256h_shared256h_lb0.01_envpcc_2048gbs_5e-05lr_1e-05wd_3000epochs_200es_1gxe_4heads_256emb_0.15do,,,,,envpcc,1.0,,val_loss/env_avg_pearson,2048,256,4,1,0.15,8,256,256,false,,,0.4111826717853546,0.4208186693831233,95.37739612263634,95.88037625767932,0.13187790392870472,study_record_development,,supplement_completed_run,completed run retained for descriptive provenance,SIG-60648de9e0,1,true,wandb_export_2026-07-22T16_22_44.564-04_00.csv
WDB-0223,223,fulltf+strat+leo_moeenc8e2k256h_shared256h_lb0.01_envpcc_2048gbs_2.5e-05lr_1e-05wd_3000epochs_200es_1gxe_4heads_256emb_0.15do,finished,2026-02-18T18:00:49.000Z,2026-02-18T20:18:46.000Z,2f400a6da71a89a1bc1b10cd5e98996f9caf69a9,https://github.com/Jacobson-CompSysBio/GP-Transformer/tree/2f400a6da71a89a1bc1b10cd5e98996f9caf69a9,,fulltf_moeenc8e2k256h_shared256h_lb0.01_envpcc_2048gbs_2.5e-05lr_1e-05wd_3000epochs_200es_1gxe_4heads_256emb_0.15do,,,,,envpcc,1.0,,val_loss/env_avg_pearson,2048,256,4,1,0.15,8,256,256,false,,,0.4197111129760742,0.42686371273891094,105.85631925013244,106.4350001402735,0.14039725383590046,study_record_development,,supplement_completed_run,completed run retained for descriptive provenance,SIG-ba37c436be,1,true,wandb_export_2026-07-22T16_22_44.564-04_00.csv
WDB-0224,224,fulltf+strat+leo_moeenc8e2k256h_shared256h_lb0.01_envpcc_4096gbs_7.5e-05lr_1e-05wd_3000epochs_200es_1gxe_4heads_256emb_0.15do,finished,2026-02-18T11:14:48.000Z,2026-02-18T13:44:28.000Z,2f400a6da71a89a1bc1b10cd5e98996f9caf69a9,https://github.com/Jacobson-CompSysBio/GP-Transformer/tree/2f400a6da71a89a1bc1b10cd5e98996f9caf69a9,,fulltf_moeenc8e2k256h_shared256h_lb0.01_envpcc_4096gbs_7.5e-05lr_1e-05wd_3000epochs_200es_1gxe_4heads_256emb_0.15do,,,,,envpcc,1.0,,val_loss/env_avg_pearson,4096,256,4,1,0.15,8,256,256,false,,,0.4016579389572144,0.4076537101540017,97.64166409073697,98.12823126246067,0.1538060216682419,study_record_development,,supplement_completed_run,completed run retained for descriptive provenance,SIG-15c314622c,1,true,wandb_export_2026-07-22T16_22_44.564-04_00.csv
WDB-0225,225,fulltf+strat+leo+cmix_moeenc8e2k256h_shared256h_lb0.01_cmixw0.5p0.2a0.2t0.25k8_envpcc_4096gbs_0.0001lr_1e-05wd_3000epochs_200es_1gxe_4heads_256emb_0.15do,finished,2026-02-18T09:19:10.000Z,2026-02-18T11:12:47.000Z,2f400a6da71a89a1bc1b10cd5e98996f9caf69a9,https://github.com/Jacobson-CompSysBio/GP-Transformer/tree/2f400a6da71a89a1bc1b10cd5e98996f9caf69a9,,fulltf_moeenc8e2k256h_shared256h_lb0.01_envpcc_4096gbs_0.0001lr_1e-05wd_3000epochs_200es_1gxe_4heads_256emb_0.15do,,,,,envpcc,1.0,,val_loss/env_avg_pearson,4096,256,4,1,0.15,8,256,256,false,,,0.39894381165504456,0.4079909221858189,94.39557690508292,94.88809818712956,0.1252734243088062,study_record_development,,supplement_completed_run,completed run retained for descriptive provenance,SIG-b20e8b3b46,1,true,wandb_export_2026-07-22T16_22_44.564-04_00.csv
WDB-0226,226,fulltf+strat+leo+cmix_moeenc8e2k256h_shared256h_lb0.01_cmixw0.2p0.2a0.2t0.25k8_envpcc_4096gbs_0.0001lr_1e-05wd_3000epochs_200es_1gxe_4heads_256emb_0.15do,finished,2026-02-18T07:23:59.000Z,2026-02-18T09:17:00.000Z,2f400a6da71a89a1bc1b10cd5e98996f9caf69a9,https://github.com/Jacobson-CompSysBio/GP-Transformer/tree/2f400a6da71a89a1bc1b10cd5e98996f9caf69a9,,fulltf_moeenc8e2k256h_shared256h_lb0.01_envpcc_4096gbs_0.0001lr_1e-05wd_3000epochs_200es_1gxe_4heads_256emb_0.15do,,,,,envpcc,1.0,,val_loss/env_avg_pearson,4096,256,4,1,0.15,8,256,256,false,,,0.4002930521965027,0.40980197117859773,95.4707133888044,95.97235621340305,0.1266803300779353,study_record_development,,supplement_completed_run,completed run retained for descriptive provenance,SIG-84ce01159c,1,true,wandb_export_2026-07-22T16_22_44.564-04_00.csv
WDB-0227,227,fulltf+strat+leo+cmix_moeenc8e2k256h_shared256h_lb0.01_cmixw0.2p0.2a0.2t0.25k8_envpcc_4096gbs_0.0001lr_1e-05wd_3000epochs_200es_1gxe_4heads_256emb_0.15do,finished,2026-02-18T05:29:50.000Z,2026-02-18T07:21:58.000Z,2f400a6da71a89a1bc1b10cd5e98996f9caf69a9,https://github.com/Jacobson-CompSysBio/GP-Transformer/tree/2f400a6da71a89a1bc1b10cd5e98996f9caf69a9,,fulltf_moeenc8e2k256h_shared256h_lb0.01_envpcc_4096gbs_0.0001lr_1e-05wd_3000epochs_200es_1gxe_4heads_256emb_0.15do,,,,,envpcc,1.0,,val_loss/env_avg_pearson,4096,256,4,1,0.15,8,256,256,false,,,0.3991429805755615,0.40888455721138806,96.14325928290693,96.65084805999568,0.12485861509293487,study_record_development,,supplement_completed_run,completed run retained for descriptive provenance,SIG-b77a091fdc,1,true,wandb_export_2026-07-22T16_22_44.564-04_00.csv
WDB-0228,228,fulltf+strat+leo_moeenc8e2k256h_shared256h_lb0.01_envpcc_4096gbs_5e-05lr_1e-05wd_3000epochs_200es_1gxe_4heads_256emb_0.15do,finished,2026-02-17T22:51:49.000Z,2026-02-17T23:57:11.000Z,2f400a6da71a89a1bc1b10cd5e98996f9caf69a9,https://github.com/Jacobson-CompSysBio/GP-Transformer/tree/2f400a6da71a89a1bc1b10cd5e98996f9caf69a9,,fulltf_moeenc8e2k256h_shared256h_lb0.01_envpcc_4096gbs_5e-05lr_1e-05wd_3000epochs_200es_1gxe_4heads_256emb_0.15do,,,,,envpcc,1.0,,val_loss/env_avg_pearson,4096,256,4,1,0.15,8,256,256,false,,,0.41768741607666016,0.4251339703478992,100.69798807162844,101.23816571873743,0.13901661883178384,study_record_development,,supplement_completed_run,completed run retained for descriptive provenance,SIG-b38b9e5e09,1,true,wandb_export_2026-07-22T16_22_44.564-04_00.csv
WDB-0229,229,fulltf+strat+leo_moeenc8e2k256h_shared256h_lb0.01_envpcc_512gbs_5e-05lr_1e-05wd_3000epochs_200es_1gxe_4heads_256emb_0.15do,finished,2026-02-17T18:29:34.000Z,2026-02-17T22:44:51.000Z,2f400a6da71a89a1bc1b10cd5e98996f9caf69a9,https://github.com/Jacobson-CompSysBio/GP-Transformer/tree/2f400a6da71a89a1bc1b10cd5e98996f9caf69a9,,fulltf_moeenc8e2k256h_shared256h_lb0.01_envpcc_512gbs_5e-05lr_1e-05wd_3000epochs_200es_1gxe_4heads_256emb_0.15do,,,,,envpcc,1.0,,val_loss/env_avg_pearson,512,256,4,1,0.15,8,256,256,false,,,0.3928803205490112,0.3959306124338064,87.28445376644999,87.69181624858219,0.15674513411974778,study_record_development,,supplement_completed_run,completed run retained for descriptive provenance,SIG-24fe29dc72,1,true,wandb_export_2026-07-22T16_22_44.564-04_00.csv
WDB-0230,230,fulltf+strat+leo_moeenc8e2k256h_shared256h_lb0.01_envpcc_8192gbs_0.0001lr_1e-05wd_3000epochs_200es_1gxe_4heads_256emb_0.15do,finished,2026-02-17T18:11:37.000Z,2026-02-17T19:01:15.000Z,f0c5eb8c3d68294db3ebe7b786c5262664116cde,https://github.com/Jacobson-CompSysBio/GP-Transformer/tree/f0c5eb8c3d68294db3ebe7b786c5262664116cde,,fulltf_moeenc8e2k256h_shared256h_lb0.01_envpcc_8192gbs_0.0001lr_1e-05wd_3000epochs_200es_1gxe_4heads_256emb_0.15do,,,,,envpcc,1.0,,val_loss/env_avg_pearson,8192,256,4,1,0.15,8,256,256,false,,,0.4205506145954132,0.4274097955058753,103.6756169446072,104.24301791724086,0.14604804696946835,study_record_development,,supplement_completed_run,completed run retained for descriptive provenance,SIG-5edcbe9030,1,true,wandb_export_2026-07-22T16_22_44.564-04_00.csv
WDB-0231,231,fulltf+strat+leo_moeenc8e2k256h_shared256h_lb0.01_gdroyear0.05w0.01eta_envpcc_8192gbs_0.0001lr_1e-05wd_3000epochs_200es_1gxe_4heads_256emb_0.15do,finished,2026-02-16T20:39:50.000Z,2026-02-16T22:29:09.000Z,ef38490a797324efd43c7b4d9f172d65a066aa4d,https://github.com/Jacobson-CompSysBio/GP-Transformer/tree/ef38490a797324efd43c7b4d9f172d65a066aa4d,,fulltf_moeenc8e2k256h_shared256h_lb0.01_envpcc_8192gbs_0.0001lr_1e-05wd_3000epochs_200es_1gxe_4heads_256emb_0.15do,,,,,envpcc,1.0,,val_loss/env_avg_pearson,8192,256,4,1,0.15,8,256,256,false,,,0.3491640090942383,0.3460339515854511,10.65334495279405,10.581823877110129,0.3136860804146825,study_record_development,,supplement_completed_run,completed run retained for descriptive provenance,SIG-bfbbfc10fd,1,true,wandb_export_2026-07-22T16_22_44.564-04_00.csv
WDB-0232,232,fulltf+strat+leo_moeenc8e2k256h_shared256h_lb0.01_gdroenv0.05w0.01eta_envpcc_8192gbs_0.0001lr_1e-05wd_3000epochs_200es_1gxe_4heads_256emb_0.15do,finished,2026-02-16T19:27:25.000Z,2026-02-16T20:37:29.000Z,ef38490a797324efd43c7b4d9f172d65a066aa4d,https://github.com/Jacobson-CompSysBio/GP-Transformer/tree/ef38490a797324efd43c7b4d9f172d65a066aa4d,,fulltf_moeenc8e2k256h_shared256h_lb0.01_envpcc_8192gbs_0.0001lr_1e-05wd_3000epochs_200es_1gxe_4heads_256emb_0.15do,,,,,envpcc,1.0,,val_loss/env_avg_pearson,8192,256,4,1,0.15,8,256,256,false,,,0.3655283451080322,0.378163004397537,9.59883682601871,9.045486927432234,0.33524592441106826,study_record_development,,supplement_completed_run,completed run retained for descriptive provenance,SIG-a403830274,1,true,wandb_export_2026-07-22T16_22_44.564-04_00.csv
WDB-0233,233,fulltf+strat+leo_moeenc8e2k256h_shared256h_lb0.01_sw0.05p1_envpcc_8192gbs_0.0001lr_1e-05wd_3000epochs_200es_1gxe_4heads_256emb_0.15do,finished,2026-02-16T18:44:01.000Z,2026-02-16T19:24:54.000Z,ef38490a797324efd43c7b4d9f172d65a066aa4d,https://github.com/Jacobson-CompSysBio/GP-Transformer/tree/ef38490a797324efd43c7b4d9f172d65a066aa4d,,fulltf_moeenc8e2k256h_shared256h_lb0.01_envpcc_8192gbs_0.0001lr_1e-05wd_3000epochs_200es_1gxe_4heads_256emb_0.15do,,,,,envpcc,1.0,,val_loss/env_avg_pearson,8192,256,4,1,0.15,8,256,256,false,,,0.36026275157928467,0.3608141635159894,9.325958498878812,9.35659087942274,0.25870078872218577,study_record_development,,supplement_completed_run,completed run retained for descriptive provenance,SIG-16356c1b26,1,true,wandb_export_2026-07-22T16_22_44.564-04_00.csv
WDB-0234,234,fulltf+strat+leo_moeenc8e2k256h_shared256h_lb0.01_sw0.05p1_envpcc_8192gbs_0.0001lr_1e-05wd_3000epochs_200es_1gxe_4heads_256emb_0.15do,finished,2026-02-16T17:31:44.000Z,2026-02-16T18:41:29.000Z,ef38490a797324efd43c7b4d9f172d65a066aa4d,https://github.com/Jacobson-CompSysBio/GP-Transformer/tree/ef38490a797324efd43c7b4d9f172d65a066aa4d,,fulltf_moeenc8e2k256h_shared256h_lb0.01_envpcc_8192gbs_0.0001lr_1e-05wd_3000epochs_200es_1gxe_4heads_256emb_0.15do,,,,,envpcc,1.0,,val_loss/env_avg_pearson,8192,256,4,1,0.15,8,256,256,false,,,0.36528298258781433,0.3696408491479857,7.923913697051557,7.822552037747013,0.3594582556520415,study_record_development,,supplement_completed_run,completed run retained for descriptive provenance,SIG-8ef4651109,1,true,wandb_export_2026-07-22T16_22_44.564-04_00.csv
WDB-0235,235,fulltf+strat+leo_moeenc8e2k256h_shared256h_lb0.01_envpcc_8192gbs_0.0001lr_1e-05wd_3000epochs_200es_1gxe_4heads_256emb_0.15do,finished,2026-02-16T16:56:45.000Z,2026-02-16T18:10:34.000Z,ef38490a797324efd43c7b4d9f172d65a066aa4d,https://github.com/Jacobson-CompSysBio/GP-Transformer/tree/ef38490a797324efd43c7b4d9f172d65a066aa4d,,fulltf_moeenc8e2k256h_shared256h_lb0.01_envpcc_8192gbs_0.0001lr_1e-05wd_3000epochs_200es_1gxe_4heads_256emb_0.15do,,,,,envpcc,1.0,,val_loss/env_avg_pearson,8192,256,4,1,0.15,8,256,256,false,,,0.407462477684021,0.41670000678370406,95.49342278169276,95.97979745074268,0.1354688582723674,study_record_development,,supplement_completed_run,completed run retained for descriptive provenance,SIG-1220a3e2e6,1,true,wandb_export_2026-07-22T16_22_44.564-04_00.csv
WDB-0236,236,fulltf+strat+leo_moeenc8e2k256h_shared256h_lb0.01_gdroenv0.05w0.01eta_envpcc_8192gbs_0.0001lr_1e-05wd_3000epochs_200es_1gxe_4heads_256emb_0.15do,finished,2026-02-15T23:08:45.000Z,2026-02-16T00:09:26.000Z,16f89dcdfd6da03d31d652055d787615300d2b94,https://github.com/Jacobson-CompSysBio/GP-Transformer/tree/16f89dcdfd6da03d31d652055d787615300d2b94,,fulltf_moeenc8e2k256h_shared256h_lb0.01_envpcc_8192gbs_0.0001lr_1e-05wd_3000epochs_200es_1gxe_4heads_256emb_0.15do,,,,,envpcc,1.0,,val_loss/env_avg_pearson,8192,256,4,1,0.15,8,256,256,false,,,0.36830195784568787,0.3700319999553218,9.97449569610667,9.381861216096809,0.28685367801413125,study_record_development,,supplement_completed_run,completed run retained for descriptive provenance,SIG-5c5979ace1,1,true,wandb_export_2026-07-22T16_22_44.564-04_00.csv
WDB-0237,237,fulltf+strat+leo_moeenc8e2k256h_shared256h_lb0.01_sw0.05p1_envpcc_8192gbs_0.0001lr_1e-05wd_3000epochs_200es_1gxe_4heads_256emb_0.15do,finished,2026-02-15T23:08:45.000Z,2026-02-16T00:00:59.000Z,16f89dcdfd6da03d31d652055d787615300d2b94,https://github.com/Jacobson-CompSysBio/GP-Transformer/tree/16f89dcdfd6da03d31d652055d787615300d2b94,,fulltf_moeenc8e2k256h_shared256h_lb0.01_envpcc_8192gbs_0.0001lr_1e-05wd_3000epochs_200es_1gxe_4heads_256emb_0.15do,,,,,envpcc,1.0,,val_loss/env_avg_pearson,8192,256,4,1,0.15,8,256,256,false,,,0.29428479075431824,0.2971089220098203,15.3906883734279,14.081251618373951,0.17315842907559592,study_record_development,,supplement_completed_run,completed run retained for descriptive provenance,SIG-03159e7bc5,2,true,wandb_export_2026-07-22T16_22_44.564-04_00.csv
WDB-0238,238,fulltf+strat+leo_moeenc8e2k256h_shared256h_lb0.01_gdroyear0.05w0.01eta_envpcc_8192gbs_0.0001lr_1e-05wd_3000epochs_200es_1gxe_4heads_256emb_0.15do,finished,2026-02-15T23:08:45.000Z,2026-02-15T23:54:45.000Z,16f89dcdfd6da03d31d652055d787615300d2b94,https://github.com/Jacobson-CompSysBio/GP-Transformer/tree/16f89dcdfd6da03d31d652055d787615300d2b94,,fulltf_moeenc8e2k256h_shared256h_lb0.01_envpcc_8192gbs_0.0001lr_1e-05wd_3000epochs_200es_1gxe_4heads_256emb_0.15do,,,,,envpcc,1.0,,val_loss/env_avg_pearson,8192,256,4,1,0.15,8,256,256,false,,,0.2713865041732788,0.2709972237135426,10.028355775275436,9.237465281996656,0.2873689091738859,study_record_development,,supplement_completed_run,completed run retained for descriptive provenance,SIG-8e74ef8b9d,1,true,wandb_export_2026-07-22T16_22_44.564-04_00.csv
WDB-0239,239,fulltf+strat+leo_moeenc8e2k256h_shared256h_lb0.01_sw0.05p1_envpcc_8192gbs_0.0001lr_1e-05wd_3000epochs_200es_1gxe_4heads_256emb_0.15do,finished,2026-02-15T23:08:45.000Z,2026-02-15T23:53:30.000Z,16f89dcdfd6da03d31d652055d787615300d2b94,https://github.com/Jacobson-CompSysBio/GP-Transformer/tree/16f89dcdfd6da03d31d652055d787615300d2b94,,fulltf_moeenc8e2k256h_shared256h_lb0.01_envpcc_8192gbs_0.0001lr_1e-05wd_3000epochs_200es_1gxe_4heads_256emb_0.15do,,,,,envpcc,1.0,,val_loss/env_avg_pearson,8192,256,4,1,0.15,8,256,256,false,,,0.29428479075431824,0.2971089220098203,15.3906883734279,14.081251618373951,0.17315842907559592,study_record_development,,supplement_repeated_signature,additional export record with the same run signature,SIG-03159e7bc5,2,false,wandb_export_2026-07-22T16_22_44.564-04_00.csv
WDB-0240,240,fulltf+envtokfid-sid+strat+leo_moeenc8e2k256h_shared256h_lb0.01_envpcc_8192gbs_0.0001lr_1e-05wd_3000epochs_200es_1gxe_4heads_256emb_0.15do,finished,2026-02-14T09:57:53.000Z,2026-02-14T16:24:19.000Z,166f851b21e959af2fdfc6b2b5af5917c6b553a2,https://github.com/Jacobson-CompSysBio/GP-Transformer/tree/166f851b21e959af2fdfc6b2b5af5917c6b553a2,,fulltf_moeenc8e2k256h_shared256h_lb0.01_envpcc_8192gbs_0.0001lr_1e-05wd_3000epochs_200es_1gxe_4heads_256emb_0.15do,,,,,envpcc,1.0,,val_loss/env_avg_pearson,8192,256,4,1,0.15,8,256,256,false,,,0.3807664513587952,0.3863553659251536,103.05789194540968,103.62722234933048,0.21161060738271653,future_data_or_tokenization_campaign,,future_work_not_analyzed,run-name pattern: +envtok; reserved for future work,SIG-f836912548,1,true,wandb_export_2026-07-22T16_22_44.564-04_00.csv
WDB-0241,241,fulltf+envtokfid-sid-cat+strat+leo_moeenc8e2k256h_shared256h_lb0.01_envpcc_8192gbs_0.0001lr_1e-05wd_3000epochs_200es_1gxe_4heads_256emb_0.15do,finished,2026-02-14T03:17:21.000Z,2026-02-14T09:55:55.000Z,166f851b21e959af2fdfc6b2b5af5917c6b553a2,https://github.com/Jacobson-CompSysBio/GP-Transformer/tree/166f851b21e959af2fdfc6b2b5af5917c6b553a2,,fulltf_moeenc8e2k256h_shared256h_lb0.01_envpcc_8192gbs_0.0001lr_1e-05wd_3000epochs_200es_1gxe_4heads_256emb_0.15do,,,,,envpcc,1.0,,val_loss/env_avg_pearson,8192,256,4,1,0.15,8,256,256,false,,,0.382483571767807,0.3855243544146076,99.59372801815536,100.07358326957376,0.16608820139878122,future_data_or_tokenization_campaign,,future_work_not_analyzed,run-name pattern: +envtok; reserved for future work,SIG-94c19048c4,1,true,wandb_export_2026-07-22T16_22_44.564-04_00.csv
WDB-0242,242,224emb_fulltf+strat+leo_moeenc8e2k256h_shared256h_lb0.01_envpcc_8192gbs_0.0001lr_1e-05wd_3000epochs_200es_1gxe_4heads_224emb_0.15do,finished,2026-02-13T15:47:32.000Z,2026-02-13T17:38:46.000Z,494b7615ad11d1e696f96b6da6b3308fece72a97,https://github.com/Jacobson-CompSysBio/GP-Transformer/tree/494b7615ad11d1e696f96b6da6b3308fece72a97,,fulltf_moeenc8e2k256h_shared256h_lb0.01_envpcc_8192gbs_0.0001lr_1e-05wd_3000epochs_200es_1gxe_4heads_224emb_0.15do,,,,,envpcc,1.0,,val_loss/env_avg_pearson,8192,224,4,1,0.15,8,256,256,false,,,0.3942616879940033,0.3984486754993386,103.18095023028673,103.69589302862468,0.14993950815404683,study_record_development,,supplement_completed_run,completed run retained for descriptive provenance,SIG-ca7a42ad07,1,true,wandb_export_2026-07-22T16_22_44.564-04_00.csv
WDB-0243,243,05clip_fulltf+strat+leo_moeenc8e2k256h_shared256h_lb0.01_envpcc_8192gbs_0.0001lr_1e-05wd_3000epochs_200es_1gxe_4heads_256emb_0.15do,finished,2026-02-13T15:51:11.000Z,2026-02-13T16:40:10.000Z,494b7615ad11d1e696f96b6da6b3308fece72a97,https://github.com/Jacobson-CompSysBio/GP-Transformer/tree/494b7615ad11d1e696f96b6da6b3308fece72a97,,fulltf_moeenc8e2k256h_shared256h_lb0.01_envpcc_8192gbs_0.0001lr_1e-05wd_3000epochs_200es_1gxe_4heads_256emb_0.15do,,,,,envpcc,1.0,,val_loss/env_avg_pearson,8192,256,4,1,0.15,8,256,256,false,,,0.4185807704925537,0.4267041507152988,102.45675009167904,103.03203991925876,0.13760872935909052,study_record_development,,supplement_completed_run,completed run retained for descriptive provenance,SIG-bc8428b339,1,true,wandb_export_2026-07-22T16_22_44.564-04_00.csv
WDB-0244,244,fulltf+envtokfid+strat+leo_moeenc8e2k256h_shared256h_lb0.01_envpcc_8192gbs_0.0001lr_1e-05wd_3000epochs_200es_1gxe_4heads_256emb_0.15do,finished,2026-02-13T01:59:08.000Z,2026-02-13T03:10:08.000Z,24bd40f9feb957b442902b1f75b7ac752789e260,https://github.com/Jacobson-CompSysBio/GP-Transformer/tree/24bd40f9feb957b442902b1f75b7ac752789e260,,fulltf_moeenc8e2k256h_shared256h_lb0.01_envpcc_8192gbs_0.0001lr_1e-05wd_3000epochs_200es_1gxe_4heads_256emb_0.15do,,,,,envpcc,1.0,,val_loss/env_avg_pearson,8192,256,4,1,0.15,8,256,256,false,,,0.36336979269981384,0.3663625273991526,96.45789966820278,96.9105851843036,0.15364000540430328,future_data_or_tokenization_campaign,,future_work_not_analyzed,run-name pattern: +envtok; reserved for future work,SIG-02651ff9c6,1,true,wandb_export_2026-07-22T16_22_44.564-04_00.csv
WDB-0245,245,fulltf+envtokcat+strat+leo_moeenc8e2k256h_shared256h_lb0.01_envpcc_8192gbs_0.0001lr_1e-05wd_3000epochs_200es_1gxe_4heads_256emb_0.15do,finished,2026-02-13T01:59:08.000Z,2026-02-13T03:09:40.000Z,24bd40f9feb957b442902b1f75b7ac752789e260,https://github.com/Jacobson-CompSysBio/GP-Transformer/tree/24bd40f9feb957b442902b1f75b7ac752789e260,,fulltf_moeenc8e2k256h_shared256h_lb0.01_envpcc_8192gbs_0.0001lr_1e-05wd_3000epochs_200es_1gxe_4heads_256emb_0.15do,,,,,envpcc,1.0,,val_loss/env_avg_pearson,8192,256,4,1,0.15,8,256,256,false,,,0.3618137240409851,0.36642888473378776,101.66423434201464,102.18480781642944,0.14353878335800543,future_data_or_tokenization_campaign,,future_work_not_analyzed,run-name pattern: +envtok; reserved for future work,SIG-67134c07f5,1,true,wandb_export_2026-07-22T16_22_44.564-04_00.csv
WDB-0246,246,fulltf+strat+leo_moeenc8e2k256h_shared256h_lb0.01_envpcc_8192gbs_0.0001lr_1e-05wd_3000epochs_200es_1gxe_4heads_256emb_0.15do,finished,2026-02-13T01:59:08.000Z,2026-02-13T02:50:58.000Z,24bd40f9feb957b442902b1f75b7ac752789e260,https://github.com/Jacobson-CompSysBio/GP-Transformer/tree/24bd40f9feb957b442902b1f75b7ac752789e260,,fulltf_moeenc8e2k256h_shared256h_lb0.01_envpcc_8192gbs_0.0001lr_1e-05wd_3000epochs_200es_1gxe_4heads_256emb_0.15do,,,,,envpcc,1.0,,val_loss/env_avg_pearson,8192,256,4,1,0.15,8,256,256,false,,,0.4206458628177643,0.4274923703706305,103.94486157467048,104.51404628649944,0.14622573593096627,study_record_development,,supplement_completed_run,completed run retained for descriptive provenance,SIG-4ed10bf1f0,1,true,wandb_export_2026-07-22T16_22_44.564-04_00.csv
WDB-0247,247,2clip-192emb_fulltf+strat+leo_moeenc8e2k256h_shared256h_lb0.01_envpcc_8192gbs_0.0001lr_1e-05wd_3000epochs_200es_1gxe_4heads_192emb_0.15do,finished,2026-02-12T18:31:18.000Z,2026-02-12T21:03:49.000Z,494b7615ad11d1e696f96b6da6b3308fece72a97,https://github.com/Jacobson-CompSysBio/GP-Transformer/tree/494b7615ad11d1e696f96b6da6b3308fece72a97,,fulltf_moeenc8e2k256h_shared256h_lb0.01_envpcc_8192gbs_0.0001lr_1e-05wd_3000epochs_200es_1gxe_4heads_192emb_0.15do,,,,,envpcc,1.0,,val_loss/env_avg_pearson,8192,192,4,1,0.15,8,256,256,false,,,0.3986388146877289,0.4023424989520701,100.9126241047572,101.46715822304424,0.15423320622555256,study_record_development,,supplement_completed_run,completed run retained for descriptive provenance,SIG-8159b50695,1,true,wandb_export_2026-07-22T16_22_44.564-04_00.csv
WDB-0248,248,fulltf+strat+leo_moeenc8e2k256h_shared256h_lb0.01_1-1w_pcc-mse_8192gbs_0.0001lr_1e-05wd_3000epochs_200es_1gxe_4heads_256emb_0.15do,crashed,2026-02-12T17:49:44.000Z,2026-02-12T19:48:00.000Z,083b34c86b9c9f365bb21d3048cc18260d225b23,https://github.com/Jacobson-CompSysBio/GP-Transformer/tree/083b34c86b9c9f365bb21d3048cc18260d225b23,,,,,,,pcc+mse,"1.0,1.0",,val_loss/env_avg_pearson,8192,256,4,1,0.15,8,256,256,false,,,,,,,,study_record_development,,not_analyzed_unsuccessful_run,run state was crashed,SIG-ca7618e23b,1,true,wandb_export_2026-07-22T16_22_44.564-04_00.csv
WDB-0249,249,fulltf+strat+leo_moeenc8e2k256h_shared256h_lb0.01_1-0.1w_envmse-envpcc_8192gbs_0.0001lr_1e-05wd_3000epochs_200es_1gxe_4heads_256emb_0.15do_scaled,finished,2026-02-12T18:39:17.000Z,2026-02-12T19:46:34.000Z,083b34c86b9c9f365bb21d3048cc18260d225b23,https://github.com/Jacobson-CompSysBio/GP-Transformer/tree/083b34c86b9c9f365bb21d3048cc18260d225b23,,fulltf_moeenc8e2k256h_shared256h_lb0.01_1-0.1w_envmse-envpcc_8192gbs_0.0001lr_1e-05wd_3000epochs_200es_1gxe_4heads_256emb_0.15do_scaled,,,,,envmse+envpcc,"1.0,0.1",,val_loss/env_avg_pearson,8192,256,4,1,0.15,8,256,256,false,,,0.32130900025367737,0.3253848558833472,14.08287965882286,12.411741467609223,0.14216280577371293,study_record_development,,supplement_completed_run,completed run retained for descriptive provenance,SIG-6a55056f2e,1,true,wandb_export_2026-07-22T16_22_44.564-04_00.csv
WDB-0250,250,fulltf+strat+leo_moeenc8e2k256h_shared256h_lb0.01_envmse_8192gbs_0.0001lr_1e-05wd_3000epochs_200es_1gxe_4heads_256emb_0.15do_scaled,finished,2026-02-12T18:42:10.000Z,2026-02-12T19:41:33.000Z,083b34c86b9c9f365bb21d3048cc18260d225b23,https://github.com/Jacobson-CompSysBio/GP-Transformer/tree/083b34c86b9c9f365bb21d3048cc18260d225b23,,fulltf_moeenc8e2k256h_shared256h_lb0.01_envmse_8192gbs_0.0001lr_1e-05wd_3000epochs_200es_1gxe_4heads_256emb_0.15do_scaled,,,,,envmse,1.0,,val_loss/env_avg_pearson,8192,256,4,1,0.15,8,256,256,false,,,0.28207632899284363,0.279745635596198,12.165548607673973,11.935051457293664,0.05838392780520063,study_record_development,,supplement_completed_run,completed run retained for descriptive provenance,SIG-6daa8dfd94,1,true,wandb_export_2026-07-22T16_22_44.564-04_00.csv
WDB-0251,251,fulltf+strat+leo_moeenc8e2k256h_shared256h_lb0.01_envpcc_8192gbs_0.0001lr_1e-05wd_3000epochs_200es_1gxe_4heads_256emb_0.15do,finished,2026-02-12T18:14:29.000Z,2026-02-12T19:26:35.000Z,083b34c86b9c9f365bb21d3048cc18260d225b23,https://github.com/Jacobson-CompSysBio/GP-Transformer/tree/083b34c86b9c9f365bb21d3048cc18260d225b23,,fulltf_moeenc8e2k256h_shared256h_lb0.01_envpcc_8192gbs_0.0001lr_1e-05wd_3000epochs_200es_1gxe_4heads_256emb_0.15do,,,,,envpcc,1.0,,val_loss/env_avg_pearson,8192,256,4,1,0.15,8,256,256,false,,,0.40740343928337097,0.41662324441178833,95.53082748263938,96.01712723782964,0.13563789390413816,study_record_development,,supplement_completed_run,completed run retained for descriptive provenance,SIG-4ca04e566b,1,true,wandb_export_2026-07-22T16_22_44.564-04_00.csv
WDB-0252,252,4clip_fulltf+strat+leo_moeenc8e2k256h_shared256h_lb0.01_envpcc_8192gbs_0.0001lr_1e-05wd_3000epochs_200es_1gxe_4heads_256emb_0.15do,finished,2026-02-12T18:32:41.000Z,2026-02-12T19:24:04.000Z,494b7615ad11d1e696f96b6da6b3308fece72a97,https://github.com/Jacobson-CompSysBio/GP-Transformer/tree/494b7615ad11d1e696f96b6da6b3308fece72a97,,fulltf_moeenc8e2k256h_shared256h_lb0.01_envpcc_8192gbs_0.0001lr_1e-05wd_3000epochs_200es_1gxe_4heads_256emb_0.15do,,,,,envpcc,1.0,,val_loss/env_avg_pearson,8192,256,4,1,0.15,8,256,256,false,,,0.4179572463035583,0.42474546322708995,106.03450717698408,106.62005783904864,0.14446346691572168,study_record_development,,supplement_completed_run,completed run retained for descriptive provenance,SIG-f09a21276f,1,true,wandb_export_2026-07-22T16_22_44.564-04_00.csv
WDB-0253,253,fulltf+strat+leo_moeenc8e2k256h_shared256h_lb0.01_pcc_8192gbs_0.0001lr_1e-05wd_3000epochs_200es_1gxe_4heads_256emb_0.15do,finished,2026-02-12T18:17:45.000Z,2026-02-12T19:20:22.000Z,083b34c86b9c9f365bb21d3048cc18260d225b23,https://github.com/Jacobson-CompSysBio/GP-Transformer/tree/083b34c86b9c9f365bb21d3048cc18260d225b23,,fulltf_moeenc8e2k256h_shared256h_lb0.01_pcc_8192gbs_0.0001lr_1e-05wd_3000epochs_200es_1gxe_4heads_256emb_0.15do,,,,,pcc,1.0,,val_loss/env_avg_pearson,8192,256,4,1,0.15,8,256,256,false,,,0.3057211935520172,0.3083951342869334,114.9721469157052,114.74183903835238,0.40166319028412334,study_record_development,,supplement_completed_run,completed run retained for descriptive provenance,SIG-e41e2a48c4,1,true,wandb_export_2026-07-22T16_22_44.564-04_00.csv
WDB-0254,254,_192embfulltf+strat+leo+contrg_gcontr0.1grm-mse_moeenc8e2k256h_shared256h_lb0.01_envpcc_8192gbs_0.0001lr_1e-05wd_3000epochs_200es_1gxe_4heads_192emb_0.15do,crashed,2026-02-12T15:38:08.000Z,2026-02-12T17:35:55.000Z,494b7615ad11d1e696f96b6da6b3308fece72a97,https://github.com/Jacobson-CompSysBio/GP-Transformer/tree/494b7615ad11d1e696f96b6da6b3308fece72a97,,,,,,,envpcc,1.0,,val_loss/env_avg_pearson,8192,192,4,1,0.15,8,256,256,false,,,,,,,,study_record_development,,not_analyzed_unsuccessful_run,run state was crashed,SIG-31b394c851,1,true,wandb_export_2026-07-22T16_22_44.564-04_00.csv
WDB-0255,255,_2clipfulltf+strat+leo+contrg_gcontr0.1grm-mse_moeenc8e2k256h_shared256h_lb0.01_envpcc_8192gbs_0.0001lr_1e-05wd_3000epochs_200es_1gxe_4heads_256emb_0.15do,finished,2026-02-12T15:38:08.000Z,2026-02-12T16:45:09.000Z,494b7615ad11d1e696f96b6da6b3308fece72a97,https://github.com/Jacobson-CompSysBio/GP-Transformer/tree/494b7615ad11d1e696f96b6da6b3308fece72a97,,fulltf_moeenc8e2k256h_shared256h_lb0.01_envpcc_8192gbs_0.0001lr_1e-05wd_3000epochs_200es_1gxe_4heads_256emb_0.15do,,,,,envpcc,1.0,,val_loss/env_avg_pearson,8192,256,4,1,0.15,8,256,256,false,,,0.41721662878990173,0.423259832289349,102.52970645767358,103.0781093390791,0.14832263130355344,study_record_development,,supplement_completed_run,completed run retained for descriptive provenance,SIG-293d8f1283,1,true,wandb_export_2026-07-22T16_22_44.564-04_00.csv
WDB-0256,256,_320embfulltf+strat+leo+contrg_gcontr0.1grm-mse_moeenc8e2k256h_shared256h_lb0.01_envpcc_8192gbs_0.0001lr_1e-05wd_3000epochs_200es_1gxe_4heads_320emb_0.15do,finished,2026-02-12T15:38:08.000Z,2026-02-12T16:34:53.000Z,494b7615ad11d1e696f96b6da6b3308fece72a97,https://github.com/Jacobson-CompSysBio/GP-Transformer/tree/494b7615ad11d1e696f96b6da6b3308fece72a97,,fulltf_moeenc8e2k256h_shared256h_lb0.01_envpcc_8192gbs_0.0001lr_1e-05wd_3000epochs_200es_1gxe_4heads_320emb_0.15do,,,,,envpcc,1.0,,val_loss/env_avg_pearson,8192,320,4,1,0.15,8,256,256,false,,,0.3933881521224976,0.4035726203786062,101.95753858740484,102.52411932186104,0.13130230954261782,study_record_development,,supplement_completed_run,completed run retained for descriptive provenance,SIG-bf81f4d513,1,true,wandb_export_2026-07-22T16_22_44.564-04_00.csv
WDB-0257,257,fulltf+strat+leo+contrg_gcontr0.1grm-mse_moeenc8e2k256h_shared256h_lb0.01_envpcc_8192gbs_0.0001lr_1e-05wd_3000epochs_200es_1gxe_4heads_256emb_0.15do,finished,2026-02-12T01:24:47.000Z,2026-02-12T02:31:12.000Z,494b7615ad11d1e696f96b6da6b3308fece72a97,https://github.com/Jacobson-CompSysBio/GP-Transformer/tree/494b7615ad11d1e696f96b6da6b3308fece72a97,,fulltf_moeenc8e2k256h_shared256h_lb0.01_envpcc_8192gbs_0.0001lr_1e-05wd_3000epochs_200es_1gxe_4heads_256emb_0.15do,,,,,envpcc,1.0,,val_loss/env_avg_pearson,8192,256,4,1,0.15,8,256,256,false,,,0.4186869263648987,0.4253029346262489,101.58792164883256,102.1322824230034,0.14640633087629268,study_record_development,,supplement_completed_run,completed run retained for descriptive provenance,SIG-4b74a572ff,1,true,wandb_export_2026-07-22T16_22_44.564-04_00.csv
WDB-0258,258,fulltf+strat+leo_moeenc8e2k256h_shared256h_lb0.01_envpcc_8192gbs_0.0001lr_1e-05wd_3000epochs_200es_1gxe_4heads_256emb_0.15do,finished,2026-02-12T01:29:02.000Z,2026-02-12T02:18:47.000Z,494b7615ad11d1e696f96b6da6b3308fece72a97,https://github.com/Jacobson-CompSysBio/GP-Transformer/tree/494b7615ad11d1e696f96b6da6b3308fece72a97,,fulltf+grm_moeenc8e2k256h_shared256h_lb0.01_envpcc_8192gbs_0.0001lr_1e-05wd_3000epochs_200es_1gxe_4heads_256emb_0.15do,,,,,envpcc,1.0,,val_loss/env_avg_pearson,8192,256,4,1,0.15,8,256,256,false,,,0.4204418957233429,0.42730747224246585,103.66732340967084,104.23509009798344,0.14577454618811647,study_record_development,,supplement_completed_run,completed run retained for descriptive provenance,SIG-c186372d0e,1,true,wandb_export_2026-07-22T16_22_44.564-04_00.csv
WDB-0259,259,fulltf+strat+leo+contre_econtr0.1t0.5_moeenc8e2k256h_shared256h_lb0.01_envpcc_8192gbs_0.0001lr_1e-05wd_3000epochs_200es_1gxe_4heads_256emb_0.15do,finished,2026-02-12T01:24:47.000Z,2026-02-12T02:15:04.000Z,494b7615ad11d1e696f96b6da6b3308fece72a97,https://github.com/Jacobson-CompSysBio/GP-Transformer/tree/494b7615ad11d1e696f96b6da6b3308fece72a97,,fulltf_moeenc8e2k256h_shared256h_lb0.01_envpcc_8192gbs_0.0001lr_1e-05wd_3000epochs_200es_1gxe_4heads_256emb_0.15do,,,,,envpcc,1.0,,val_loss/env_avg_pearson,8192,256,4,1,0.15,8,256,256,true,0.1,,0.4187094271183014,0.4256016054838824,105.8423367177388,106.42593776047616,0.14573523096329932,study_record_development,,supplement_completed_run,completed run retained for descriptive provenance,SIG-74350bba83,1,true,wandb_export_2026-07-22T16_22_44.564-04_00.csv
WDB-0260,260,fulltf+strat+leo+contrge_gcontr0.1grm-mse_econtr0.1t0.5_moeenc8e2k256h_shared256h_lb0.01_envpcc_8192gbs_0.0001lr_1e-05wd_3000epochs_200es_1gxe_4heads_256emb_0.15do,finished,2026-02-12T00:22:12.000Z,2026-02-12T01:30:22.000Z,494b7615ad11d1e696f96b6da6b3308fece72a97,https://github.com/Jacobson-CompSysBio/GP-Transformer/tree/494b7615ad11d1e696f96b6da6b3308fece72a97,,fulltf_moeenc8e2k256h_shared256h_lb0.01_envpcc_8192gbs_0.0001lr_1e-05wd_3000epochs_200es_1gxe_4heads_256emb_0.15do,,,,,envpcc,1.0,,val_loss/env_avg_pearson,8192,256,4,1,0.15,8,256,256,true,0.1,,0.41736698150634766,0.4235765697585309,102.10782913728671,102.65285583660024,0.14880399998754557,study_record_development,,supplement_completed_run,completed run retained for descriptive provenance,SIG-fbc8831dfc,1,true,wandb_export_2026-07-22T16_22_44.564-04_00.csv
WDB-0261,261,fulltf+strat+leo_moeenc8e2k256h_shared256h_lb0.01_envpcc_8192gbs_0.0001lr_1e-05wd_3000epochs_200es_1gxe_4heads_384emb_0.15do,crashed,2026-02-07T00:26:45.000Z,2026-02-11T23:45:11.000Z,c15b88c8a6455657bf24f736cac13c54a36c3854,https://github.com/Jacobson-CompSysBio/GP-Transformer/tree/c15b88c8a6455657bf24f736cac13c54a36c3854,,,,,,,envpcc,1.0,,,8192,384,4,1,0.15,8,256,256,,,,,,,,,study_record_development,,not_analyzed_unsuccessful_run,run state was crashed,SIG-8a642aa9b1,1,true,wandb_export_2026-07-22T16_22_44.564-04_00.csv
WDB-0262,262,fulltf+strat+leo_moeenc8e2k320h_shared320h_lb0.01_envpcc_8192gbs_0.0001lr_3e-05wd_3000epochs_200es_1gxe_4heads_320emb_0.2do,finished,2026-02-10T00:51:48.000Z,2026-02-10T02:17:03.000Z,549a1bf590ac0d402a51be8f228dd08c1b604e24,https://github.com/Jacobson-CompSysBio/GP-Transformer/tree/549a1bf590ac0d402a51be8f228dd08c1b604e24,,fulltf_moeenc8e2k320h_shared320h_lb0.01_envpcc_8192gbs_0.0001lr_3e-05wd_3000epochs_200es_1gxe_4heads_320emb_0.2do,,,,,envpcc,1.0,,val/env_avg_pearson,8192,320,4,1,0.2,8,320,320,,,,0.37660807371139526,0.3826509438319227,86.29948857171529,86.73989923794603,0.11980800875065747,study_record_development,,supplement_completed_run,completed run retained for descriptive provenance,SIG-3736e136a0,1,true,wandb_export_2026-07-22T16_22_44.564-04_00.csv
WDB-0263,263,fulltf+strat+leo_moeenc8e2k256h_shared256h_lb0.01_envpcc_8192gbs_7e-05lr_2e-05wd_3000epochs_200es_1gxe_4heads_256emb_0.15do,finished,2026-02-10T00:51:47.000Z,2026-02-10T01:59:22.000Z,549a1bf590ac0d402a51be8f228dd08c1b604e24,https://github.com/Jacobson-CompSysBio/GP-Transformer/tree/549a1bf590ac0d402a51be8f228dd08c1b604e24,,fulltf_moeenc8e2k256h_shared256h_lb0.01_envpcc_8192gbs_7e-05lr_2e-05wd_3000epochs_200es_1gxe_4heads_256emb_0.15do,,,,,envpcc,1.0,,val/env_avg_pearson,8192,256,4,1,0.15,8,256,256,,,,0.4186171889305115,0.4239607170370413,102.66156735313515,103.20487082410703,0.1542185799348815,study_record_development,,supplement_completed_run,completed run retained for descriptive provenance,SIG-d21f4b506b,1,true,wandb_export_2026-07-22T16_22_44.564-04_00.csv
WDB-0264,264,fulltf+strat+leo_moeenc8e2k256h_shared256h_lb0.01_envpcc_6144gbs_8e-05lr_1e-05wd_3000epochs_200es_1gxe_4heads_256emb_0.15do,finished,2026-02-10T00:51:48.000Z,2026-02-10T01:59:14.000Z,549a1bf590ac0d402a51be8f228dd08c1b604e24,https://github.com/Jacobson-CompSysBio/GP-Transformer/tree/549a1bf590ac0d402a51be8f228dd08c1b604e24,,fulltf_moeenc8e2k256h_shared256h_lb0.01_envpcc_6144gbs_8e-05lr_1e-05wd_3000epochs_200es_1gxe_4heads_256emb_0.15do,,,,,envpcc,1.0,,val/env_avg_pearson,6144,256,4,1,0.15,8,256,256,,,,0.4102783203125,0.41903163265055526,98.54525239778457,99.06450223122212,0.1370390166443734,study_record_development,,supplement_completed_run,completed run retained for descriptive provenance,SIG-d414baea2f,1,true,wandb_export_2026-07-22T16_22_44.564-04_00.csv
WDB-0265,265,fulltf+strat+leo_moeenc8e2k256h_shared256h_lb0.01_envpcc_8192gbs_8e-05lr_1e-05wd_3000epochs_200es_1gxe_4heads_256emb_0.15do,finished,2026-02-10T00:51:47.000Z,2026-02-10T01:52:04.000Z,549a1bf590ac0d402a51be8f228dd08c1b604e24,https://github.com/Jacobson-CompSysBio/GP-Transformer/tree/549a1bf590ac0d402a51be8f228dd08c1b604e24,,fulltf_moeenc8e2k256h_shared256h_lb0.01_envpcc_8192gbs_8e-05lr_1e-05wd_3000epochs_200es_1gxe_4heads_256emb_0.15do,,,,,envpcc,1.0,,val/env_avg_pearson,8192,256,4,1,0.15,8,256,256,,,,0.420624315738678,0.4269334594101849,102.03596212153408,102.58027085611344,0.14892427304379574,study_record_development,,supplement_completed_run,completed run retained for descriptive provenance,SIG-4c8ff2e20d,1,true,wandb_export_2026-07-22T16_22_44.564-04_00.csv
WDB-0266,266,fulltf+strat+leo_moeenc8e2k256h_shared256h_lb0.01_envpcc_8192gbs_0.0001lr_1e-05wd_3000epochs_200es_1gxe_4heads_256emb_0.15do,finished,2026-02-10T00:51:48.000Z,2026-02-10T01:41:11.000Z,549a1bf590ac0d402a51be8f228dd08c1b604e24,https://github.com/Jacobson-CompSysBio/GP-Transformer/tree/549a1bf590ac0d402a51be8f228dd08c1b604e24,,fulltf_moeenc8e2k256h_shared256h_lb0.01_envpcc_8192gbs_0.0001lr_1e-05wd_3000epochs_200es_1gxe_4heads_256emb_0.15do,,,,,envpcc,1.0,,val/env_avg_pearson,8192,256,4,1,0.15,8,256,256,,,,0.4202527701854706,0.4270538250512314,103.71240863252288,104.27924670642986,0.14633655221352607,study_record_development,,supplement_completed_run,completed run retained for descriptive provenance,SIG-c845de7f44,2,true,wandb_export_2026-07-22T16_22_44.564-04_00.csv
WDB-0267,267,fulltf+strat+leo_moeenc8e2k256h_shared256h_lb0.01_envpcc_8192gbs_0.0001lr_1e-05wd_3000epochs_200es_1gxe_4heads_256emb_0.15do,finished,2026-02-10T00:51:50.000Z,2026-02-10T01:41:09.000Z,549a1bf590ac0d402a51be8f228dd08c1b604e24,https://github.com/Jacobson-CompSysBio/GP-Transformer/tree/549a1bf590ac0d402a51be8f228dd08c1b604e24,,fulltf_moeenc8e2k256h_shared256h_lb0.01_envpcc_8192gbs_0.0001lr_1e-05wd_3000epochs_200es_1gxe_4heads_256emb_0.15do,,,,,envpcc,1.0,,val/env_avg_pearson,8192,256,4,1,0.15,8,256,256,,,,0.4202527701854706,0.4270538250512314,103.71240863252288,104.27924670642986,0.14633655221352607,study_record_development,,supplement_completed_run,completed run retained for descriptive provenance,SIG-91b3930dc1,1,true,wandb_export_2026-07-22T16_22_44.564-04_00.csv
WDB-0268,268,fulltf+strat+leo_moeenc8e2k256h_shared256h_lb0.01_envpcc_8192gbs_0.0001lr_1e-05wd_3000epochs_200es_1gxe_4heads_256emb_0.15do,finished,2026-02-10T00:51:48.000Z,2026-02-10T01:41:07.000Z,549a1bf590ac0d402a51be8f228dd08c1b604e24,https://github.com/Jacobson-CompSysBio/GP-Transformer/tree/549a1bf590ac0d402a51be8f228dd08c1b604e24,,fulltf_moeenc8e2k256h_shared256h_lb0.01_envpcc_8192gbs_0.0001lr_1e-05wd_3000epochs_200es_1gxe_4heads_256emb_0.15do,,,,,envpcc,1.0,,val/env_avg_pearson,8192,256,4,1,0.15,8,256,256,,,,0.4202527701854706,0.4270538250512314,103.71240863252288,104.27924670642986,0.14633655221352607,study_record_development,,supplement_repeated_signature,additional export record with the same run signature,SIG-c845de7f44,2,false,wandb_export_2026-07-22T16_22_44.564-04_00.csv
WDB-0269,269,fulltf+strat+leo_moeenc8e2k256h_shared256h_lb0.01_envpcc_8192gbs_0.0001lr_1e-05wd_3000epochs_200es_1gxe_4heads_256emb_0.15do,finished,2026-02-10T00:04:56.000Z,2026-02-10T00:54:23.000Z,549a1bf590ac0d402a51be8f228dd08c1b604e24,https://github.com/Jacobson-CompSysBio/GP-Transformer/tree/549a1bf590ac0d402a51be8f228dd08c1b604e24,,fulltf_moeenc8e2k256h_shared256h_lb0.01_envpcc_8192gbs_0.0001lr_1e-05wd_3000epochs_200es_1gxe_4heads_256emb_0.15do,,,,,envpcc,1.0,,val/env_avg_pearson,8192,256,4,1,0.15,8,256,256,,,,0.3340580463409424,0.331814350623257,115.35154629221029,115.9840287960533,0.1580724316125913,study_record_development,,supplement_completed_run,completed run retained for descriptive provenance,SIG-46f68ded3f,1,true,wandb_export_2026-07-22T16_22_44.564-04_00.csv
WDB-0270,270,fulltf+strat+leo_moeenc8e2k256h_shared256h_lb0.01_envpcc_8192gbs_0.0001lr_1e-05wd_3000epochs_200es_1gxe_6heads_384emb_0.15do,finished,2026-02-09T20:57:05.000Z,2026-02-09T22:35:33.000Z,b1426daf8a36a1885c1b5bfd04569704f896b2b2,https://github.com/Jacobson-CompSysBio/GP-Transformer/tree/b1426daf8a36a1885c1b5bfd04569704f896b2b2,,fulltf_moeenc8e2k256h_shared256h_lb0.01_envpcc_8192gbs_0.0001lr_1e-05wd_3000epochs_200es_1gxe_6heads_384emb_0.15do,,,,,envpcc,1.0,,,8192,384,6,1,0.15,8,256,256,,,,0.383448242060293,0.3759682971808595,86.18029815173387,86.53194879637596,0.1514200778364132,study_record_development,,supplement_completed_run,completed run retained for descriptive provenance,SIG-fc74536e37,1,true,wandb_export_2026-07-22T16_22_44.564-04_00.csv
WDB-0271,271,fulltf+strat+leo_moeenc8e2k256h_shared256h_lb0.01_envpcc_8192gbs_0.0001lr_1e-05wd_3000epochs_200es_1gxe_4heads_384emb_0.15do,finished,2026-02-09T15:45:49.000Z,2026-02-09T20:55:06.000Z,b1426daf8a36a1885c1b5bfd04569704f896b2b2,https://github.com/Jacobson-CompSysBio/GP-Transformer/tree/b1426daf8a36a1885c1b5bfd04569704f896b2b2,,fulltf_moeenc8e2k256h_shared256h_lb0.01_envpcc_8192gbs_0.0001lr_1e-05wd_3000epochs_200es_1gxe_4heads_384emb_0.15do,,,,,envpcc,1.0,,,8192,384,4,1,0.15,8,256,256,,,,0.39304756688746384,0.3938857632044864,89.77898587493131,90.2286582983396,0.16089429894801216,study_record_development,,supplement_completed_run,completed run retained for descriptive provenance,SIG-61c2a28493,1,true,wandb_export_2026-07-22T16_22_44.564-04_00.csv
WDB-0272,272,fulltf+strat+leo_moeenc8e2k256h_shared256h_lb0.01_envpcc_8192gbs_0.0001lr_1e-05wd_3000epochs_200es_1gxe_4heads_256emb_0.15do,finished,2026-02-09T15:57:10.000Z,2026-02-09T16:46:15.000Z,790cb3f454a13ce6688ef95329117d90e31b4af3,https://github.com/Jacobson-CompSysBio/GP-Transformer/tree/790cb3f454a13ce6688ef95329117d90e31b4af3,,fulltf_moeenc8e2k256h_shared256h_lb0.01_envpcc_8192gbs_0.0001lr_1e-05wd_3000epochs_200es_1gxe_4heads_256emb_0.15do,,,,,envpcc,1.0,,,8192,256,4,1,0.15,8,256,256,,,,0.420003013607569,0.42676210653363345,103.92816645394986,104.49676870901786,0.14627120218540174,study_record_development,,supplement_completed_run,completed run retained for descriptive provenance,SIG-6f16f1006c,1,true,wandb_export_2026-07-22T16_22_44.564-04_00.csv
WDB-0273,273,fulltf+strat+leo_moeenc8e2k256h_shared256h_lb0.01_envpcc_16384gbs_0.0001lr_1e-05wd_3000epochs_200es_1gxe_4heads_256emb_0.15do,finished,2026-02-07T02:50:44.000Z,2026-02-07T03:23:19.000Z,c15b88c8a6455657bf24f736cac13c54a36c3854,https://github.com/Jacobson-CompSysBio/GP-Transformer/tree/c15b88c8a6455657bf24f736cac13c54a36c3854,,fulltf_moeenc8e2k256h_shared256h_lb0.01_envpcc_16384gbs_0.0001lr_1e-05wd_3000epochs_200es_1gxe_4heads_256emb_0.15do,,,,,envpcc,1.0,,,16384,256,4,1,0.15,8,256,256,,,,0.4144451721197891,0.4219915336835866,105.71427444638567,106.30363488911384,0.1380586520323997,study_record_development,,supplement_completed_run,completed run retained for descriptive provenance,SIG-cdab1a4dfb,1,true,wandb_export_2026-07-22T16_22_44.564-04_00.csv
WDB-0274,274,fulltf+strat+leo_moeenc8e2k256h_shared256h_lb0.01_envpcc_8192gbs_0.0001lr_1e-05wd_3000epochs_200es_1gxe_4heads_256emb_0.15do,finished,2026-02-07T00:19:33.000Z,2026-02-07T01:07:59.000Z,c15b88c8a6455657bf24f736cac13c54a36c3854,https://github.com/Jacobson-CompSysBio/GP-Transformer/tree/c15b88c8a6455657bf24f736cac13c54a36c3854,,fulltf_moeenc8e2k256h_shared256h_lb0.01_envpcc_8192gbs_0.0001lr_1e-05wd_3000epochs_200es_1gxe_4heads_256emb_0.15do,,,,,envpcc,1.0,,,8192,256,4,1,0.15,8,256,256,,,,0.4200401754250063,0.42681045367533904,104.29293041831858,104.86422059748458,0.1463309032404529,study_record_development,,supplement_completed_run,completed run retained for descriptive provenance,SIG-1979535267,1,true,wandb_export_2026-07-22T16_22_44.564-04_00.csv
WDB-0275,275,fulltf+strat+leo_moeenc8e2k256h_shared256h_lb0.01_1-0.1w_envpcc-mse_16384gbs_0.0001lr_1e-05wd_3000epochs_200es_1gxe_4heads_256emb_0.15do_scaled,crashed,2026-02-06T20:19:41.000Z,2026-02-06T22:17:42.000Z,c15b88c8a6455657bf24f736cac13c54a36c3854,https://github.com/Jacobson-CompSysBio/GP-Transformer/tree/c15b88c8a6455657bf24f736cac13c54a36c3854,,,,,,,envpcc+mse,"1.0,0.1",,,16384,256,4,1,0.15,8,256,256,,,,,,,,,study_record_development,,not_analyzed_unsuccessful_run,run state was crashed,SIG-57580d8807,1,true,wandb_export_2026-07-22T16_22_44.564-04_00.csv
WDB-0276,276,fulltf+strat+leo_moeenc8e2k256h_shared256h_lb0.01_envpcc_16384gbs_0.0001lr_1e-05wd_3000epochs_200es_1gxe_4heads_256emb_0.15do,finished,2026-02-06T20:15:37.000Z,2026-02-06T20:48:18.000Z,c15b88c8a6455657bf24f736cac13c54a36c3854,https://github.com/Jacobson-CompSysBio/GP-Transformer/tree/c15b88c8a6455657bf24f736cac13c54a36c3854,,fulltf_moeenc8e2k256h_shared256h_lb0.01_envpcc_16384gbs_0.0001lr_1e-05wd_3000epochs_200es_1gxe_4heads_256emb_0.15do,,,,,envpcc,1.0,,,16384,256,4,1,0.15,8,256,256,,,,0.4158056435529182,0.4233050994954053,106.97194109290746,107.57147793591666,0.1378490538461115,study_record_development,,supplement_completed_run,completed run retained for descriptive provenance,SIG-c5f3912e96,1,true,wandb_export_2026-07-22T16_22_44.564-04_00.csv
WDB-0277,277,fulltf+res+strat+leo+contr_moeenc4e2k256h_shared256h_lb0.01_envpcc_8192gbs_0.0001lr_5e-05wd_3000epochs_200es_2gxe_4heads_256emb_0.15do,crashed,2026-02-06T16:52:49.000Z,2026-02-06T18:51:05.000Z,c15b88c8a6455657bf24f736cac13c54a36c3854,https://github.com/Jacobson-CompSysBio/GP-Transformer/tree/c15b88c8a6455657bf24f736cac13c54a36c3854,,,,,,,envpcc,1.0,,,8192,256,4,2,0.15,4,256,256,,,,,,,,,study_record_development,,not_analyzed_unsuccessful_run,run state was crashed,SIG-84c3d865bd,1,true,wandb_export_2026-07-22T16_22_44.564-04_00.csv
WDB-0278,278,fulltf+res+strat+leo+contr_moeenc4e2k256h_shared256h_lb0.01_envmse_8192gbs_0.0001lr_5e-05wd_3000epochs_200es_2gxe_4heads_256emb_0.15do,finished,2026-02-06T16:52:49.000Z,2026-02-06T18:36:24.000Z,c15b88c8a6455657bf24f736cac13c54a36c3854,https://github.com/Jacobson-CompSysBio/GP-Transformer/tree/c15b88c8a6455657bf24f736cac13c54a36c3854,,fulltf+res_moeenc4e2k256h_shared256h_lb0.01_envmse_8192gbs_0.0001lr_5e-05wd_3000epochs_200es_2gxe_4heads_256emb_0.15do,,,,,envmse,1.0,,,8192,256,4,2,0.15,4,256,256,,,,0.2611599065426574,0.2814311391450726,10.486355426499667,9.833656709016031,0.33985953942486735,study_record_development,,supplement_completed_run,completed run retained for descriptive provenance,SIG-811525073a,1,true,wandb_export_2026-07-22T16_22_44.564-04_00.csv
WDB-0279,279,fulltf+res+strat+leo+contr_moeenc4e2k256h_shared256h_lb0.01_1-0.1-0.1-0.1w_envpcc-envmse-pcc-mse_8192gbs_0.0001lr_5e-05wd_3000epochs_200es_2gxe_4heads_256emb_0.15do,finished,2026-02-06T17:02:39.000Z,2026-02-06T18:31:56.000Z,c15b88c8a6455657bf24f736cac13c54a36c3854,https://github.com/Jacobson-CompSysBio/GP-Transformer/tree/c15b88c8a6455657bf24f736cac13c54a36c3854,,fulltf+res_moeenc4e2k256h_shared256h_lb0.01_1-0.1-0.1-0.1w_envpcc-envmse-pcc-mse_8192gbs_0.0001lr_5e-05wd_3000epochs_200es_2gxe_4heads_256emb_0.15do,,,,,envpcc+envmse+pcc+mse,"1.0,0.1,0.1,0.1",,,8192,256,4,2,0.15,4,256,256,,,,0.35749659704334763,0.3599761944829405,9.06674386938572,8.651941219656663,0.376555351112369,study_record_development,,supplement_completed_run,completed run retained for descriptive provenance,SIG-ca504774c6,1,true,wandb_export_2026-07-22T16_22_44.564-04_00.csv
WDB-0280,280,fulltf+strat_moeenc8e2k256h_shared256h_lb0.01_envpcc_16384gbs_0.0001lr_1e-05wd_3000epochs_200es_1gxe_4heads_256emb_0.15do,finished,2026-02-06T16:52:49.000Z,2026-02-06T17:56:03.000Z,c15b88c8a6455657bf24f736cac13c54a36c3854,https://github.com/Jacobson-CompSysBio/GP-Transformer/tree/c15b88c8a6455657bf24f736cac13c54a36c3854,,fulltf_moeenc8e2k256h_shared256h_lb0.01_envpcc_16384gbs_0.0001lr_1e-05wd_3000epochs_200es_1gxe_4heads_768emb_0.15do,,,,,envpcc,1.0,,,16384,256,4,1,0.15,8,256,256,,,,0.40542839221680455,0.4100388607368029,100.939181760843,101.45924467629868,0.15146195318330077,study_record_development,,supplement_completed_run,completed run retained for descriptive provenance,SIG-a620e37fe2,1,true,wandb_export_2026-07-22T16_22_44.564-04_00.csv
WDB-0281,281,g+e+ld+tf+wg+res+strat+leo+contr_moeenc8e2k256h_shared256h_lb0.01_envpcc_16384gbs_0.0001lr_0.0001wd_3000epochs_200es_1g_1ld_1mlp_1gxe_4heads_256emb_0.15do,crashed,2026-02-06T09:50:18.000Z,2026-02-06T11:47:19.000Z,27c2aa8ef1d63eec1f5d009f43db60a7e5cd4e92,https://github.com/Jacobson-CompSysBio/GP-Transformer/tree/27c2aa8ef1d63eec1f5d009f43db60a7e5cd4e92,,,,,,,envpcc,1.0,,,,,,,,8,256,256,,,,,,,,,study_record_development,,not_analyzed_unsuccessful_run,run state was crashed,SIG-c10eaab008,1,true,wandb_export_2026-07-22T16_22_44.564-04_00.csv
WDB-0282,282,g+e+ld+tf+wg+res+strat+leo+contr_moeenc8e2k256h_shared256h_lb0.01_envpcc_16384gbs_0.0001lr_0.0001wd_3000epochs_200es_1g_1ld_1mlp_1gxe_4heads_256emb_0.25do,finished,2026-02-06T09:50:20.000Z,2026-02-06T11:04:30.000Z,27c2aa8ef1d63eec1f5d009f43db60a7e5cd4e92,https://github.com/Jacobson-CompSysBio/GP-Transformer/tree/27c2aa8ef1d63eec1f5d009f43db60a7e5cd4e92,,g+e+ld+tf+wg+res_moeenc8e2k256h_shared256h_lb0.01_envpcc_16384gbs_0.0001lr_0.0001wd_3000epochs_200es_1g_1ld_1mlp_1gxe_4heads_768emb_0.25do,,,,,envpcc,1.0,,,,,,,,8,256,256,,,,0.26956138996850815,0.248297250630579,13.552975942059485,12.346431724066813,0.18891287444350377,study_record_development,,supplement_completed_run,completed run retained for descriptive provenance,SIG-87d168783a,1,true,wandb_export_2026-07-22T16_22_44.564-04_00.csv
WDB-0283,283,fulltf+res+strat+leo+contr_moeenc4e2k256h_shared256h_lb0.01_envpcc_16384gbs_0.0001lr_0.0001wd_3000epochs_200es_1gxe_4heads_256emb_0.25do,finished,2026-02-06T10:04:57.000Z,2026-02-06T10:46:23.000Z,27c2aa8ef1d63eec1f5d009f43db60a7e5cd4e92,https://github.com/Jacobson-CompSysBio/GP-Transformer/tree/27c2aa8ef1d63eec1f5d009f43db60a7e5cd4e92,,fulltf+res_moeenc4e2k256h_shared256h_lb0.01_envpcc_16384gbs_0.0001lr_0.0001wd_3000epochs_200es_1gxe_4heads_768emb_0.25do,,,,,envpcc,1.0,,,,,,,,4,256,256,,,,0.32768960161333766,0.33365546998975215,13.816419838490695,12.637450623833606,0.28781285739025353,study_record_development,,supplement_completed_run,completed run retained for descriptive provenance,SIG-a9771e9a85,1,true,wandb_export_2026-07-22T16_22_44.564-04_00.csv
WDB-0284,284,fulltf+res+strat+leo+contr_moeenc8e2k256h_shared256h_lb0.01_envpcc_16384gbs_0.0001lr_0.0001wd_3000epochs_200es_1gxe_4heads_256emb_0.15do,finished,2026-02-06T09:48:00.000Z,2026-02-06T10:39:30.000Z,27c2aa8ef1d63eec1f5d009f43db60a7e5cd4e92,https://github.com/Jacobson-CompSysBio/GP-Transformer/tree/27c2aa8ef1d63eec1f5d009f43db60a7e5cd4e92,,fulltf+res_moeenc8e2k256h_shared256h_lb0.01_envpcc_16384gbs_0.0001lr_0.0001wd_3000epochs_200es_1gxe_4heads_768emb_0.15do,,,,,envpcc,1.0,,,,,,,,8,256,256,,,,0.36943882139722023,0.37615639341675006,7.241399246015004,7.3139294007236,0.4305831440099059,study_record_development,,supplement_completed_run,completed run retained for descriptive provenance,SIG-1ef9e7e6c2,1,true,wandb_export_2026-07-22T16_22_44.564-04_00.csv
WDB-0285,285,fulltf+res+strat+leo+contr_envpcc_16384gbs_0.0001lr_0.0001wd_3000epochs_200es_1gxe_4heads_128emb_0.25do,finished,2026-02-06T10:04:54.000Z,2026-02-06T10:18:31.000Z,27c2aa8ef1d63eec1f5d009f43db60a7e5cd4e92,https://github.com/Jacobson-CompSysBio/GP-Transformer/tree/27c2aa8ef1d63eec1f5d009f43db60a7e5cd4e92,,fulltf+res_envpcc_16384gbs_0.0001lr_0.0001wd_3000epochs_200es_1gxe_4heads_768emb_0.25do,,,,,envpcc,1.0,,,,,,,,4,128,128,,,,0.2789418268282477,0.2672184475740308,21.035131093325464,20.71781090933711,0.09944987795655294,study_record_development,,supplement_completed_run,completed run retained for descriptive provenance,SIG-46c632dbee,1,true,wandb_export_2026-07-22T16_22_44.564-04_00.csv
WDB-0286,286,fulltf+res+strat+leo+contr_moeenc4e2k128h_shared128h_lb0.01_envpcc_16384gbs_0.0001lr_0.0001wd_3000epochs_200es_1gxe_4heads_128emb_0.25do,finished,2026-02-06T09:50:18.000Z,2026-02-06T10:05:43.000Z,27c2aa8ef1d63eec1f5d009f43db60a7e5cd4e92,https://github.com/Jacobson-CompSysBio/GP-Transformer/tree/27c2aa8ef1d63eec1f5d009f43db60a7e5cd4e92,,fulltf+res_moeenc4e2k128h_shared128h_lb0.01_envpcc_16384gbs_0.0001lr_0.0001wd_3000epochs_200es_1gxe_4heads_768emb_0.25do,,,,,envpcc,1.0,,,,,,,,4,128,128,,,,0.2817841667419017,0.27298737043536697,22.319782183554423,22.039761262539127,0.140878250192334,study_record_development,,supplement_completed_run,completed run retained for descriptive provenance,SIG-1b85cf16a8,1,true,wandb_export_2026-07-22T16_22_44.564-04_00.csv
WDB-0287,287,fulltf+res+strat+leo+contr_moeenc8e2k256h_shared256h_lb0.01_envpcc_16384gbs_0.0001lr_1e-05wd_3000epochs_200es_1gxe_4heads_256emb_0.15do,finished,2026-02-06T08:24:02.000Z,2026-02-06T09:16:01.000Z,27c2aa8ef1d63eec1f5d009f43db60a7e5cd4e92,https://github.com/Jacobson-CompSysBio/GP-Transformer/tree/27c2aa8ef1d63eec1f5d009f43db60a7e5cd4e92,,fulltf+res_moeenc8e2k256h_shared256h_lb0.01_envpcc_16384gbs_0.0001lr_1e-05wd_3000epochs_200es_1gxe_4heads_768emb_0.15do,,,,,envpcc,1.0,,,,,,,,8,256,256,,,,0.36922766073649504,0.37593315260302457,7.233885905706621,7.303824440308221,0.43074802114338295,study_record_development,,supplement_completed_run,completed run retained for descriptive provenance,SIG-a89b39ab2a,1,true,wandb_export_2026-07-22T16_22_44.564-04_00.csv
WDB-0288,288,fulltf+res+strat+leo+contr_moeenc8e2k256h_shared256h_lb0.01_envpcc_16384gbs_0.0001lr_1e-05wd_3000epochs_200es_1gxe_4heads_256emb_0.15do,finished,2026-02-06T08:23:30.000Z,2026-02-06T09:15:33.000Z,27c2aa8ef1d63eec1f5d009f43db60a7e5cd4e92,https://github.com/Jacobson-CompSysBio/GP-Transformer/tree/27c2aa8ef1d63eec1f5d009f43db60a7e5cd4e92,,fulltf+res_moeenc8e2k256h_shared256h_lb0.01_envpcc_16384gbs_0.0001lr_1e-05wd_3000epochs_200es_1gxe_4heads_768emb_0.15do,,,,,envpcc,1.0,,,,,,,,8,256,256,,,,0.36922766073649504,0.37593315260302457,7.233885905706621,7.303824440308221,0.43074802114338295,study_record_development,,supplement_completed_run,completed run retained for descriptive provenance,SIG-b0a52ed45e,1,true,wandb_export_2026-07-22T16_22_44.564-04_00.csv
WDB-0289,289,fulltf+res+strat+leo+contr_moeenc8e2k256h_shared256h_lb0.01_envpcc_16384gbs_0.0001lr_1e-05wd_3000epochs_200es_1gxe_4heads_256emb_0.15do,finished,2026-02-06T08:23:29.000Z,2026-02-06T09:15:22.000Z,27c2aa8ef1d63eec1f5d009f43db60a7e5cd4e92,https://github.com/Jacobson-CompSysBio/GP-Transformer/tree/27c2aa8ef1d63eec1f5d009f43db60a7e5cd4e92,,fulltf+res_moeenc8e2k256h_shared256h_lb0.01_envpcc_16384gbs_0.0001lr_1e-05wd_3000epochs_200es_1gxe_4heads_768emb_0.15do,,,,,envpcc,1.0,,,,,,,,8,256,256,,,,0.36922766073649504,0.37593315260302457,7.233885905706621,7.303824440308221,0.43074802114338295,study_record_development,,supplement_completed_run,completed run retained for descriptive provenance,SIG-59a4743771,2,true,wandb_export_2026-07-22T16_22_44.564-04_00.csv
WDB-0290,290,fulltf+res+strat+leo+contr_moeenc8e2k256h_shared256h_lb0.01_envpcc_16384gbs_0.0001lr_1e-05wd_3000epochs_200es_1gxe_4heads_256emb_0.15do,finished,2026-02-06T08:23:29.000Z,2026-02-06T09:15:19.000Z,27c2aa8ef1d63eec1f5d009f43db60a7e5cd4e92,https://github.com/Jacobson-CompSysBio/GP-Transformer/tree/27c2aa8ef1d63eec1f5d009f43db60a7e5cd4e92,,fulltf+res_moeenc8e2k256h_shared256h_lb0.01_envpcc_16384gbs_0.0001lr_1e-05wd_3000epochs_200es_1gxe_4heads_768emb_0.15do,,,,,envpcc,1.0,,,,,,,,8,256,256,,,,0.36922766073649504,0.37593315260302457,7.233885905706621,7.303824440308221,0.43074802114338295,study_record_development,,supplement_repeated_signature,additional export record with the same run signature,SIG-59a4743771,2,false,wandb_export_2026-07-22T16_22_44.564-04_00.csv
WDB-0291,291,fulltf+res+strat+leo+contr_moeenc8e2k256h_shared256h_lb0.01_envpcc_16384gbs_0.0001lr_1e-05wd_3000epochs_200es_1gxe_4heads_256emb_0.15do,finished,2026-02-06T04:07:51.000Z,2026-02-06T04:59:53.000Z,27c2aa8ef1d63eec1f5d009f43db60a7e5cd4e92,https://github.com/Jacobson-CompSysBio/GP-Transformer/tree/27c2aa8ef1d63eec1f5d009f43db60a7e5cd4e92,,fulltf+res_moeenc8e2k256h_shared256h_lb0.01_envpcc_16384gbs_0.0001lr_1e-05wd_3000epochs_200es_1gxe_4heads_768emb_0.15do,,,,,envpcc,1.0,,,,,,,,8,256,256,,,,0.3694077501960674,0.376126547646472,7.232417301282839,7.302391875320001,0.43114099611019824,study_record_development,,supplement_completed_run,completed run retained for descriptive provenance,SIG-2dc3ec6b1b,1,true,wandb_export_2026-07-22T16_22_44.564-04_00.csv
WDB-0292,292,fulltf+res+strat+leo+contr_moeenc8e2k256h_shared256h_lb0.01_envpcc_16384gbs_0.0001lr_1e-05wd_3000epochs_200es_1gxe_4heads_256emb_0.15do,finished,2026-02-06T04:08:00.000Z,2026-02-06T04:59:45.000Z,27c2aa8ef1d63eec1f5d009f43db60a7e5cd4e92,https://github.com/Jacobson-CompSysBio/GP-Transformer/tree/27c2aa8ef1d63eec1f5d009f43db60a7e5cd4e92,,fulltf+res_moeenc8e2k256h_shared256h_lb0.01_envpcc_16384gbs_0.0001lr_1e-05wd_3000epochs_200es_1gxe_4heads_768emb_0.15do,,,,,envpcc,1.0,,,,,,,,8,256,256,,,,0.3694077501960674,0.376126547646472,7.232417301282839,7.302391875320001,0.43114099611019824,study_record_development,,supplement_completed_run,completed run retained for descriptive provenance,SIG-10eb762e63,1,true,wandb_export_2026-07-22T16_22_44.564-04_00.csv
WDB-0293,293,fulltf+res+strat+leo+contr_moeenc8e2k256h_shared256h_lb0.01_envpcc_16384gbs_0.0001lr_1e-05wd_3000epochs_200es_1gxe_4heads_256emb_0.15do,finished,2026-02-06T04:08:01.000Z,2026-02-06T04:59:44.000Z,27c2aa8ef1d63eec1f5d009f43db60a7e5cd4e92,https://github.com/Jacobson-CompSysBio/GP-Transformer/tree/27c2aa8ef1d63eec1f5d009f43db60a7e5cd4e92,,fulltf+res_moeenc8e2k256h_shared256h_lb0.01_envpcc_16384gbs_0.0001lr_1e-05wd_3000epochs_200es_1gxe_4heads_768emb_0.15do,,,,,envpcc,1.0,,,,,,,,8,256,256,,,,0.3694077501960674,0.376126547646472,7.232417301282839,7.302391875320001,0.43114099611019824,study_record_development,,supplement_completed_run,completed run retained for descriptive provenance,SIG-a80e735eba,1,true,wandb_export_2026-07-22T16_22_44.564-04_00.csv
WDB-0294,294,fulltf+res+strat+leo+contr_moeenc8e2k256h_shared256h_lb0.01_envpcc_16384gbs_0.0001lr_1e-05wd_3000epochs_200es_1gxe_4heads_256emb_0.15do,finished,2026-02-06T00:47:00.000Z,2026-02-06T01:50:02.000Z,27c2aa8ef1d63eec1f5d009f43db60a7e5cd4e92,https://github.com/Jacobson-CompSysBio/GP-Transformer/tree/27c2aa8ef1d63eec1f5d009f43db60a7e5cd4e92,,fulltf+res_moeenc8e2k256h_shared256h_lb0.01_envpcc_16384gbs_0.0001lr_1e-05wd_3000epochs_200es_1gxe_4heads_768emb_0.15do,,,,,envpcc,1.0,,,,,,,,8,256,256,,,,0.3667458991057154,0.37143425908057864,7.206793572583757,7.193227711570643,0.43282896415340055,study_record_development,,supplement_completed_run,completed run retained for descriptive provenance,SIG-2ddf1c9736,1,true,wandb_export_2026-07-22T16_22_44.564-04_00.csv
WDB-0295,295,fulltf+res+strat+leo+contr_moeenc8e2k256h_shared256h_lb0.01_envpcc_16384gbs_0.0001lr_1e-05wd_3000epochs_200es_1gxe_4heads_256emb_0.15do,finished,2026-02-06T00:38:51.000Z,2026-02-06T01:41:19.000Z,27c2aa8ef1d63eec1f5d009f43db60a7e5cd4e92,https://github.com/Jacobson-CompSysBio/GP-Transformer/tree/27c2aa8ef1d63eec1f5d009f43db60a7e5cd4e92,,fulltf+res_moeenc8e2k256h_shared256h_lb0.01_envpcc_16384gbs_0.0001lr_1e-05wd_3000epochs_200es_1gxe_4heads_768emb_0.15do,,,,,envpcc,1.0,,,,,,,,8,256,256,,,,0.3667458991057154,0.37143425908057864,7.206793572583757,7.193227711570643,0.43282896415340055,study_record_development,,supplement_completed_run,completed run retained for descriptive provenance,SIG-e92120c016,1,true,wandb_export_2026-07-22T16_22_44.564-04_00.csv
WDB-0296,296,g+e+ld+tf+wg+res+strat+leo+contr_moeenc8e2k256h_shared256h_lb0.01_envpcc_16384gbs_0.0001lr_1e-05wd_3000epochs_200es_1g_2ld_1mlp_1gxe_4heads_256emb_0.15do,crashed,2026-02-05T21:44:21.000Z,2026-02-05T23:42:37.000Z,d9558ec5356531769df0313377b34d19631dc275,https://github.com/Jacobson-CompSysBio/GP-Transformer/tree/d9558ec5356531769df0313377b34d19631dc275,,,,,,,envpcc,1.0,,,,,,,,8,256,256,,,,,,,,,study_record_development,,not_analyzed_unsuccessful_run,run state was crashed,SIG-a0865dc1a3,1,true,wandb_export_2026-07-22T16_22_44.564-04_00.csv
WDB-0297,297,g+e+ld+tf+wg+strat+contr_moeenc8e2k256h_shared256h_lb0.01_envpcc_16384gbs_0.0001lr_1e-05wd_3000epochs_200es_1g_2ld_1mlp_1gxe_4heads_256emb_0.15do,finished,2026-02-05T21:44:51.000Z,2026-02-05T22:54:55.000Z,d9558ec5356531769df0313377b34d19631dc275,https://github.com/Jacobson-CompSysBio/GP-Transformer/tree/d9558ec5356531769df0313377b34d19631dc275,,g+e+ld+tf+wg_moeenc8e2k256h_shared256h_lb0.01_envpcc_16384gbs_0.0001lr_1e-05wd_3000epochs_200es_1g_2ld_1mlp_1gxe_4heads_768emb_0.15do,,,,,envpcc,1.0,,,,,,,,8,256,256,,,,0.3438189152318542,0.34701231766765317,109.9551465680408,111.8638210527058,0.1260241851448924,study_record_development,,supplement_completed_run,completed run retained for descriptive provenance,SIG-ea997537d1,1,true,wandb_export_2026-07-22T16_22_44.564-04_00.csv
WDB-0298,298,fulltf+res+strat+leo+contr_moeenc8e2k256h_shared256h_lb0.01_envpcc_16384gbs_0.0001lr_1e-05wd_3000epochs_200es_1gxe_4heads_256emb_0.15do,finished,2026-02-05T21:44:52.000Z,2026-02-05T22:41:16.000Z,d9558ec5356531769df0313377b34d19631dc275,https://github.com/Jacobson-CompSysBio/GP-Transformer/tree/d9558ec5356531769df0313377b34d19631dc275,,fulltf+res_moeenc8e2k256h_shared256h_lb0.01_envpcc_16384gbs_0.0001lr_1e-05wd_3000epochs_200es_1gxe_4heads_768emb_0.15do,,,,,envpcc,1.0,,,,,,,,8,256,256,,,,0.36417260692291953,0.3674633331370775,8.125258135727167,7.903553348412451,0.3746933887383367,study_record_development,,supplement_completed_run,completed run retained for descriptive provenance,SIG-f97fdb0daa,1,true,wandb_export_2026-07-22T16_22_44.564-04_00.csv
WDB-0299,299,fulltf+strat+contr_moeenc8e2k256h_shared256h_lb0.01_envpcc_16384gbs_0.0001lr_1e-05wd_3000epochs_200es_2gxe_4heads_256emb_0.15do,finished,2026-02-05T20:06:25.000Z,2026-02-05T21:36:21.000Z,d9558ec5356531769df0313377b34d19631dc275,https://github.com/Jacobson-CompSysBio/GP-Transformer/tree/d9558ec5356531769df0313377b34d19631dc275,,fulltf_moeenc8e2k256h_shared256h_lb0.01_envpcc_16384gbs_0.0001lr_1e-05wd_3000epochs_200es_2gxe_4heads_768emb_0.15do,,,,,envpcc,1.0,,,,,,,,8,256,256,,,,0.29671539636695543,0.2853743827859423,106.61393442269063,106.775148575681,0.07954426325124159,study_record_development,,supplement_completed_run,completed run retained for descriptive provenance,SIG-f87a57626e,1,true,wandb_export_2026-07-22T16_22_44.564-04_00.csv
WDB-0300,300,fulltf+strat+contr_moeenc8e2k256h_shared256h_lb0.01_envpcc_16384gbs_0.0001lr_1e-05wd_3000epochs_200es_2gxe_4heads_256emb_0.15do,finished,2026-02-05T18:01:00.000Z,2026-02-05T18:58:03.000Z,aba61bd5f9417f2e74a281f8e2344ae43c046448,https://github.com/Jacobson-CompSysBio/GP-Transformer/tree/aba61bd5f9417f2e74a281f8e2344ae43c046448,,fulltf_moeenc8e2k256h_shared256h_lb0.01_envpcc_16384gbs_0.0001lr_1e-05wd_3000epochs_200es_2gxe_4heads_768emb_0.15do,,,,,envpcc,1.0,,,,,,,,8,256,256,,,,0.3376079393842836,0.34135714344989826,107.82238152660612,108.01449002826016,0.10085517940983998,study_record_development,,supplement_completed_run,completed run retained for descriptive provenance,SIG-989850cd40,1,true,wandb_export_2026-07-22T16_22_44.564-04_00.csv
WDB-0301,301,no-gradnorm_g+e+ld+tf+wg+strat_moeenc8e2k256h_shared256h_lb0.01_envpcc_16384gbs_0.0001lr_1e-05wd_3000epochs_500es_1g_2ld_1mlp_1gxe_4heads_256emb_0.15do,finished,2026-02-05T15:11:23.000Z,2026-02-05T17:58:45.000Z,29c92877921088f0804811bb350b9816a0a4218d,https://github.com/Jacobson-CompSysBio/GP-Transformer/tree/29c92877921088f0804811bb350b9816a0a4218d,,no-gradnorm_g+e+ld+tf+wg_moeenc8e2k256h_shared256h_lb0.01_envpcc_16384gbs_0.0001lr_1e-05wd_3000epochs_500es_1g_2ld_1mlp_1gxe_4heads_768emb_0.15do,,,,,envpcc,1.0,,,,,,,,8,256,256,,,,0.27962977096903907,0.29382260769883667,114.65909639906243,115.68067384382014,0.18367574879362775,study_record_development,,supplement_completed_run,completed run retained for descriptive provenance,SIG-5e1cb31f86,1,true,wandb_export_2026-07-22T16_22_44.564-04_00.csv
WDB-0302,302,fulltf+strat+leo+contr_moeenc16e4k256h_shared256h_lb0.01_envpcc_2048gbs_0.0001lr_1e-05wd_1epochs_50es_2gxe_4heads_256emb_0.15do,finished,2026-02-05T14:58:56.000Z,2026-02-05T15:00:44.000Z,1efef17a4df6c4e05bb6a94addf450d05244f351,https://github.com/Jacobson-CompSysBio/GP-Transformer/tree/1efef17a4df6c4e05bb6a94addf450d05244f351,,fulltf_moeenc16e4k256h_shared256h_lb0.01_envpcc_2048gbs_0.0001lr_1e-05wd_1epochs_50es_2gxe_4heads_256emb_0.15do,,,,,envpcc,1.0,,,,,,,,16,256,256,,,,0.25752041941015275,0.23959517757662505,138.49261493395542,139.1980070622106,0.1680876575789685,study_record_development,,supplement_completed_run,completed run retained for descriptive provenance,SIG-1325cfdf93,1,true,wandb_export_2026-07-22T16_22_44.564-04_00.csv
WDB-0303,303,fulltf+strat+leo+contr_moeenc8e2k256h_shared256h_lb0.01_envpcc_16384gbs_0.0001lr_1e-05wd_3000epochs_200es_2gxe_4heads_256emb_0.15do,crashed,2026-02-04T23:48:31.000Z,2026-02-05T01:46:32.000Z,690c6a31e52ca76b3261089dfbd7e2e6abf60120,https://github.com/Jacobson-CompSysBio/GP-Transformer/tree/690c6a31e52ca76b3261089dfbd7e2e6abf60120,,,,,,,envpcc,1.0,,,,,,,,8,256,256,,,,,,,,,study_record_development,,not_analyzed_unsuccessful_run,run state was crashed,SIG-cbd9b74800,1,true,wandb_export_2026-07-22T16_22_44.564-04_00.csv
WDB-0304,304,g+e+ld+tf+wg+strat+leo+contr_moeenc8e2k256h_shared256h_lb0.01_envpcc_16384gbs_0.0001lr_1e-05wd_3000epochs_200es_1g_2ld_1mlp_2gxe_4heads_256emb_0.15do,finished,2026-02-04T23:48:43.000Z,2026-02-05T01:17:45.000Z,690c6a31e52ca76b3261089dfbd7e2e6abf60120,https://github.com/Jacobson-CompSysBio/GP-Transformer/tree/690c6a31e52ca76b3261089dfbd7e2e6abf60120,,g+e+ld+tf+wg_moeenc8e2k256h_shared256h_lb0.01_envpcc_16384gbs_0.0001lr_1e-05wd_3000epochs_200es_1g_2ld_1mlp_2gxe_4heads_768emb_0.15do,,,,,envpcc,1.0,,,,,,,,8,256,256,,,,0.29241805065967014,0.2923725932262529,117.31399579861773,118.42896367482015,0.058501215024919194,study_record_development,,supplement_completed_run,completed run retained for descriptive provenance,SIG-d7b2aec4e7,1,true,wandb_export_2026-07-22T16_22_44.564-04_00.csv
WDB-0305,305,no-gradnorm_g+e+ld+tf+wg+strat_moeenc8e2k256h_shared256h_lb0.01_envpcc_16384gbs_0.0001lr_1e-05wd_3000epochs_200es_1g_2ld_1mlp_1gxe_4heads_256emb_0.15do,finished,2026-02-04T20:28:25.000Z,2026-02-04T21:38:14.000Z,29c92877921088f0804811bb350b9816a0a4218d,https://github.com/Jacobson-CompSysBio/GP-Transformer/tree/29c92877921088f0804811bb350b9816a0a4218d,,no-gradnorm_g+e+ld+tf+wg_moeenc8e2k256h_shared256h_lb0.01_envpcc_16384gbs_0.0001lr_1e-05wd_3000epochs_200es_1g_2ld_1mlp_1gxe_4heads_768emb_0.15do,,,,,envpcc,1.0,,,,,,,,8,256,256,,,,0.30005907187495934,0.27721453625451675,122.02224132759711,123.94711585031806,0.15205795559798066,study_record_development,,supplement_completed_run,completed run retained for descriptive provenance,SIG-51943175e2,1,true,wandb_export_2026-07-22T16_22_44.564-04_00.csv
WDB-0306,306,fulltf+strat+leo+contr_moeenc16e4k256h_shared256h_lb0.01_envpcc_2048gbs_0.0001lr_1e-05wd_1epochs_50es_2gxe_4heads_256emb_0.15do,finished,2026-02-04T19:27:28.000Z,2026-02-04T19:29:10.000Z,29c92877921088f0804811bb350b9816a0a4218d,https://github.com/Jacobson-CompSysBio/GP-Transformer/tree/29c92877921088f0804811bb350b9816a0a4218d,,fulltf_moeenc16e4k256h_shared256h_lb0.01_envpcc_2048gbs_0.0001lr_1e-05wd_1epochs_50es_2gxe_4heads_256emb_0.15do,,,,,envpcc,1.0,,,,,,,,16,256,256,,,,0.25755930754718526,0.23963569735309567,138.47534528734286,139.18065247524223,0.1681125019366645,study_record_development,,supplement_completed_run,completed run retained for descriptive provenance,SIG-def6a8f2d9,1,true,wandb_export_2026-07-22T16_22_44.564-04_00.csv
WDB-0307,307,fulltf+strat+leo_moeenc8e2k256h_shared256h_lb0.01_envpcc_16384gbs_0.0001lr_1e-05wd_3000epochs_200es_2gxe_4heads_256emb_0.15do,finished,2026-02-04T16:48:31.000Z,2026-02-04T18:25:15.000Z,ebda7af61e4dfaab7c7ee70957a5a852594028eb,https://github.com/Jacobson-CompSysBio/GP-Transformer/tree/ebda7af61e4dfaab7c7ee70957a5a852594028eb,,fulltf_moeenc8e2k256h_shared256h_lb0.01_envpcc_16384gbs_0.0001lr_1e-05wd_3000epochs_200es_2gxe_4heads_768emb_0.15do,,,,,envpcc,1.0,,,,,,,,8,256,256,,,,0.3144397161708206,0.32220650419722807,98.23443537464637,98.89375402554764,0.1220291284006933,study_record_development,,supplement_completed_run,completed run retained for descriptive provenance,SIG-ce2b9367f8,1,true,wandb_export_2026-07-22T16_22_44.564-04_00.csv
WDB-0308,308,g+e+ld+tf+wg+res+strat_moeenc8e2k256h_shared256h_lb0.01_envpcc_16384gbs_0.0001lr_1e-05wd_3000epochs_200es_1g_2ld_1mlp_1gxe_4heads_256emb_0.15do,finished,2026-02-04T08:52:39.000Z,2026-02-04T11:03:43.000Z,29c92877921088f0804811bb350b9816a0a4218d,https://github.com/Jacobson-CompSysBio/GP-Transformer/tree/29c92877921088f0804811bb350b9816a0a4218d,,g+e+ld+tf+wg+res_moeenc8e2k256h_shared256h_lb0.01_envpcc_16384gbs_0.0001lr_1e-05wd_3000epochs_200es_1g_2ld_1mlp_1gxe_4heads_768emb_0.15do,,,,,envpcc,1.0,,,,,,,,8,256,256,,,,0.27627768189735763,0.2628609113060873,16.96912653820868,15.522167140124164,0.033864153030879945,study_record_development,,supplement_completed_run,completed run retained for descriptive provenance,SIG-776bcca120,1,true,wandb_export_2026-07-22T16_22_44.564-04_00.csv
WDB-0309,309,g+e+ld+tf+wg+strat_envpcc_16384gbs_0.0001lr_1e-05wd_3000epochs_200es_1g_2ld_1mlp_1gxe_4heads_256emb_0.15do,finished,2026-02-04T07:48:40.000Z,2026-02-04T08:50:10.000Z,29c92877921088f0804811bb350b9816a0a4218d,https://github.com/Jacobson-CompSysBio/GP-Transformer/tree/29c92877921088f0804811bb350b9816a0a4218d,,g+e+ld+tf+wg_envpcc_16384gbs_0.0001lr_1e-05wd_3000epochs_200es_1g_2ld_1mlp_1gxe_4heads_768emb_0.15do,,,,,envpcc,1.0,,,,,,,,8,256,256,,,,0.2943768596374406,0.2792050802685267,120.6557754925122,121.37961544668154,0.15837527353198697,study_record_development,,supplement_completed_run,completed run retained for descriptive provenance,SIG-a7c5b387c8,1,true,wandb_export_2026-07-22T16_22_44.564-04_00.csv
WDB-0310,310,fulltf+strat_moeenc8e2k256h_shared256h_lb0.01_envpcc_16384gbs_0.0001lr_1e-05wd_3000epochs_200es_1gxe_4heads_256emb_0.15do,finished,2026-02-04T06:02:17.000Z,2026-02-04T07:46:39.000Z,29c92877921088f0804811bb350b9816a0a4218d,https://github.com/Jacobson-CompSysBio/GP-Transformer/tree/29c92877921088f0804811bb350b9816a0a4218d,,fulltf_moeenc8e2k256h_shared256h_lb0.01_envpcc_16384gbs_0.0001lr_1e-05wd_3000epochs_200es_1gxe_4heads_768emb_0.15do,,,,,envpcc,1.0,,,,,,,,8,256,256,,,,0.3543425883046401,0.3419724970661308,101.3238783088938,101.76225363406718,0.14111258155650197,study_record_development,,supplement_completed_run,completed run retained for descriptive provenance,SIG-3dce537b0c,1,true,wandb_export_2026-07-22T16_22_44.564-04_00.csv
WDB-0311,311,g+e+ld+tf+wg+res+strat_moeenc8e2k256h_shared256h_lb0.01_envpcc_16384gbs_0.0001lr_1e-05wd_3000epochs_200es_1g_2ld_1mlp_1gxe_4heads_256emb_0.15do,finished,2026-02-04T02:28:57.000Z,2026-02-04T05:59:51.000Z,29c92877921088f0804811bb350b9816a0a4218d,https://github.com/Jacobson-CompSysBio/GP-Transformer/tree/29c92877921088f0804811bb350b9816a0a4218d,,g+e+ld+tf+wg+res_moeenc8e2k256h_shared256h_lb0.01_envpcc_16384gbs_0.0001lr_1e-05wd_3000epochs_200es_1g_2ld_1mlp_1gxe_4heads_768emb_0.15do,,,,,envpcc,1.0,,,,,,,,8,256,256,,,,0.2793905847687138,0.2627731466699057,16.744682292080473,15.626287866299643,0.011808990122889928,study_record_development,,supplement_completed_run,completed run retained for descriptive provenance,SIG-39e3dbbfd4,1,true,wandb_export_2026-07-22T16_22_44.564-04_00.csv
WDB-0312,312,fulltf+res+strat_envpcc_16384gbs_0.0001lr_1e-05wd_3000epochs_200es_2gxe_4heads_256emb_0.15do,finished,2026-02-03T23:53:33.000Z,2026-02-04T02:26:47.000Z,29c92877921088f0804811bb350b9816a0a4218d,https://github.com/Jacobson-CompSysBio/GP-Transformer/tree/29c92877921088f0804811bb350b9816a0a4218d,,fulltf+res_envpcc_16384gbs_0.0001lr_1e-05wd_3000epochs_200es_2gxe_4heads_768emb_0.15do,,,,,envpcc,1.0,,,,,,,,8,256,256,,,,0.27017471404839344,0.2780824513595534,12.140985640374897,11.662515036839295,0.09026205857428174,study_record_development,,supplement_completed_run,completed run retained for descriptive provenance,SIG-ce10f067c7,1,true,wandb_export_2026-07-22T16_22_44.564-04_00.csv
WDB-0313,313,g+e+ld+tf+wg+strat_moeenc8e2k256h_shared256h_lb0.01_envpcc_16384gbs_0.0001lr_1e-05wd_3000epochs_200es_1g_2ld_1mlp_1gxe_4heads_256emb_0.15do,finished,2026-02-03T22:57:36.000Z,2026-02-03T23:51:25.000Z,29c92877921088f0804811bb350b9816a0a4218d,https://github.com/Jacobson-CompSysBio/GP-Transformer/tree/29c92877921088f0804811bb350b9816a0a4218d,,g+e+ld+tf+wg_moeenc8e2k256h_shared256h_lb0.01_envpcc_16384gbs_0.0001lr_1e-05wd_3000epochs_200es_1g_2ld_1mlp_1gxe_4heads_768emb_0.15do,,,,,envpcc,1.0,,,,,,,,8,256,256,,,,0.313581703856832,0.2979039770579158,117.30621630398788,118.63788780429256,0.12690997683372415,study_record_development,,supplement_completed_run,completed run retained for descriptive provenance,SIG-d1fd3dd4e2,1,true,wandb_export_2026-07-22T16_22_44.564-04_00.csv
WDB-0314,314,fulltf_moeenc16e4k256h_shared256h_lb0.01_envpcc_2048gbs_0.0001lr_1e-05wd_1epochs_50es_2gxe_4heads_256emb_0.15do,finished,2026-02-03T18:02:48.000Z,2026-02-03T18:04:35.000Z,5d3137a4e56cbeee755be3475331b99c9d14c565,https://github.com/Jacobson-CompSysBio/GP-Transformer/tree/5d3137a4e56cbeee755be3475331b99c9d14c565,,fulltf_moeenc16e4k256h_shared256h_lb0.01_envpcc_2048gbs_0.0001lr_1e-05wd_1epochs_50es_2gxe_4heads_256emb_0.15do,,,,,envpcc,1.0,,,,,,,,16,256,256,,,,0.2560872948216307,0.23844671256013844,141.5745077018121,142.2954368609495,0.16546208445117117,study_record_development,,supplement_completed_run,completed run retained for descriptive provenance,SIG-d889a5df15,1,true,wandb_export_2026-07-22T16_22_44.564-04_00.csv
WDB-0315,315,fulltf+res_moeenc4e2k128h_shared128h_lb0.01_0.01-1w_mse-envpcc_2048gbs_0.0001lr_1e-05wd_1epochs_50es_1gxe_1heads_128emb_0.15do,finished,2026-02-03T18:02:47.000Z,2026-02-03T18:04:04.000Z,5d3137a4e56cbeee755be3475331b99c9d14c565,https://github.com/Jacobson-CompSysBio/GP-Transformer/tree/5d3137a4e56cbeee755be3475331b99c9d14c565,,fulltf+res_moeenc4e2k128h_shared128h_lb0.01_0.01-1w_mse-envpcc_2048gbs_0.0001lr_1e-05wd_1epochs_50es_1gxe_1heads_128emb_0.15do,,,,,mse+envpcc,"0.01,1.0",,,,,,,,4,128,128,,,,0.2963312082509279,0.2838992278291449,121.77178424786354,122.3015078868364,-0.059463610988443064,study_record_development,,supplement_completed_run,completed run retained for descriptive provenance,SIG-fe554f1efa,1,true,wandb_export_2026-07-22T16_22_44.564-04_00.csv
WDB-0316,316,catgenome_fulltf_moeenc4e1k128h_shared128h_lb0.1_envpcc_16384gbs_0.0001lr_1e-05wd_1epochs_200es_1gxe_2heads_128emb_0.15do,crashed,2026-02-02T19:11:10.000Z,2026-02-02T19:11:10.000Z,5d3137a4e56cbeee755be3475331b99c9d14c565,https://github.com/Jacobson-CompSysBio/GP-Transformer/tree/5d3137a4e56cbeee755be3475331b99c9d14c565,,,,,,,,,,,,,,,,,,,,,,,,,,,study_record_development,,not_analyzed_unsuccessful_run,run state was crashed,SIG-c2f86e4d4a,1,true,wandb_export_2026-07-22T16_22_44.564-04_00.csv
WDB-0317,317,catgenome_fulltf_moeenc4e1k128h_shared128h_lb0.1_envpcc_16384gbs_0.0001lr_1e-05wd_1epochs_200es_1gxe_2heads_128emb_0.15do,crashed,2026-02-02T18:54:49.000Z,2026-02-02T18:54:49.000Z,5d3137a4e56cbeee755be3475331b99c9d14c565,https://github.com/Jacobson-CompSysBio/GP-Transformer/tree/5d3137a4e56cbeee755be3475331b99c9d14c565,,,,,,,,,,,,,,,,,,,,,,,,,,,study_record_development,,not_analyzed_unsuccessful_run,run state was crashed,SIG-8470914caa,1,true,wandb_export_2026-07-22T16_22_44.564-04_00.csv
WDB-0318,318,catgenome_fulltf_moeenc4e1k128h_shared128h_lb0.1_envpcc_16384gbs_0.0001lr_1e-05wd_1epochs_200es_1gxe_2heads_128emb_0.15do,crashed,2026-02-02T17:29:07.000Z,2026-02-02T17:29:07.000Z,5d3137a4e56cbeee755be3475331b99c9d14c565,https://github.com/Jacobson-CompSysBio/GP-Transformer/tree/5d3137a4e56cbeee755be3475331b99c9d14c565,,,,,,,,,,,,,,,,,,,,,,,,,,,study_record_development,,not_analyzed_unsuccessful_run,run state was crashed,SIG-e565b1e3ae,1,true,wandb_export_2026-07-22T16_22_44.564-04_00.csv
WDB-0319,319,catgenome_fulltf_moeenc4e1k128h_shared128h_lb0.1_envpcc_16384gbs_0.0001lr_1e-05wd_1epochs_200es_1gxe_2heads_128emb_0.15do,crashed,2026-02-02T17:20:28.000Z,2026-02-02T17:20:28.000Z,5d3137a4e56cbeee755be3475331b99c9d14c565,https://github.com/Jacobson-CompSysBio/GP-Transformer/tree/5d3137a4e56cbeee755be3475331b99c9d14c565,,,,,,,,,,,,,,,,,,,,,,,,,,,study_record_development,,not_analyzed_unsuccessful_run,run state was crashed,SIG-c1e81fb483,1,true,wandb_export_2026-07-22T16_22_44.564-04_00.csv
WDB-0320,320,catgenome_fulltf_moeenc4e1k128h_shared128h_lb0.1_envpcc_16384gbs_0.0001lr_1e-05wd_1epochs_200es_1gxe_2heads_128emb_0.15do,crashed,2026-01-29T21:07:03.000Z,2026-01-29T21:07:03.000Z,5d3137a4e56cbeee755be3475331b99c9d14c565,https://github.com/Jacobson-CompSysBio/GP-Transformer/tree/5d3137a4e56cbeee755be3475331b99c9d14c565,,,,,,,,,,,,,,,,,,,,,,,,,,,study_record_development,,not_analyzed_unsuccessful_run,run state was crashed,SIG-b94fc69a03,1,true,wandb_export_2026-07-22T16_22_44.564-04_00.csv
WDB-0321,321,catgenome_fulltf_moeenc4e1k128h_shared128h_lb0.1_envpcc_16384gbs_0.0001lr_1e-05wd_3000epochs_200es_1gxe_2heads_128emb_0.15do,crashed,2026-01-29T20:41:35.000Z,2026-01-29T20:54:50.000Z,5d3137a4e56cbeee755be3475331b99c9d14c565,https://github.com/Jacobson-CompSysBio/GP-Transformer/tree/5d3137a4e56cbeee755be3475331b99c9d14c565,,,,,,,envpcc,1.0,,,,,,,,4,128,128,,,,,,,,,study_record_development,,not_analyzed_unsuccessful_run,run state was crashed,SIG-05fe8a734d,1,true,wandb_export_2026-07-22T16_22_44.564-04_00.csv
WDB-0322,322,fulltf_moeenc4e1k128h_shared128h_lb0.1_envpcc_16384gbs_0.0001lr_1e-05wd_3000epochs_200es_1gxe_2heads_128emb_0.15do,crashed,2026-01-29T20:07:22.000Z,2026-01-29T20:07:22.000Z,5d3137a4e56cbeee755be3475331b99c9d14c565,https://github.com/Jacobson-CompSysBio/GP-Transformer/tree/5d3137a4e56cbeee755be3475331b99c9d14c565,,,,,,,,,,,,,,,,,,,,,,,,,,,study_record_development,,not_analyzed_unsuccessful_run,run state was crashed,SIG-ce4862f758,1,true,wandb_export_2026-07-22T16_22_44.564-04_00.csv
WDB-0323,323,fulltf_moeenc4e1k128h_shared128h_lb0.1_envpcc_16384gbs_0.0001lr_1e-05wd_3000epochs_200es_1gxe_2heads_128emb_0.15do,crashed,2026-01-29T19:48:18.000Z,2026-01-29T19:48:18.000Z,5d3137a4e56cbeee755be3475331b99c9d14c565,https://github.com/Jacobson-CompSysBio/GP-Transformer/tree/5d3137a4e56cbeee755be3475331b99c9d14c565,,,,,,,,,,,,,,,,,,,,,,,,,,,study_record_development,,not_analyzed_unsuccessful_run,run state was crashed,SIG-874fe1b56d,1,true,wandb_export_2026-07-22T16_22_44.564-04_00.csv
WDB-0324,324,g+e+ld+tf+moe_envpcc_16384gbs_0.0001lr_1e-05wd_3000epochs_200es_2g_2ld_2mlp_2gxe_4heads_256emb_0.15do_scaled,crashed,2026-01-26T16:08:25.000Z,2026-01-26T16:23:56.000Z,c46fdddda217f4ac513e9408d82109b6bf902987,https://github.com/Jacobson-CompSysBio/GP-Transformer/tree/c46fdddda217f4ac513e9408d82109b6bf902987,,,,,,,envpcc,1.0,,,,,,,,,,,,,,,,,,,study_record_development,,not_analyzed_unsuccessful_run,run state was crashed,SIG-bd3a5760e0,1,true,wandb_export_2026-07-22T16_22_44.564-04_00.csv
WDB-0325,325,fulltf_envpcc_16384gbs_0.0001lr_1e-05wd_3000epochs_200es_1gxe_8heads_1024emb_0.15do,failed,2026-01-26T15:06:32.000Z,2026-01-26T15:06:38.000Z,5d3137a4e56cbeee755be3475331b99c9d14c565,https://github.com/Jacobson-CompSysBio/GP-Transformer/tree/5d3137a4e56cbeee755be3475331b99c9d14c565,,,,,,,envpcc,1.0,,,,,,,,4,1024,1024,,,,,,,,,study_record_development,,not_analyzed_unsuccessful_run,run state was failed,SIG-6ea1ce0603,1,true,wandb_export_2026-07-22T16_22_44.564-04_00.csv
WDB-0326,326,fulltf_moeenc4e1k128h_shared128h_lb0.1_envpcc_16384gbs_0.0001lr_1e-05wd_3000epochs_200es_1gxe_2heads_128emb_0.15do,finished,2026-01-26T14:34:22.000Z,2026-01-26T14:48:22.000Z,5d3137a4e56cbeee755be3475331b99c9d14c565,https://github.com/Jacobson-CompSysBio/GP-Transformer/tree/5d3137a4e56cbeee755be3475331b99c9d14c565,,fulltf_moeenc4e1k128h_shared128h_lb0.1_envpcc_16384gbs_0.0001lr_1e-05wd_3000epochs_200es_1gxe_2heads_768emb_0.15do,,,,,envpcc,1.0,,,,,,,,4,128,128,,,,0.29524062945302254,0.2812869987545697,124.83228311831418,125.4595908698958,0.19191938142847256,study_record_development,,supplement_completed_run,completed run retained for descriptive provenance,SIG-d0398e6969,1,true,wandb_export_2026-07-22T16_22_44.564-04_00.csv
WDB-0327,327,g+e+ld+tf+moe_envpcc_16384gbs_0.0001lr_1e-05wd_1epochs_200es_2g_2ld_2mlp_2gxe_4heads_256emb_0.15do_scaled,crashed,2026-01-26T14:24:55.000Z,2026-01-26T14:38:11.000Z,c46fdddda217f4ac513e9408d82109b6bf902987,https://github.com/Jacobson-CompSysBio/GP-Transformer/tree/c46fdddda217f4ac513e9408d82109b6bf902987,,,,,,,envpcc,1.0,,,,,,,,,,,,,,,,,,,study_record_development,,not_analyzed_unsuccessful_run,run state was crashed,SIG-b3f48f5ce0,1,true,wandb_export_2026-07-22T16_22_44.564-04_00.csv
WDB-0328,328,g+e+ld+tf+wg_moeenc8e4k256h_shared256h_lb0.01_envpcc_16384gbs_0.0001lr_1e-05wd_3000epochs_200es_1g_2ld_1mlp_1gxe_2heads_256emb_0.15do,finished,2026-01-25T02:33:02.000Z,2026-01-25T06:01:20.000Z,5d3137a4e56cbeee755be3475331b99c9d14c565,https://github.com/Jacobson-CompSysBio/GP-Transformer/tree/5d3137a4e56cbeee755be3475331b99c9d14c565,,g+e+ld+tf+wg_moeenc8e4k256h_shared256h_lb0.01_envpcc_16384gbs_0.0001lr_1e-05wd_3000epochs_200es_1g_2ld_1mlp_1gxe_2heads_768emb_0.15do,,,,,envpcc,1.0,,,,,,,,8,256,256,,,,0.32673153231530666,0.3074069855493267,79.26659716884787,79.55234735120311,0.20510215079020588,study_record_development,,supplement_completed_run,completed run retained for descriptive provenance,SIG-8e15421008,1,true,wandb_export_2026-07-22T16_22_44.564-04_00.csv
WDB-0329,329,fulltf_envpcc_16384gbs_0.0001lr_1e-05wd_3000epochs_200es_1gxe_8heads_512emb_0.15do,finished,2026-01-24T23:57:48.000Z,2026-01-25T02:30:08.000Z,5d3137a4e56cbeee755be3475331b99c9d14c565,https://github.com/Jacobson-CompSysBio/GP-Transformer/tree/5d3137a4e56cbeee755be3475331b99c9d14c565,,fulltf_envpcc_16384gbs_0.0001lr_1e-05wd_3000epochs_200es_1gxe_8heads_768emb_0.15do,,,,,envpcc,1.0,,,,,,,,8,512,512,,,,0.30499040344492434,0.2754639300210361,27.10856408796993,26.96356287408688,0.19888932807675255,study_record_development,,supplement_completed_run,completed run retained for descriptive provenance,SIG-e7bdcc32d6,1,true,wandb_export_2026-07-22T16_22_44.564-04_00.csv
WDB-0330,330,fulltf_moeenc4e4k256h_shared256h_lb0.01_envpcc_16384gbs_0.0001lr_1e-05wd_3000epochs_500es_1gxe_4heads_256emb_0.15do,finished,2026-01-24T22:49:10.000Z,2026-01-25T00:10:02.000Z,88bba76e9d97bc22c980ab0dc85808cf0192a13c,https://github.com/Jacobson-CompSysBio/GP-Transformer/tree/88bba76e9d97bc22c980ab0dc85808cf0192a13c,,fulltf_moeenc4e4k256h_shared256h_lb0.01_envpcc_16384gbs_0.0001lr_1e-05wd_3000epochs_500es_1gxe_4heads_768emb_0.15do,,,,,envpcc,1.0,,,,,,,,4,256,256,,,,0.31152430787709295,0.2941136536361592,66.96393689121727,67.2006194657581,0.19206876144555057,study_record_development,,supplement_completed_run,completed run retained for descriptive provenance,SIG-8888531d7f,1,true,wandb_export_2026-07-22T16_22_44.564-04_00.csv
WDB-0331,331,fulltf_envpcc_16384gbs_0.0001lr_1e-05wd_3000epochs_200es_1gxe_8heads_512emb_0.15do,finished,2026-01-24T22:49:10.000Z,2026-01-24T23:52:17.000Z,5d3137a4e56cbeee755be3475331b99c9d14c565,https://github.com/Jacobson-CompSysBio/GP-Transformer/tree/5d3137a4e56cbeee755be3475331b99c9d14c565,,fulltf_envpcc_16384gbs_0.0001lr_1e-05wd_3000epochs_200es_1gxe_8heads_768emb_0.15do,,,,,envpcc,1.0,,,,,,,,8,512,512,,,,0.365966824604542,0.3623727892070936,74.13254381432137,74.4462278654503,0.1794000656648488,study_record_development,,supplement_completed_run,completed run retained for descriptive provenance,SIG-dfd00647fc,1,true,wandb_export_2026-07-22T16_22_44.564-04_00.csv
WDB-0332,332,fulltf_envpcc_16384gbs_0.0001lr_1e-05wd_3000epochs_200es_4gxe_8heads_512emb_0.5do,crashed,2026-01-24T21:23:34.000Z,2026-01-24T21:23:40.000Z,5d3137a4e56cbeee755be3475331b99c9d14c565,https://github.com/Jacobson-CompSysBio/GP-Transformer/tree/5d3137a4e56cbeee755be3475331b99c9d14c565,,,,,,,envpcc,1.0,,,,,,,,8,512,512,,,,,,,,,study_record_development,,not_analyzed_unsuccessful_run,run state was crashed,SIG-144c3bff84,1,true,wandb_export_2026-07-22T16_22_44.564-04_00.csv
WDB-0333,333,g+e+ld+tf+wg_envpcc_16384gbs_0.0001lr_1e-05wd_3000epochs_200es_1g_2ld_1mlp_1gxe_4heads_256emb_0.15do,finished,2026-01-24T19:18:20.000Z,2026-01-24T21:20:52.000Z,5d3137a4e56cbeee755be3475331b99c9d14c565,https://github.com/Jacobson-CompSysBio/GP-Transformer/tree/5d3137a4e56cbeee755be3475331b99c9d14c565,,g+e+ld+tf+wg_envpcc_16384gbs_0.0001lr_1e-05wd_3000epochs_200es_1g_2ld_1mlp_1gxe_4heads_768emb_0.15do,,,,,envpcc,1.0,,,,,,,,8,256,256,,,,0.30553352069697,0.2882271144908498,107.11552027148542,107.38067568971854,0.2487643335488149,study_record_development,,supplement_completed_run,completed run retained for descriptive provenance,SIG-b7b8c3cacf,1,true,wandb_export_2026-07-22T16_22_44.564-04_00.csv
WDB-0334,334,g+e+ld+tf+wg_envpcc_16384gbs_0.0001lr_1e-05wd_3000epochs_200es_1g_2ld_1mlp_4gxe_4heads_256emb_0.25do,finished,2026-01-23T21:44:19.000Z,2026-01-24T02:27:50.000Z,5d3137a4e56cbeee755be3475331b99c9d14c565,https://github.com/Jacobson-CompSysBio/GP-Transformer/tree/5d3137a4e56cbeee755be3475331b99c9d14c565,,g+e+ld+tf+wg_envpcc_16384gbs_0.0001lr_1e-05wd_3000epochs_200es_1g_2ld_1mlp_4gxe_4heads_768emb_0.25do,,,,,envpcc,1.0,,,,,,,,8,256,256,,,,0.31070198272287824,0.30175153924178405,77.6444286416745,78.00053412465245,0.20582000936591083,study_record_development,,supplement_completed_run,completed run retained for descriptive provenance,SIG-adf72d356d,1,true,wandb_export_2026-07-22T16_22_44.564-04_00.csv
WDB-0335,335,fulltf_moeenc8e4k256h_shared256h_lb0.01_1-0.01w_envpcc-envmse_16384gbs_0.0001lr_1e-05wd_3000epochs_200es_2gxe_4heads_256emb_0.15do,finished,2026-01-23T22:48:55.000Z,2026-01-24T00:49:43.000Z,88bba76e9d97bc22c980ab0dc85808cf0192a13c,https://github.com/Jacobson-CompSysBio/GP-Transformer/tree/88bba76e9d97bc22c980ab0dc85808cf0192a13c,,fulltf_moeenc8e4k256h_shared256h_lb0.01_1-0.01w_envpcc-envmse_16384gbs_0.0001lr_1e-05wd_3000epochs_200es_2gxe_4heads_768emb_0.15do,,,,,envpcc+envmse,"1.0,0.01",,,,,,,,8,256,256,,,,0.34021599997227026,0.3327631741745835,8.910590145581315,8.420713306293448,0.34569611401269584,study_record_development,,supplement_completed_run,completed run retained for descriptive provenance,SIG-5bd8caa795,1,true,wandb_export_2026-07-22T16_22_44.564-04_00.csv
WDB-0336,336,fulltf+res_moeenc8e4k256h_shared256h_lb0.01_0.001-1w_mse-envpcc_16384gbs_0.0001lr_1e-05wd_3000epochs_200es_2gxe_4heads_256emb_0.15do_scaled,crashed,2026-01-23T17:24:53.000Z,2026-01-23T19:22:39.000Z,5d3137a4e56cbeee755be3475331b99c9d14c565,https://github.com/Jacobson-CompSysBio/GP-Transformer/tree/5d3137a4e56cbeee755be3475331b99c9d14c565,,,,,,,mse+envpcc,"0.001,1.0",,,,,,,,8,256,256,,,,,,,,,study_record_development,,not_analyzed_unsuccessful_run,run state was crashed,SIG-dab5934daa,2,true,wandb_export_2026-07-22T16_22_44.564-04_00.csv
WDB-0337,337,fulltf+res_moeenc8e4k256h_shared256h_lb0.01_0.001-1w_mse-envpcc_16384gbs_0.0001lr_1e-05wd_3000epochs_200es_2gxe_4heads_256emb_0.15do_scaled,crashed,2026-01-23T17:24:53.000Z,2026-01-23T19:22:39.000Z,5d3137a4e56cbeee755be3475331b99c9d14c565,https://github.com/Jacobson-CompSysBio/GP-Transformer/tree/5d3137a4e56cbeee755be3475331b99c9d14c565,,,,,,,mse+envpcc,"0.001,1.0",,,,,,,,8,256,256,,,,,,,,,study_record_development,,not_analyzed_unsuccessful_run,run state was crashed,SIG-dab5934daa,2,false,wandb_export_2026-07-22T16_22_44.564-04_00.csv
WDB-0338,338,g+e+ld+tf+wg+res_0.001-1w_mse-envpcc_16384gbs_0.0001lr_1e-05wd_3000epochs_200es_1g_2ld_1mlp_2gxe_4heads_256emb_0.15do,crashed,2026-01-23T17:25:23.000Z,2026-01-23T17:26:09.000Z,5d3137a4e56cbeee755be3475331b99c9d14c565,https://github.com/Jacobson-CompSysBio/GP-Transformer/tree/5d3137a4e56cbeee755be3475331b99c9d14c565,,,,,,,mse+envpcc,"0.001,1.0",,,,,,,,8,256,256,,,,,,,,,study_record_development,,not_analyzed_unsuccessful_run,run state was crashed,SIG-50b91f0f17,1,true,wandb_export_2026-07-22T16_22_44.564-04_00.csv
WDB-0339,339,fulltf+res_0.001-1w_mse-envpcc_16384gbs_0.0001lr_1e-05wd_3000epochs_200es_2gxe_4heads_256emb_0.15do,crashed,2026-01-23T17:25:09.000Z,2026-01-23T17:25:09.000Z,5d3137a4e56cbeee755be3475331b99c9d14c565,https://github.com/Jacobson-CompSysBio/GP-Transformer/tree/5d3137a4e56cbeee755be3475331b99c9d14c565,,,,,,,,,,,,,,,,,,,,,,,,,,,study_record_development,,not_analyzed_unsuccessful_run,run state was crashed,SIG-cf47933d1a,1,true,wandb_export_2026-07-22T16_22_44.564-04_00.csv
WDB-0340,340,fulltf+res_moeenc4e2k128h_shared128h_lb0.01_1-1w_mse-envpcc_2048gbs_0.0001lr_1e-05wd_1epochs_50es_1gxe_1heads_128emb_0.15do,finished,2026-01-23T17:18:04.000Z,2026-01-23T17:19:18.000Z,b6e87d5c90ffde9bd6055401627ede1d51200424,https://github.com/Jacobson-CompSysBio/GP-Transformer/tree/b6e87d5c90ffde9bd6055401627ede1d51200424,,fulltf+res_moeenc4e2k128h_shared128h_lb0.01_1-1w_mse-envpcc_2048gbs_0.0001lr_1e-05wd_1epochs_50es_1gxe_1heads_128emb_0.15do,,,,,mse+envpcc,"1.0,1.0",,,,,,,,4,128,128,,,,0.27142915173664484,0.2546966894626279,120.41256222518578,120.934831636798,-0.0631420623865275,study_record_development,,supplement_completed_run,completed run retained for descriptive provenance,SIG-aed8ce5a6b,1,true,wandb_export_2026-07-22T16_22_44.564-04_00.csv
WDB-0341,341,fulltf_moeenc4e1k128h_shared128h_lb0.1_envpcc_16384gbs_0.0001lr_1e-05wd_3000epochs_200es_1gxe_2heads_128emb_0.15do,finished,2026-01-23T04:38:42.000Z,2026-01-23T05:15:43.000Z,88bba76e9d97bc22c980ab0dc85808cf0192a13c,https://github.com/Jacobson-CompSysBio/GP-Transformer/tree/88bba76e9d97bc22c980ab0dc85808cf0192a13c,,fulltf_moeenc4e1k128h_shared128h_lb0.1_envpcc_16384gbs_0.0001lr_1e-05wd_3000epochs_200es_1gxe_2heads_768emb_0.15do,,,,,envpcc,1.0,,,,,,,,4,128,128,,,,0.31461608970522015,0.317190656583316,120.96358356720366,121.61606564364835,0.14081510206190784,study_record_development,,supplement_completed_run,completed run retained for descriptive provenance,SIG-1c341216d7,1,true,wandb_export_2026-07-22T16_22_44.564-04_00.csv
WDB-0342,342,fulltf_moeenc8e4k256h_shared256h_lb0.01_1-0.01w_envpcc-envmse_16384gbs_0.0001lr_1e-05wd_3000epochs_200es_2gxe_4heads_256emb_0.15do,crashed,2026-01-22T20:44:40.000Z,2026-01-22T22:42:41.000Z,88bba76e9d97bc22c980ab0dc85808cf0192a13c,https://github.com/Jacobson-CompSysBio/GP-Transformer/tree/88bba76e9d97bc22c980ab0dc85808cf0192a13c,,,,,,,envpcc+envmse,"1.0,0.01",,,,,,,,8,256,256,,,,,,,,,study_record_development,,not_analyzed_unsuccessful_run,run state was crashed,SIG-8ba4cafa8e,1,true,wandb_export_2026-07-22T16_22_44.564-04_00.csv
WDB-0343,343,g+e+ld+tf+wg_moeenc8e4k256h_shared256h_lb0.01_envpcc_16384gbs_0.0001lr_1e-05wd_3000epochs_200es_1g_2ld_1mlp_2gxe_4heads_256emb_0.15do,crashed,2026-01-22T01:34:33.000Z,2026-01-22T03:32:49.000Z,88bba76e9d97bc22c980ab0dc85808cf0192a13c,https://github.com/Jacobson-CompSysBio/GP-Transformer/tree/88bba76e9d97bc22c980ab0dc85808cf0192a13c,,,,,,,envpcc,1.0,,,,,,,,8,256,256,,,,,,,,,study_record_development,,not_analyzed_unsuccessful_run,run state was crashed,SIG-e9d5f8af86,1,true,wandb_export_2026-07-22T16_22_44.564-04_00.csv
WDB-0344,344,fulltf_envpcc_16384gbs_0.0001lr_1e-05wd_3000epochs_200es_4gxe_4heads_256emb_0.15do,finished,2026-01-22T00:25:35.000Z,2026-01-22T03:30:37.000Z,88bba76e9d97bc22c980ab0dc85808cf0192a13c,https://github.com/Jacobson-CompSysBio/GP-Transformer/tree/88bba76e9d97bc22c980ab0dc85808cf0192a13c,,fulltf_envpcc_16384gbs_0.0001lr_1e-05wd_3000epochs_200es_4gxe_4heads_768emb_0.15do,,,,,envpcc,1.0,,,,,,,,16,256,256,,,,0.33389371508273785,0.326536949814529,65.97672644960423,66.19057869271457,0.16820970084254103,study_record_development,,supplement_completed_run,completed run retained for descriptive provenance,SIG-bd29631877,1,true,wandb_export_2026-07-22T16_22_44.564-04_00.csv
WDB-0345,345,fulltf_moeenc8e2k256h_shared256h_lb0.01_envpcc_16384gbs_0.0001lr_1e-05wd_3000epochs_200es_2gxe_4heads_256emb_0.15do,crashed,2026-01-21T23:26:18.000Z,2026-01-22T01:24:01.000Z,88bba76e9d97bc22c980ab0dc85808cf0192a13c,https://github.com/Jacobson-CompSysBio/GP-Transformer/tree/88bba76e9d97bc22c980ab0dc85808cf0192a13c,,,,,,,envpcc,1.0,,,,,,,,8,256,256,,,,,,,,,study_record_development,,not_analyzed_unsuccessful_run,run state was crashed,SIG-7d7ff091df,1,true,wandb_export_2026-07-22T16_22_44.564-04_00.csv
WDB-0346,346,fulltf_moeenc4e4k256h_shared256h_lb0.01_envpcc_16384gbs_0.0001lr_1e-05wd_3000epochs_200es_1gxe_4heads_256emb_0.15do,finished,2026-01-21T23:52:32.000Z,2026-01-22T00:34:00.000Z,88bba76e9d97bc22c980ab0dc85808cf0192a13c,https://github.com/Jacobson-CompSysBio/GP-Transformer/tree/88bba76e9d97bc22c980ab0dc85808cf0192a13c,,fulltf_moeenc4e4k256h_shared256h_lb0.01_envpcc_16384gbs_0.0001lr_1e-05wd_3000epochs_200es_1gxe_4heads_768emb_0.15do,,,,,envpcc,1.0,,,,,,,,4,256,256,,,,0.32288924659893276,0.30589223288649464,82.14413811240973,82.4659543707534,0.15959546675015146,study_record_development,,supplement_completed_run,completed run retained for descriptive provenance,SIG-c16e626153,1,true,wandb_export_2026-07-22T16_22_44.564-04_00.csv
WDB-0347,347,fulltf_envpcc_16384gbs_0.0001lr_1e-05wd_3000epochs_200es_4gxe_4heads_256emb_0.15do,finished,2026-01-21T21:33:18.000Z,2026-01-22T00:23:06.000Z,88bba76e9d97bc22c980ab0dc85808cf0192a13c,https://github.com/Jacobson-CompSysBio/GP-Transformer/tree/88bba76e9d97bc22c980ab0dc85808cf0192a13c,,fulltf_envpcc_16384gbs_0.0001lr_1e-05wd_3000epochs_200es_4gxe_4heads_768emb_0.15do,,,,,envpcc,1.0,,,,,,,,16,256,256,,,,0.34237857171748837,0.32440177520500524,59.01005930776026,59.15330563272101,0.19617109527486373,study_record_development,,supplement_completed_run,completed run retained for descriptive provenance,SIG-4977a842ee,1,true,wandb_export_2026-07-22T16_22_44.564-04_00.csv
WDB-0348,348,fulltf_envpcc_16384gbs_0.0001lr_1e-05wd_3000epochs_200es_4gxe_4heads_256emb_0.15do,finished,2026-01-21T19:26:20.000Z,2026-01-21T20:23:16.000Z,88bba76e9d97bc22c980ab0dc85808cf0192a13c,https://github.com/Jacobson-CompSysBio/GP-Transformer/tree/88bba76e9d97bc22c980ab0dc85808cf0192a13c,,fulltf_envpcc_16384gbs_0.0001lr_1e-05wd_3000epochs_200es_4gxe_4heads_768emb_0.15do,,,,,envpcc,1.0,,,,,,,,16,256,256,,,,0.24089381014900832,0.2117943933542258,74.49899997205699,74.77956644368582,0.1891208076165522,study_record_development,,supplement_completed_run,completed run retained for descriptive provenance,SIG-3aa0c16fea,1,true,wandb_export_2026-07-22T16_22_44.564-04_00.csv
WDB-0349,349,fulltf_envpcc_16384gbs_0.0001lr_1e-05wd_3000epochs_200es_1g_2ld_1mlp_4gxe_4heads_256emb_0.15do,crashed,2026-01-21T16:55:23.000Z,2026-01-21T18:53:09.000Z,f28207e0158402cc6d1c8f16f0787a1b16b8b1aa,https://github.com/Jacobson-CompSysBio/GP-Transformer/tree/f28207e0158402cc6d1c8f16f0787a1b16b8b1aa,,,,,,,envpcc,1.0,,,,,,,,16,256,256,,,,,,,,,study_record_development,,not_analyzed_unsuccessful_run,run state was crashed,SIG-bc8eb969b8,1,true,wandb_export_2026-07-22T16_22_44.564-04_00.csv
WDB-0350,350,fulltf+g+e+ld+tf+moe_moeenc16e4k256h_shared256h_lb0.01_fulltok_1-1w_envpcc-pcc_2048gbs_0.0001lr_1e-05wd_1epochs_50es_1g_2ld_1mlp_2gxe_4heads_256emb_0.15do,finished,2026-01-21T15:44:57.000Z,2026-01-21T15:46:37.000Z,be21f6d207fa71902bf4758f6f24d5cb2753a811,https://github.com/Jacobson-CompSysBio/GP-Transformer/tree/be21f6d207fa71902bf4758f6f24d5cb2753a811,,fulltf+g+e+ld+tf+moe_moeenc16e4k256h_shared256h_lb0.01_fulltok_1-1w_envpcc-pcc_2048gbs_0.0001lr_1e-05wd_1epochs_50es_1g_2ld_1mlp_2gxe_4heads_256emb_0.15do,,,,,envpcc+pcc,"1.0,1.0",,,,,,,,16,256,256,,,,0.28230053934385535,0.26475863331711025,115.25055294070198,115.79739026657846,0.21267862557388675,study_record_development,,supplement_completed_run,completed run retained for descriptive provenance,SIG-ee5acaae15,1,true,wandb_export_2026-07-22T16_22_44.564-04_00.csv
WDB-0351,351,g+e+ld+tf+moe_envpcc_16384gbs_0.0001lr_1e-05wd_3000epochs_200es_1g_2ld_1mlp_2gxe_4heads_256emb_0.15do,finished,2026-01-20T23:54:46.000Z,2026-01-21T00:50:58.000Z,8715253c78f4d222016e6b3e1f7b4ac21dd3ce67,https://github.com/Jacobson-CompSysBio/GP-Transformer/tree/8715253c78f4d222016e6b3e1f7b4ac21dd3ce67,,g+e+ld+tf+moe_envpcc_16384gbs_0.0001lr_1e-05wd_3000epochs_200es_1g_2ld_1mlp_2gxe_4heads_768emb_0.15do,,,,,envpcc,1.0,,,,,,,,4,,,,,,0.28529500969905913,0.2714974218524785,71.38278649104342,71.6490975300465,0.18060900034730437,study_record_development,,supplement_completed_run,completed run retained for descriptive provenance,SIG-b0a35e0f01,1,true,wandb_export_2026-07-22T16_22_44.564-04_00.csv
WDB-0352,352,g+e+ld+tf+moe_envpcc_16384gbs_0.0001lr_1e-05wd_3000epochs_200es_1g_2ld_1mlp_2gxe_4heads_256emb_0.15do,finished,2025-12-19T12:40:15.000Z,2025-12-19T14:34:36.000Z,f34a061ceaab43638cf10d7e54ef9701ee306e4f,https://github.com/Jacobson-CompSysBio/GP-Transformer/tree/f34a061ceaab43638cf10d7e54ef9701ee306e4f,,g+e+ld+tf+moe_envpcc_16384gbs_0.0001lr_1e-05wd_3000epochs_200es_1g_2ld_1mlp_2gxe_4heads_768emb_0.15do,,,,,envpcc,1.0,,,,,,,,4,,,,,,0.3406099737338738,0.3337404902081755,89.08454985482128,89.4826626483742,0.17789773104819392,study_record_development,,supplement_completed_run,completed run retained for descriptive provenance,SIG-ecb2aaf559,1,true,wandb_export_2026-07-22T16_22_44.564-04_00.csv
WDB-0353,353,g+e+ld+tf+moe_envpcc_16384gbs_0.0001lr_1e-05wd_3000epochs_200es_1g_2ld_1mlp_2gxe_4heads_256emb_0.15do,crashed,2025-12-19T06:39:57.000Z,2025-12-19T12:37:58.000Z,f34a061ceaab43638cf10d7e54ef9701ee306e4f,https://github.com/Jacobson-CompSysBio/GP-Transformer/tree/f34a061ceaab43638cf10d7e54ef9701ee306e4f,,,,,,,envpcc,1.0,,,,,,,,8,,,,,,,,,,,study_record_development,,not_analyzed_unsuccessful_run,run state was crashed,SIG-82edbb0a3a,1,true,wandb_export_2026-07-22T16_22_44.564-04_00.csv
WDB-0354,354,g+e+ld+tf+moe_envpcc_16384gbs_0.0001lr_1e-05wd_3000epochs_200es_1g_2ld_1mlp_2gxe_4heads_256emb_0.15do,finished,2025-12-19T04:59:13.000Z,2025-12-19T06:37:32.000Z,f34a061ceaab43638cf10d7e54ef9701ee306e4f,https://github.com/Jacobson-CompSysBio/GP-Transformer/tree/f34a061ceaab43638cf10d7e54ef9701ee306e4f,,g+e+ld+tf+moe_envpcc_16384gbs_0.0001lr_1e-05wd_3000epochs_200es_1g_2ld_1mlp_2gxe_4heads_768emb_0.15do,,,,,envpcc,1.0,,,,,,,,4,,,,,,0.26945369060997326,0.24378176730185605,106.96561638965277,107.45012297745464,0.18362707537368367,study_record_development,,supplement_completed_run,completed run retained for descriptive provenance,SIG-f1f1887483,1,true,wandb_export_2026-07-22T16_22_44.564-04_00.csv
WDB-0355,355,g+e+ld+tf+moe_1-0.01w_envpcc-envmse_16384gbs_0.0001lr_1e-05wd_3000epochs_200es_2g_2ld_2mlp_2gxe_4heads_256emb_0.15do_scaled,finished,2025-12-13T12:59:14.000Z,2025-12-13T15:32:07.000Z,4a0e6677d07e1a841757b1b9cfc3e005e2ea8a8d,https://github.com/Jacobson-CompSysBio/GP-Transformer/tree/4a0e6677d07e1a841757b1b9cfc3e005e2ea8a8d,,g+e+ld+tf+moe_1-0.01w_envpcc-envmse_16384gbs_0.0001lr_1e-05wd_3000epochs_200es_2g_2ld_2mlp_2gxe_4heads_768emb_0.15do_scaled,,,,,envpcc+envmse,"1.0,0.01",,,,,,,,,,,,,,0.32691933868706746,0.31737370303476703,9.655617409544767,8.855556675590394,0.18474775215296987,study_record_development,,supplement_completed_run,completed run retained for descriptive provenance,SIG-675545b01e,1,true,wandb_export_2026-07-22T16_22_44.564-04_00.csv
WDB-0356,356,g+e+ld+tf+moe_1-0.01w_envpcc-envmse_16384gbs_0.0001lr_1e-05wd_3000epochs_200es_1g_2ld_1mlp_1gxe_4heads_256emb_0.15do_scaled,finished,2025-12-13T07:49:47.000Z,2025-12-13T10:58:03.000Z,4a0e6677d07e1a841757b1b9cfc3e005e2ea8a8d,https://github.com/Jacobson-CompSysBio/GP-Transformer/tree/4a0e6677d07e1a841757b1b9cfc3e005e2ea8a8d,,g+e+ld+tf+moe_1-0.01w_envpcc-envmse_16384gbs_0.0001lr_1e-05wd_3000epochs_200es_1g_2ld_1mlp_1gxe_4heads_768emb_0.15do_scaled,,,,,envpcc+envmse,"1.0,0.01",,,,,,,,,,,,,,0.3494284717806775,0.34230935469640805,10.344518710194532,9.408595170552916,0.1775043699991378,study_record_development,,supplement_completed_run,completed run retained for descriptive provenance,SIG-00f196e67b,1,true,wandb_export_2026-07-22T16_22_44.564-04_00.csv
WDB-0357,357,g+e+ld+tf+moe_envpcc_16384gbs_0.0001lr_1e-05wd_3000epochs_200es_1g_2ld_1mlp_1gxe_4heads_256emb_0.15do,finished,2025-12-13T02:59:13.000Z,2025-12-13T07:47:49.000Z,4a0e6677d07e1a841757b1b9cfc3e005e2ea8a8d,https://github.com/Jacobson-CompSysBio/GP-Transformer/tree/4a0e6677d07e1a841757b1b9cfc3e005e2ea8a8d,,g+e+ld+tf+moe_envpcc_16384gbs_0.0001lr_1e-05wd_3000epochs_200es_1g_2ld_1mlp_1gxe_4heads_768emb_0.15do,,,,,envpcc,1.0,,,,,,,,,,,,,,0.3985285561301308,0.3937990694725117,94.3639235770144,94.94871129740788,0.2308893937310892,study_record_development,,supplement_completed_run,completed run retained for descriptive provenance,SIG-a6daebbb37,1,true,wandb_export_2026-07-22T16_22_44.564-04_00.csv
WDB-0358,358,g+e+ld+tf+moe_1-0.5w_envpcc-pcc_16384gbs_0.0001lr_1e-05wd_3000epochs_200es_1g_2ld_1mlp_1gxe_4heads_256emb_0.15do,finished,2025-12-13T00:33:17.000Z,2025-12-13T02:57:16.000Z,4a0e6677d07e1a841757b1b9cfc3e005e2ea8a8d,https://github.com/Jacobson-CompSysBio/GP-Transformer/tree/4a0e6677d07e1a841757b1b9cfc3e005e2ea8a8d,,g+e+ld+tf+moe_1-0.5w_envpcc-pcc_16384gbs_0.0001lr_1e-05wd_3000epochs_200es_1g_2ld_1mlp_1gxe_4heads_768emb_0.15do,,,,,envpcc+pcc,"1.0,0.5",,,,,,,,,,,,,,0.3451492390448948,0.34479054612285237,109.85020195319277,107.81496115800756,0.3969207247372241,study_record_development,,supplement_completed_run,completed run retained for descriptive provenance,SIG-f7a0427c27,1,true,wandb_export_2026-07-22T16_22_44.564-04_00.csv
WDB-0359,359,g+e+ld+tf+moe_1-0.5w_envpcc-pcc_16384gbs_0.001lr_1e-05wd_3000epochs_200es_1g_2ld_1mlp_1gxe_4heads_256emb_0.15do,finished,2025-12-12T23:35:06.000Z,2025-12-13T00:30:12.000Z,4a0e6677d07e1a841757b1b9cfc3e005e2ea8a8d,https://github.com/Jacobson-CompSysBio/GP-Transformer/tree/4a0e6677d07e1a841757b1b9cfc3e005e2ea8a8d,,g+e+ld+tf+moe_1-0.5w_envpcc-pcc_16384gbs_0.001lr_1e-05wd_3000epochs_200es_1g_2ld_1mlp_1gxe_4heads_768emb_0.15do,,,,,envpcc+pcc,"1.0,0.5",,,,,,,,,,,,,,0.2926679386199749,0.2754219953482979,173.0372739269719,172.49679612991426,0.4921251389592222,study_record_development,,supplement_completed_run,completed run retained for descriptive provenance,SIG-de098b37e4,1,true,wandb_export_2026-07-22T16_22_44.564-04_00.csv
WDB-0360,360,g+e+ld+tf+moe_1-0.01w_envpcc-envmse_16384gbs_0.001lr_1e-05wd_3000epochs_200es_1g_2ld_1mlp_1gxe_4heads_256emb_0.15do,finished,2025-12-12T22:35:50.000Z,2025-12-12T23:33:01.000Z,4a0e6677d07e1a841757b1b9cfc3e005e2ea8a8d,https://github.com/Jacobson-CompSysBio/GP-Transformer/tree/4a0e6677d07e1a841757b1b9cfc3e005e2ea8a8d,,g+e+ld+tf+moe_1-0.01w_envpcc-envmse_16384gbs_0.001lr_1e-05wd_3000epochs_200es_1g_2ld_1mlp_1gxe_4heads_768emb_0.15do,,,,,envpcc+envmse,"1.0,0.01",,,,,,,,,,,,,,0.27024866106555173,0.24871743254664597,9.937558248195302,9.183032271143247,0.1948205849682135,study_record_development,,supplement_completed_run,completed run retained for descriptive provenance,SIG-ab6385dd74,1,true,wandb_export_2026-07-22T16_22_44.564-04_00.csv
WDB-0361,361,g+e+ld+tf+moe_1-0.01w_envpcc-envmse_16384gbs_0.0001lr_1e-05wd_3000epochs_200es_1g_2ld_1mlp_2gxe_4heads_256emb_0.15do,finished,2025-12-12T14:02:44.000Z,2025-12-12T19:32:06.000Z,05e64ff2afe593477360be5000628ee004f18e14,https://github.com/Jacobson-CompSysBio/GP-Transformer/tree/05e64ff2afe593477360be5000628ee004f18e14,,g+e+ld+tf+moe_1-0.01w_envpcc-envmse_16384gbs_0.0001lr_1e-05wd_3000epochs_200es_1g_2ld_1mlp_2gxe_4heads_768emb_0.15do,,,,,envpcc+envmse,"1.0,0.01",,,,,,,,,,,,,,0.3602571725296074,0.3602934130729691,9.33849203269332,8.763568293274492,0.3942808567197268,study_record_development,,supplement_completed_run,completed run retained for descriptive provenance,SIG-48871cbbbb,1,true,wandb_export_2026-07-22T16_22_44.564-04_00.csv
WDB-0362,362,g+e+ld+tf+moe_1-0.01w_envpcc-envmse_16384gbs_0.0001lr_1e-05wd_3000epochs_200es_1g_2ld_1mlp_2gxe_4heads_256emb_0.15do,crashed,2025-12-11T20:57:26.000Z,2025-12-11T22:55:42.000Z,05e64ff2afe593477360be5000628ee004f18e14,https://github.com/Jacobson-CompSysBio/GP-Transformer/tree/05e64ff2afe593477360be5000628ee004f18e14,,,,,,,envpcc+envmse,"1.0,0.01",,,,,,,,,,,,,,,,,,,study_record_development,,not_analyzed_unsuccessful_run,run state was crashed,SIG-37a7d889a9,1,true,wandb_export_2026-07-22T16_22_44.564-04_00.csv
WDB-0363,363,g+e+ld+tf+moe_1-0.1w_envpcc-envmse_16384gbs_0.0001lr_1e-05wd_3000epochs_100es_1g_2ld_1mlp_2gxe_4heads_256emb_0.15do,finished,2025-12-11T13:00:45.000Z,2025-12-11T13:27:31.000Z,05e64ff2afe593477360be5000628ee004f18e14,https://github.com/Jacobson-CompSysBio/GP-Transformer/tree/05e64ff2afe593477360be5000628ee004f18e14,,g+e+ld+tf+moe_1-0.1w_envpcc-envmse_16384gbs_0.0001lr_1e-05wd_3000epochs_100es_1g_2ld_1mlp_2gxe_4heads_768emb_0.15do,,,,,envpcc+envmse,"1.0,0.1",,,,,,,,,,,,,,0.20860769353975375,0.19782704035890197,11.00470976602568,10.026219644816026,0.30377103517575377,study_record_development,,supplement_completed_run,completed run retained for descriptive provenance,SIG-3314f1ee7e,1,true,wandb_export_2026-07-22T16_22_44.564-04_00.csv
WDB-0364,364,g+e+ld+tf+moe_1-0.1w_envpcc-envmse_16384gbs_0.0001lr_1e-05wd_1500epochs_20es_1g_2ld_1mlp_2gxe_4heads_256emb_0.15do,finished,2025-12-10T08:19:55.000Z,2025-12-10T08:27:58.000Z,05e64ff2afe593477360be5000628ee004f18e14,https://github.com/Jacobson-CompSysBio/GP-Transformer/tree/05e64ff2afe593477360be5000628ee004f18e14,,g+e+ld+tf+moe_1-0.1w_envpcc-envmse_16384gbs_0.0001lr_1e-05wd_1500epochs_20es_1g_2ld_1mlp_2gxe_4heads_768emb_0.15do,,,,,envpcc+envmse,"1.0,0.1",,,,,,,,,,,,,,0.278669490601654,0.2751032116090073,10.366788932476709,9.2963391907234,0.31091646789357863,study_record_development,,supplement_completed_run,completed run retained for descriptive provenance,SIG-971835ba89,1,true,wandb_export_2026-07-22T16_22_44.564-04_00.csv
WDB-0365,365,g+e+ld+tf+moe_1-0.1w_envpcc-envmse_16384gbs_0.0001lr_1e-05wd_1500epochs_200es_1g_2ld_1mlp_2gxe_4heads_256emb_0.15do,finished,2025-11-25T14:52:39.000Z,2025-11-25T15:35:03.000Z,5aef861a733159a8ada0636e14d96f763f27a93d,https://github.com/Jacobson-CompSysBio/GP-Transformer/tree/5aef861a733159a8ada0636e14d96f763f27a93d,,g+e+ld+tf+moe_1-0.1w_envpcc-envmse_16384gbs_0.0001lr_1e-05wd_1500epochs_200es_1g_2ld_1mlp_2gxe_4heads_768emb_0.15do,,,,,envpcc+envmse,"1.0,0.1",,,,,,,,,,,,,,0.2523045440224245,0.2564332662776021,104.25025462115008,104.65703850417422,0.23537293762848943,study_record_development,,supplement_completed_run,completed run retained for descriptive provenance,SIG-a6a043a102,1,true,wandb_export_2026-07-22T16_22_44.564-04_00.csv
WDB-0366,366,g+e+ld+tf+moe_1-0.1w_envpcc-envmse_4096gbs_0.0001lr_1e-05wd_1500epochs_200es_1g_2ld_1mlp_2gxe_8heads_512emb_0.15do,crashed,2025-11-25T11:52:43.000Z,2025-11-25T13:50:29.000Z,ac52682a5904799fec9cd94fc787ae9daf2d9546,https://github.com/Jacobson-CompSysBio/GP-Transformer/tree/ac52682a5904799fec9cd94fc787ae9daf2d9546,,,,,,,envpcc+envmse,"1.0,0.1",,,,,,,,,,,,,,,,,,,study_record_development,,not_analyzed_unsuccessful_run,run state was crashed,SIG-babedb2d90,1,true,wandb_export_2026-07-22T16_22_44.564-04_00.csv
WDB-0367,367,g+e+ld+tf+moe_1-0.1w_envpcc-envmse_16384gbs_0.0001lr_1e-05wd_1500epochs_200es_1g_2ld_1mlp_2gxe_4heads_256emb_0.15do,finished,2025-11-24T21:56:45.000Z,2025-11-24T22:56:25.000Z,2f5b337a22e56b7dcb5651c463bb2256664846a3,https://github.com/Jacobson-CompSysBio/GP-Transformer/tree/2f5b337a22e56b7dcb5651c463bb2256664846a3,,g+e+ld+tf+moe_1-0.1w_envpcc-envmse_16384gbs_0.0001lr_1e-05wd_1500epochs_200es_1g_2ld_1mlp_2gxe_4heads_768emb_0.15do,,,,,envpcc+envmse,"1.0,0.1",,,,,,,,,,,,,,0.31118320158176593,0.309990094138855,89.08949179921662,89.19335462613974,0.29299295762591954,study_record_development,,supplement_completed_run,completed run retained for descriptive provenance,SIG-a6122d0c09,1,true,wandb_export_2026-07-22T16_22_44.564-04_00.csv
WDB-0368,368,g+e+ld+tf+moe_1-1-1-1-1-1w_envpcc-envmse-envspearman-pcc-mse-spearman_16384gbs_1e-05lr_1e-05wd_5000epochs_200es_1g_2ld_1mlp_2gxe_4heads_256emb_0.15do,crashed,2025-11-09T10:06:04.000Z,2025-11-09T12:04:35.000Z,2f5b337a22e56b7dcb5651c463bb2256664846a3,https://github.com/Jacobson-CompSysBio/GP-Transformer/tree/2f5b337a22e56b7dcb5651c463bb2256664846a3,,,,,,,envpcc+envmse+envspearman+pcc+mse+spearman,"1.0,1.0,1.0,1.0,1.0,1.0",,,,,,,,,,,,,,,,,,,study_record_development,,not_analyzed_unsuccessful_run,run state was crashed,SIG-f7396dc3cd,2,true,wandb_export_2026-07-22T16_22_44.564-04_00.csv
WDB-0369,369,g+e+ld+tf+moe_1-1-1-1-1-1w_envpcc-envmse-envspearman-pcc-mse-spearman_16384gbs_1e-05lr_1e-05wd_5000epochs_200es_1g_2ld_1mlp_2gxe_4heads_256emb_0.15do,crashed,2025-11-09T10:06:04.000Z,2025-11-09T12:04:34.000Z,2f5b337a22e56b7dcb5651c463bb2256664846a3,https://github.com/Jacobson-CompSysBio/GP-Transformer/tree/2f5b337a22e56b7dcb5651c463bb2256664846a3,,,,,,,envpcc+envmse+envspearman+pcc+mse+spearman,"1.0,1.0,1.0,1.0,1.0,1.0",,,,,,,,,,,,,,,,,,,study_record_development,,not_analyzed_unsuccessful_run,run state was crashed,SIG-f7396dc3cd,2,false,wandb_export_2026-07-22T16_22_44.564-04_00.csv
WDB-0370,370,g+e+ld+tf+moe_envpcc_16384gbs_1e-05lr_1e-05wd_5000epochs_200es_1g_2ld_1mlp_2gxe_4heads_256emb_0.15do,finished,2025-11-09T10:06:03.000Z,2025-11-09T11:53:25.000Z,2f5b337a22e56b7dcb5651c463bb2256664846a3,https://github.com/Jacobson-CompSysBio/GP-Transformer/tree/2f5b337a22e56b7dcb5651c463bb2256664846a3,,g+e+ld+tf+moe_envpcc_16384gbs_1e-05lr_1e-05wd_5000epochs_200es_1g_2ld_1mlp_2gxe_4heads_768emb_0.15do,,,,,envpcc,1.0,,,,,,,,,,,,,,0.28962849416167297,0.27091444528825714,107.5659506349146,108.00418127530332,0.18720127017071211,study_record_development,,supplement_completed_run,completed run retained for descriptive provenance,SIG-84371a7752,1,true,wandb_export_2026-07-22T16_22_44.564-04_00.csv
WDB-0371,371,g+e+ld+tf+moe_envpcc_16384gbs_1e-05lr_1e-05wd_5000epochs_200es_1g_2ld_1mlp_2gxe_4heads_256emb_0.15do,finished,2025-11-09T10:06:04.000Z,2025-11-09T11:35:25.000Z,2f5b337a22e56b7dcb5651c463bb2256664846a3,https://github.com/Jacobson-CompSysBio/GP-Transformer/tree/2f5b337a22e56b7dcb5651c463bb2256664846a3,,g+e+ld+tf+moe_envpcc_16384gbs_1e-05lr_1e-05wd_5000epochs_200es_1g_2ld_1mlp_2gxe_4heads_768emb_0.15do,,,,,envpcc,1.0,,,,,,,,,,,,,,0.28962849416167297,0.27091444528825714,107.5659506349146,108.00418127530332,0.18720127017071211,study_record_development,,supplement_completed_run,completed run retained for descriptive provenance,SIG-3918025a67,2,true,wandb_export_2026-07-22T16_22_44.564-04_00.csv
WDB-0372,372,g+e+ld+tf+moe_envpcc_16384gbs_1e-05lr_1e-05wd_5000epochs_200es_1g_2ld_1mlp_2gxe_4heads_256emb_0.15do,finished,2025-11-09T10:01:15.000Z,2025-11-09T11:30:40.000Z,2f5b337a22e56b7dcb5651c463bb2256664846a3,https://github.com/Jacobson-CompSysBio/GP-Transformer/tree/2f5b337a22e56b7dcb5651c463bb2256664846a3,,g+e+ld+tf+moe_envpcc_16384gbs_1e-05lr_1e-05wd_5000epochs_200es_1g_2ld_1mlp_2gxe_4heads_768emb_0.15do,,,,,envpcc,1.0,,,,,,,,,,,,,,0.28962849416167297,0.27091444528825714,107.5659506349146,108.00418127530332,0.18720127017071211,study_record_development,,supplement_completed_run,completed run retained for descriptive provenance,SIG-d07c71e9ab,1,true,wandb_export_2026-07-22T16_22_44.564-04_00.csv
WDB-0373,373,g+e+ld+tf+moe_envpcc_16384gbs_1e-05lr_1e-05wd_5000epochs_200es_1g_2ld_1mlp_2gxe_4heads_256emb_0.15do,finished,2025-11-09T10:01:13.000Z,2025-11-09T11:30:39.000Z,2f5b337a22e56b7dcb5651c463bb2256664846a3,https://github.com/Jacobson-CompSysBio/GP-Transformer/tree/2f5b337a22e56b7dcb5651c463bb2256664846a3,,g+e+ld+tf+moe_envpcc_16384gbs_1e-05lr_1e-05wd_5000epochs_200es_1g_2ld_1mlp_2gxe_4heads_768emb_0.15do,,,,,envpcc,1.0,,,,,,,,,,,,,,0.28962849416167297,0.27091444528825714,107.5659506349146,108.00418127530332,0.18720127017071211,study_record_development,,supplement_completed_run,completed run retained for descriptive provenance,SIG-6d668d6997,2,true,wandb_export_2026-07-22T16_22_44.564-04_00.csv
WDB-0374,374,g+e+ld+tf+moe_envpcc_16384gbs_1e-05lr_1e-05wd_5000epochs_200es_1g_2ld_1mlp_2gxe_4heads_256emb_0.15do,finished,2025-11-09T10:01:13.000Z,2025-11-09T11:30:37.000Z,2f5b337a22e56b7dcb5651c463bb2256664846a3,https://github.com/Jacobson-CompSysBio/GP-Transformer/tree/2f5b337a22e56b7dcb5651c463bb2256664846a3,,g+e+ld+tf+moe_envpcc_16384gbs_1e-05lr_1e-05wd_5000epochs_200es_1g_2ld_1mlp_2gxe_4heads_768emb_0.15do,,,,,envpcc,1.0,,,,,,,,,,,,,,0.28962849416167297,0.27091444528825714,107.5659506349146,108.00418127530332,0.18720127017071211,study_record_development,,supplement_repeated_signature,additional export record with the same run signature,SIG-6d668d6997,2,false,wandb_export_2026-07-22T16_22_44.564-04_00.csv
WDB-0375,375,g+e+ld+tf+moe_envpcc_16384gbs_1e-05lr_1e-05wd_5000epochs_200es_1g_2ld_1mlp_2gxe_4heads_256emb_0.15do,finished,2025-11-09T09:57:36.000Z,2025-11-09T11:26:58.000Z,2f5b337a22e56b7dcb5651c463bb2256664846a3,https://github.com/Jacobson-CompSysBio/GP-Transformer/tree/2f5b337a22e56b7dcb5651c463bb2256664846a3,,g+e+ld+tf+moe_envpcc_16384gbs_1e-05lr_1e-05wd_5000epochs_200es_1g_2ld_1mlp_2gxe_4heads_768emb_0.15do,,,,,envpcc,1.0,,,,,,,,,,,,,,0.28962849416167297,0.27091444528825714,107.5659506349146,108.00418127530332,0.18720127017071211,study_record_development,,supplement_completed_run,completed run retained for descriptive provenance,SIG-5526bbd3fc,1,true,wandb_export_2026-07-22T16_22_44.564-04_00.csv
WDB-0376,376,g+e+ld+tf+moe_envpcc_16384gbs_1e-05lr_1e-05wd_5000epochs_200es_1g_2ld_1mlp_2gxe_4heads_256emb_0.15do,finished,2025-11-09T09:56:25.000Z,2025-11-09T11:25:54.000Z,2f5b337a22e56b7dcb5651c463bb2256664846a3,https://github.com/Jacobson-CompSysBio/GP-Transformer/tree/2f5b337a22e56b7dcb5651c463bb2256664846a3,,g+e+ld+tf+moe_envpcc_16384gbs_1e-05lr_1e-05wd_5000epochs_200es_1g_2ld_1mlp_2gxe_4heads_768emb_0.15do,,,,,envpcc,1.0,,,,,,,,,,,,,,0.28962849416167297,0.27091444528825714,107.5659506349146,108.00418127530332,0.18720127017071211,study_record_development,,supplement_completed_run,completed run retained for descriptive provenance,SIG-ad9b2ebfbe,1,true,wandb_export_2026-07-22T16_22_44.564-04_00.csv
WDB-0377,377,g+e+ld+tf+moe_envpcc_16384gbs_1e-05lr_1e-05wd_5000epochs_200es_1g_2ld_1mlp_2gxe_4heads_256emb_0.15do,finished,2025-11-09T09:56:24.000Z,2025-11-09T11:20:09.000Z,2f5b337a22e56b7dcb5651c463bb2256664846a3,https://github.com/Jacobson-CompSysBio/GP-Transformer/tree/2f5b337a22e56b7dcb5651c463bb2256664846a3,,g+e+ld+tf+moe_envpcc_16384gbs_1e-05lr_1e-05wd_5000epochs_200es_1g_2ld_1mlp_2gxe_4heads_768emb_0.15do,,,,,envpcc,1.0,,,,,,,,,,,,,,0.28962849416167297,0.27091444528825714,107.5659506349146,108.00418127530332,0.18720127017071211,study_record_development,,supplement_completed_run,completed run retained for descriptive provenance,SIG-222c4034c1,2,true,wandb_export_2026-07-22T16_22_44.564-04_00.csv
WDB-0378,378,g+e+ld+tf+moe_envpcc_16384gbs_1e-05lr_1e-05wd_5000epochs_200es_1g_2ld_1mlp_2gxe_4heads_256emb_0.15do,finished,2025-11-09T10:06:04.000Z,2025-11-09T11:03:22.000Z,2f5b337a22e56b7dcb5651c463bb2256664846a3,https://github.com/Jacobson-CompSysBio/GP-Transformer/tree/2f5b337a22e56b7dcb5651c463bb2256664846a3,,g+e+ld+tf+moe_envpcc_16384gbs_1e-05lr_1e-05wd_5000epochs_200es_1g_2ld_1mlp_2gxe_4heads_768emb_0.15do,,,,,envpcc,1.0,,,,,,,,,,,,,,0.28962849416167297,0.27091444528825714,107.5659506349146,108.00418127530332,0.18720127017071211,study_record_development,,supplement_repeated_signature,additional export record with the same run signature,SIG-3918025a67,2,false,wandb_export_2026-07-22T16_22_44.564-04_00.csv
WDB-0379,379,g+e+ld+tf+moe_envpcc_16384gbs_1e-05lr_1e-05wd_5000epochs_200es_1g_2ld_1mlp_2gxe_4heads_256emb_0.15do,crashed,2025-11-09T08:58:50.000Z,2025-11-09T10:57:06.000Z,2f5b337a22e56b7dcb5651c463bb2256664846a3,https://github.com/Jacobson-CompSysBio/GP-Transformer/tree/2f5b337a22e56b7dcb5651c463bb2256664846a3,,,,,,,envpcc,1.0,,,,,,,,,,,,,,,,,,,study_record_development,,not_analyzed_unsuccessful_run,run state was crashed,SIG-49b691b773,1,true,wandb_export_2026-07-22T16_22_44.564-04_00.csv
WDB-0380,380,g+e+ld+tf+moe_envpcc_16384gbs_1e-05lr_1e-05wd_5000epochs_200es_1g_2ld_1mlp_2gxe_4heads_256emb_0.15do,finished,2025-11-09T09:56:24.000Z,2025-11-09T10:55:38.000Z,2f5b337a22e56b7dcb5651c463bb2256664846a3,https://github.com/Jacobson-CompSysBio/GP-Transformer/tree/2f5b337a22e56b7dcb5651c463bb2256664846a3,,g+e+ld+tf+moe_envpcc_16384gbs_1e-05lr_1e-05wd_5000epochs_200es_1g_2ld_1mlp_2gxe_4heads_768emb_0.15do,,,,,envpcc,1.0,,,,,,,,,,,,,,0.28962849416167297,0.27091444528825714,107.5659506349146,108.00418127530332,0.18720127017071211,study_record_development,,supplement_repeated_signature,additional export record with the same run signature,SIG-222c4034c1,2,false,wandb_export_2026-07-22T16_22_44.564-04_00.csv
WDB-0381,381,g+e+ld+tf+moe_envpcc_16384gbs_1e-05lr_1e-05wd_5000epochs_200es_1g_2ld_1mlp_2gxe_4heads_256emb_0.15do,finished,2025-11-09T09:24:57.000Z,2025-11-09T10:54:41.000Z,2f5b337a22e56b7dcb5651c463bb2256664846a3,https://github.com/Jacobson-CompSysBio/GP-Transformer/tree/2f5b337a22e56b7dcb5651c463bb2256664846a3,,g+e+ld+tf+moe_envpcc_16384gbs_1e-05lr_1e-05wd_5000epochs_200es_1g_2ld_1mlp_2gxe_4heads_768emb_0.15do,,,,,envpcc,1.0,,,,,,,,,,,,,,0.28962849416167297,0.27091444528825714,107.5659506349146,108.00418127530332,0.18720127017071211,study_record_development,,supplement_completed_run,completed run retained for descriptive provenance,SIG-aecb3fb5cf,1,true,wandb_export_2026-07-22T16_22_44.564-04_00.csv
WDB-0382,382,g+e+ld+tf+moe_envpcc_16384gbs_1e-05lr_1e-05wd_5000epochs_200es_1g_2ld_1mlp_2gxe_4heads_256emb_0.15do,finished,2025-11-09T08:58:52.000Z,2025-11-09T10:28:17.000Z,2f5b337a22e56b7dcb5651c463bb2256664846a3,https://github.com/Jacobson-CompSysBio/GP-Transformer/tree/2f5b337a22e56b7dcb5651c463bb2256664846a3,,g+e+ld+tf+moe_envpcc_16384gbs_1e-05lr_1e-05wd_5000epochs_200es_1g_2ld_1mlp_2gxe_4heads_768emb_0.15do,,,,,envpcc,1.0,,,,,,,,,,,,,,0.2930356082258142,0.2700034480437553,166.40254170036198,167.0743907031442,0.18996750798581627,study_record_development,,supplement_completed_run,completed run retained for descriptive provenance,SIG-02b67c8eeb,1,true,wandb_export_2026-07-22T16_22_44.564-04_00.csv
WDB-0383,383,g+e+ld+tf+moe_envpcc_16384gbs_1e-05lr_1e-05wd_5000epochs_200es_1g_2ld_1mlp_2gxe_4heads_256emb_0.15do,crashed,2025-11-09T06:07:42.000Z,2025-11-09T08:05:57.000Z,2f5b337a22e56b7dcb5651c463bb2256664846a3,https://github.com/Jacobson-CompSysBio/GP-Transformer/tree/2f5b337a22e56b7dcb5651c463bb2256664846a3,,,,,,,envpcc,1.0,,,,,,,,,,,,,,,,,,,study_record_development,,not_analyzed_unsuccessful_run,run state was crashed,SIG-b3ada25b61,1,true,wandb_export_2026-07-22T16_22_44.564-04_00.csv
WDB-0384,384,g+e+ld+tf+moe_envpcc_16384gbs_1e-05lr_1e-05wd_5000epochs_200es_1g_2ld_1mlp_2gxe_4heads_256emb_0.15do,finished,2025-11-09T06:08:07.000Z,2025-11-09T07:37:48.000Z,2f5b337a22e56b7dcb5651c463bb2256664846a3,https://github.com/Jacobson-CompSysBio/GP-Transformer/tree/2f5b337a22e56b7dcb5651c463bb2256664846a3,,g+e+ld+tf+moe_envpcc_16384gbs_1e-05lr_1e-05wd_5000epochs_200es_1g_2ld_1mlp_2gxe_4heads_768emb_0.15do,,,,,envpcc,1.0,,,,,,,,,,,,,,0.31291841074127985,0.29271051798649106,119.9606183996123,120.44894248928634,0.11388616317073738,study_record_development,,supplement_completed_run,completed run retained for descriptive provenance,SIG-c5f07982e6,1,true,wandb_export_2026-07-22T16_22_44.564-04_00.csv
WDB-0385,385,g+e+ld+tf+moe_envpcc_16384gbs_1e-05lr_1e-05wd_5000epochs_200es_1g_2ld_1mlp_2gxe_4heads_256emb_0.15do,finished,2025-11-09T06:07:40.000Z,2025-11-09T07:37:05.000Z,2f5b337a22e56b7dcb5651c463bb2256664846a3,https://github.com/Jacobson-CompSysBio/GP-Transformer/tree/2f5b337a22e56b7dcb5651c463bb2256664846a3,,g+e+ld+tf+moe_envpcc_16384gbs_1e-05lr_1e-05wd_5000epochs_200es_1g_2ld_1mlp_2gxe_4heads_768emb_0.15do,,,,,envpcc,1.0,,,,,,,,,,,,,,0.31291841074127985,0.29271051798649106,119.9606183996123,120.44894248928634,0.11388616317073738,study_record_development,,supplement_completed_run,completed run retained for descriptive provenance,SIG-1c6aa8c960,1,true,wandb_export_2026-07-22T16_22_44.564-04_00.csv
WDB-0386,386,g+e+ld+tf+moe_envpcc_16384gbs_1e-05lr_1e-05wd_5000epochs_200es_1g_2ld_1mlp_2gxe_4heads_256emb_0.15do,finished,2025-11-09T06:07:40.000Z,2025-11-09T07:13:42.000Z,2f5b337a22e56b7dcb5651c463bb2256664846a3,https://github.com/Jacobson-CompSysBio/GP-Transformer/tree/2f5b337a22e56b7dcb5651c463bb2256664846a3,,g+e+ld+tf+moe_envpcc_16384gbs_1e-05lr_1e-05wd_5000epochs_200es_1g_2ld_1mlp_2gxe_4heads_768emb_0.15do,,,,,envpcc,1.0,,,,,,,,,,,,,,0.3005291362876586,0.2773976156591213,137.30383523420758,137.82802171396497,0.16942575439617127,study_record_development,,supplement_completed_run,completed run retained for descriptive provenance,SIG-ca3042b5fd,1,true,wandb_export_2026-07-22T16_22_44.564-04_00.csv
WDB-0387,387,g+e+ld+tf+moe_1-1w_envpcc-pcc_2048gbs_0.0001lr_1e-05wd_1epochs_50es_1g_2ld_1mlp_2gxe_4heads_256emb_0.25do,finished,2025-11-07T16:56:06.000Z,2025-11-07T16:59:53.000Z,733d5419fe9556f9e85b830150db5ae3e4eed091,https://github.com/Jacobson-CompSysBio/GP-Transformer/tree/733d5419fe9556f9e85b830150db5ae3e4eed091,,g+e+ld+tf+moe_1-1w_envpcc-pcc_2048gbs_0.0001lr_1e-05wd_1epochs_50es_1g_2ld_1mlp_2gxe_4heads_256emb_0.25do,,,,,envpcc+pcc,"1.0,1.0",,,,,,,,,,,,,,0.29074942508062235,0.27300700121868043,100.917308802843,101.18034565310636,0.4413294696911295,study_record_development,,supplement_completed_run,completed run retained for descriptive provenance,SIG-579b70ff85,1,true,wandb_export_2026-07-22T16_22_44.564-04_00.csv
WDB-0388,388,g+e+ld+tf+moe_1-1w_envpcc-pcc_16384gbs_0.0001lr_1e-05wd_5000epochs_200es_1g_2ld_1mlp_2gxe_4heads_256emb_0.15do,finished,2025-10-31T15:17:19.000Z,2025-10-31T16:28:49.000Z,0a8c6775d54080bc38542695f4d46c95d4054859,https://github.com/Jacobson-CompSysBio/GP-Transformer/tree/0a8c6775d54080bc38542695f4d46c95d4054859,,g+e+ld+tf+moe_1-1w_envpcc-pcc_16384gbs_0.0001lr_1e-05wd_5000epochs_200es_1g_2ld_1mlp_2gxe_4heads_768emb_0.15do,,,,,envpcc+pcc,"1.0,1.0",,,,,,,,,,,,,,0.038520987520245215,0.030030075767873136,196.20392450150405,195.8371334524767,0.21213287759691624,study_record_development,,supplement_completed_run,completed run retained for descriptive provenance,SIG-691491549f,1,true,wandb_export_2026-07-22T16_22_44.564-04_00.csv
WDB-0389,389,g+e+ld+tf+moe_envpcc_16384gbs_0.0001lr_1e-05wd_5000epochs_200es_1g_2ld_1mlp_2gxe_4heads_256emb_0.15do,finished,2025-10-31T15:17:20.000Z,2025-10-31T16:17:40.000Z,0a8c6775d54080bc38542695f4d46c95d4054859,https://github.com/Jacobson-CompSysBio/GP-Transformer/tree/0a8c6775d54080bc38542695f4d46c95d4054859,,g+e+ld+tf+moe_envpcc_16384gbs_0.0001lr_1e-05wd_5000epochs_200es_1g_2ld_1mlp_2gxe_4heads_768emb_0.15do,,,,,envpcc,1.0,,,,,,,,,,,,,,0.2880514317187291,0.26838260144934234,101.4586263024572,101.64986838506051,0.18875572429950815,study_record_development,,supplement_completed_run,completed run retained for descriptive provenance,SIG-7a7143dbfc,1,true,wandb_export_2026-07-22T16_22_44.564-04_00.csv
WDB-0390,390,g+e+ld+tf+moe_1-1w_envpcc-pcc_2048gbs_0.0001lr_1e-05wd_1epochs_50es_1g_2ld_1mlp_2gxe_4heads_256emb_0.25do,finished,2025-10-30T19:30:07.000Z,2025-10-30T19:33:56.000Z,147afdaaf4dfe58cfdf0fa75c5ab4562db848d5e,https://github.com/Jacobson-CompSysBio/GP-Transformer/tree/147afdaaf4dfe58cfdf0fa75c5ab4562db848d5e,,g+e+ld+tf+moe_1-1w_envpcc-pcc_2048gbs_0.0001lr_1e-05wd_1epochs_50es_1g_2ld_1mlp_2gxe_4heads_256emb_0.25do,,,,,envpcc+pcc,"1.0,1.0",,,,,,,,,,,,,,0.2880479336316833,0.27181417727600443,124.7165220402169,124.84582614580482,0.22002651776748855,study_record_development,,supplement_completed_run,completed run retained for descriptive provenance,SIG-67be17ef24,1,true,wandb_export_2026-07-22T16_22_44.564-04_00.csv
WDB-0391,391,g+e+ld+tf+moe_1-1w_envpcc-pcc_2048gbs_0.0001lr_1e-05wd_1epochs_50es_1g_2ld_1mlp_2gxe_4heads_256emb_0.25do,failed,2025-10-30T18:53:17.000Z,2025-10-30T18:56:48.000Z,147afdaaf4dfe58cfdf0fa75c5ab4562db848d5e,https://github.com/Jacobson-CompSysBio/GP-Transformer/tree/147afdaaf4dfe58cfdf0fa75c5ab4562db848d5e,,,,,,,envpcc+pcc,"1.0,1.0",,,,,,,,,,,,,,,,,,,study_record_development,,not_analyzed_unsuccessful_run,run state was failed,SIG-a2b69c380b,1,true,wandb_export_2026-07-22T16_22_44.564-04_00.csv
WDB-0392,392,g+e+ld+tf+moe_1-1w_envpcc-pcc_16384gbs_0.0001lr_1e-05wd_5000epochs_200es_2g_2ld_2mlp_4gxe_16heads_512emb_0.15do,finished,2025-10-24T20:30:07.000Z,2025-10-24T21:46:21.000Z,89f01b14445a968cb7cc3be827f84644e3861d52,https://github.com/Jacobson-CompSysBio/GP-Transformer/tree/89f01b14445a968cb7cc3be827f84644e3861d52,,g+e+ld+tf+moe_1-1w_envpcc-pcc_16384gbs_0.0001lr_1e-05wd_5000epochs_200es_2g_2ld_2mlp_4gxe_16heads_768emb_0.15do,,,,,envpcc+pcc,"1.0,1.0",,,,,,,,,,,,,,0.28771298128027545,0.28567892877564205,93.61920763505816,87.37299762221762,0.1944381165343053,study_record_development,,supplement_completed_run,completed run retained for descriptive provenance,SIG-4c28c9a183,1,true,wandb_export_2026-07-22T16_22_44.564-04_00.csv
WDB-0393,393,g+e+ld+tf+moe_1-1-1w_envpcc-envspearman-pcc_16384gbs_0.0001lr_1e-05wd_5000epochs_200es_1g_2ld_1mlp_2gxe_4heads_256emb_0.15do,finished,2025-10-24T20:31:15.000Z,2025-10-24T21:11:23.000Z,89f01b14445a968cb7cc3be827f84644e3861d52,https://github.com/Jacobson-CompSysBio/GP-Transformer/tree/89f01b14445a968cb7cc3be827f84644e3861d52,,g+e+ld+tf+moe_1-1-1w_envpcc-envspearman-pcc_16384gbs_0.0001lr_1e-05wd_5000epochs_200es_1g_2ld_1mlp_2gxe_4heads_768emb_0.15do,,,,,envpcc+envspearman+pcc,"1.0,1.0,1.0",,,,,,,,,,,,,,0.2267221109804876,0.23011030862287335,44.45507861071827,44.12685599780755,0.2697843777481232,study_record_development,,supplement_completed_run,completed run retained for descriptive provenance,SIG-263c16a7e3,1,true,wandb_export_2026-07-22T16_22_44.564-04_00.csv
WDB-0394,394,g+e+ld+tf+moe_envpcc_16384gbs_0.0001lr_1e-05wd_5000epochs_200es_1g_1ld_1mlp_8gxe_16heads_512emb_0.15do,finished,2025-10-24T20:34:04.000Z,2025-10-24T21:06:43.000Z,89f01b14445a968cb7cc3be827f84644e3861d52,https://github.com/Jacobson-CompSysBio/GP-Transformer/tree/89f01b14445a968cb7cc3be827f84644e3861d52,,g+e+ld+tf+moe_envpcc_16384gbs_0.0001lr_1e-05wd_5000epochs_200es_1g_1ld_1mlp_8gxe_16heads_768emb_0.15do,,,,,envpcc,1.0,,,,,,,,,,,,,,0.22003718388304153,0.18423920401570645,246.2709163790379,247.10398732222876,0.07265627337858939,study_record_development,,supplement_completed_run,completed run retained for descriptive provenance,SIG-09670c823d,1,true,wandb_export_2026-07-22T16_22_44.564-04_00.csv
WDB-0395,395,g+e+ld+tf+moe_1-1w_envpcc-pcc_16384gbs_0.0001lr_1e-05wd_5000epochs_200es_1g_2ld_1mlp_2gxe_4heads_256emb_0.15do,finished,2025-10-24T20:29:47.000Z,2025-10-24T21:01:04.000Z,89f01b14445a968cb7cc3be827f84644e3861d52,https://github.com/Jacobson-CompSysBio/GP-Transformer/tree/89f01b14445a968cb7cc3be827f84644e3861d52,,g+e+ld+tf+moe_1-1w_envpcc-pcc_16384gbs_0.0001lr_1e-05wd_5000epochs_200es_1g_2ld_1mlp_2gxe_4heads_768emb_0.15do,,,,,envpcc+pcc,"1.0,1.0",,,,,,,,,,,,,,0.20883631967681707,0.19756240346945403,141.8774387585139,141.5223382775976,0.28168145483190815,study_record_development,,supplement_completed_run,completed run retained for descriptive provenance,SIG-663ff065cf,1,true,wandb_export_2026-07-22T16_22_44.564-04_00.csv
WDB-0396,396,g+e+ld+tf+moe_1-1w_envpcc-spearman_16384gbs_0.0001lr_1e-05wd_5000epochs_200es_1g_2ld_1mlp_2gxe_4heads_256emb_0.15do,finished,2025-10-24T20:33:27.000Z,2025-10-24T20:59:56.000Z,89f01b14445a968cb7cc3be827f84644e3861d52,https://github.com/Jacobson-CompSysBio/GP-Transformer/tree/89f01b14445a968cb7cc3be827f84644e3861d52,,g+e+ld+tf+moe_1-1w_envpcc-spearman_16384gbs_0.0001lr_1e-05wd_5000epochs_200es_1g_2ld_1mlp_2gxe_4heads_768emb_0.15do,,,,,envpcc+spearman,"1.0,1.0",,,,,,,,,,,,,,0.2553052431476834,0.2485874593375708,123.01767348053654,121.59396768460066,0.2866281521488241,study_record_development,,supplement_completed_run,completed run retained for descriptive provenance,SIG-a37019203f,1,true,wandb_export_2026-07-22T16_22_44.564-04_00.csv
WDB-0397,397,g+e+ld+tf+moe_1-1w_envpcc-spearman_16384gbs_0.0001lr_1e-05wd_5000epochs_200es_1g_2ld_1mlp_2gxe_4heads_256emb_0.15do,finished,2025-10-24T20:32:54.000Z,2025-10-24T20:59:24.000Z,89f01b14445a968cb7cc3be827f84644e3861d52,https://github.com/Jacobson-CompSysBio/GP-Transformer/tree/89f01b14445a968cb7cc3be827f84644e3861d52,,g+e+ld+tf+moe_1-1w_envpcc-spearman_16384gbs_0.0001lr_1e-05wd_5000epochs_200es_1g_2ld_1mlp_2gxe_4heads_768emb_0.15do,,,,,envpcc+spearman,"1.0,1.0",,,,,,,,,,,,,,0.2553052431476834,0.2485874593375708,123.01767348053654,121.59396768460066,0.2866281521488241,study_record_development,,supplement_completed_run,completed run retained for descriptive provenance,SIG-464df66af6,1,true,wandb_export_2026-07-22T16_22_44.564-04_00.csv
WDB-0398,398,g+e+ld+tf+moe_envpcc_16384gbs_0.0001lr_1e-05wd_5000epochs_200es_1g_2ld_1mlp_2gxe_4heads_256emb_0.15do,finished,2025-10-24T20:32:54.000Z,2025-10-24T20:57:27.000Z,89f01b14445a968cb7cc3be827f84644e3861d52,https://github.com/Jacobson-CompSysBio/GP-Transformer/tree/89f01b14445a968cb7cc3be827f84644e3861d52,,g+e+ld+tf+moe_envpcc_16384gbs_0.0001lr_1e-05wd_5000epochs_200es_1g_2ld_1mlp_2gxe_4heads_768emb_0.15do,,,,,envpcc,1.0,,,,,,,,,,,,,,0.3376460804443748,0.35844460041128867,112.99197000671428,113.15004726921129,0.2920097487843352,study_record_development,,supplement_completed_run,completed run retained for descriptive provenance,SIG-9a2ae706c9,1,true,wandb_export_2026-07-22T16_22_44.564-04_00.csv
WDB-0399,399,g+e+ld+tf+moe_1-1w_envpcc-pcc_2048gbs_0.0001lr_1e-05wd_1epochs_50es_1g_2ld_1mlp_2gxe_4heads_256emb_0.25do,finished,2025-10-24T20:23:16.000Z,2025-10-24T20:24:43.000Z,89f01b14445a968cb7cc3be827f84644e3861d52,https://github.com/Jacobson-CompSysBio/GP-Transformer/tree/89f01b14445a968cb7cc3be827f84644e3861d52,,g+e+ld+tf+moe_1-1w_envpcc-pcc_2048gbs_0.0001lr_1e-05wd_1epochs_50es_1g_2ld_1mlp_2gxe_4heads_256emb_0.25do,,,,,envpcc+pcc,"1.0,1.0",,,,,,,,,,,,,,0.21582155805552256,0.21746560544554056,107.8240933649521,108.28340320814402,0.2818802204518963,study_record_development,,supplement_completed_run,completed run retained for descriptive provenance,SIG-e05157e884,1,true,wandb_export_2026-07-22T16_22_44.564-04_00.csv
WDB-0400,400,g+e+ld+tf+moe_1-1-1w_envspearman-envpcc-pcc_16384gbs_0.0001lr_1e-05wd_5000epochs_200es_1g_2ld_1mlp_2gxe_4heads_256emb_0.15do,finished,2025-10-21T09:16:50.000Z,2025-10-21T10:40:44.000Z,6e319b8c2bbc7761b8fff019e6c3f11d81a7314c,https://github.com/Jacobson-CompSysBio/GP-Transformer/tree/6e319b8c2bbc7761b8fff019e6c3f11d81a7314c,,g+e+ld+tf+moe_1-1-1w_envspearman-envpcc-pcc_16384gbs_0.0001lr_1e-05wd_5000epochs_200es_1g_2ld_1mlp_2gxe_4heads_768emb_0.15do,,,,,envspearman+envpcc+pcc,"1.0,1.0,1.0",,,,,,,,,,,,,,0.32846890216596597,0.33521400731386514,144.39698047044297,144.02253085698416,0.4327757852393339,study_record_development,,supplement_completed_run,completed run retained for descriptive provenance,SIG-163c68e033,1,true,wandb_export_2026-07-22T16_22_44.564-04_00.csv
WDB-0401,401,g+e+ld+tf+moe_1-1w_envspearman-pcc_16384gbs_0.0001lr_1e-05wd_5000epochs_200es_1g_2ld_1mlp_2gxe_4heads_256emb_0.15do,finished,2025-10-21T08:35:28.000Z,2025-10-21T09:57:11.000Z,6e319b8c2bbc7761b8fff019e6c3f11d81a7314c,https://github.com/Jacobson-CompSysBio/GP-Transformer/tree/6e319b8c2bbc7761b8fff019e6c3f11d81a7314c,,g+e+ld+tf+moe_1-1w_envspearman-pcc_16384gbs_0.0001lr_1e-05wd_5000epochs_200es_1g_2ld_1mlp_2gxe_4heads_768emb_0.15do,,,,,envspearman+pcc,"1.0,1.0",,,,,,,,,,,,,,0.2529051366713846,0.2515476517569237,91.48990721313169,90.9878499988091,0.4468096552538104,study_record_development,,supplement_completed_run,completed run retained for descriptive provenance,SIG-56256578e7,1,true,wandb_export_2026-07-22T16_22_44.564-04_00.csv
WDB-0402,402,g+e+ld+tf+moe_envspearman_16384gbs_0.0001lr_1e-05wd_5000epochs_200es_1g_2ld_1mlp_2gxe_4heads_256emb_0.15do,finished,2025-10-21T08:24:48.000Z,2025-10-21T09:48:36.000Z,6e319b8c2bbc7761b8fff019e6c3f11d81a7314c,https://github.com/Jacobson-CompSysBio/GP-Transformer/tree/6e319b8c2bbc7761b8fff019e6c3f11d81a7314c,,g+e+ld+tf+moe_envspearman_16384gbs_0.0001lr_1e-05wd_5000epochs_200es_1g_2ld_1mlp_2gxe_4heads_768emb_0.15do,,,,,envspearman,1.0,,,,,,,,,,,,,,0.35089016633735254,0.3534205636114638,96.22982730607607,97.11647307805828,0.27427165820647215,study_record_development,,supplement_completed_run,completed run retained for descriptive provenance,SIG-e50a8d1f11,1,true,wandb_export_2026-07-22T16_22_44.564-04_00.csv
WDB-0403,403,g+e+ld+tf+moe_2-1w_envpcc-pcc_16384gbs_0.0001lr_1e-05wd_5000epochs_200es_1g_2ld_1mlp_2gxe_4heads_256emb_0.15do,finished,2025-10-21T08:14:28.000Z,2025-10-21T09:30:16.000Z,6e319b8c2bbc7761b8fff019e6c3f11d81a7314c,https://github.com/Jacobson-CompSysBio/GP-Transformer/tree/6e319b8c2bbc7761b8fff019e6c3f11d81a7314c,,g+e+ld+tf+moe_2-1w_envpcc-pcc_16384gbs_0.0001lr_1e-05wd_5000epochs_200es_1g_2ld_1mlp_2gxe_4heads_768emb_0.15do,,,,,envpcc+pcc,"2.0,1.0",,,,,,,,,,,,,,0.3411007823284083,0.3325237199649794,149.86203629961787,149.64055614270134,0.4207638049938503,study_record_development,,supplement_completed_run,completed run retained for descriptive provenance,SIG-ecc9891ee0,1,true,wandb_export_2026-07-22T16_22_44.564-04_00.csv
WDB-0404,404,g+e+ld+tf+moe_1-1w_envspearman-envpcc_16384gbs_0.0001lr_1e-05wd_5000epochs_200es_1g_2ld_1mlp_2gxe_4heads_256emb_0.15do,finished,2025-10-21T08:31:10.000Z,2025-10-21T09:22:47.000Z,6e319b8c2bbc7761b8fff019e6c3f11d81a7314c,https://github.com/Jacobson-CompSysBio/GP-Transformer/tree/6e319b8c2bbc7761b8fff019e6c3f11d81a7314c,,g+e+ld+tf+moe_1-1w_envspearman-envpcc_16384gbs_0.0001lr_1e-05wd_5000epochs_200es_1g_2ld_1mlp_2gxe_4heads_768emb_0.15do,,,,,envspearman+envpcc,"1.0,1.0",,,,,,,,,,,,,,0.2950719691141471,0.27480204212142356,102.9819593022266,103.47710508149234,0.21725041444891985,study_record_development,,supplement_completed_run,completed run retained for descriptive provenance,SIG-0de98f2065,1,true,wandb_export_2026-07-22T16_22_44.564-04_00.csv
WDB-0405,405,g+e+ld+tf+moe_spearman_2048gbs_0.0001lr_1e-05wd_1epochs_50es_1g_2ld_1mlp_2gxe_4heads_256emb_0.25do,finished,2025-10-21T00:45:58.000Z,2025-10-21T00:49:07.000Z,6e319b8c2bbc7761b8fff019e6c3f11d81a7314c,https://github.com/Jacobson-CompSysBio/GP-Transformer/tree/6e319b8c2bbc7761b8fff019e6c3f11d81a7314c,,g+e+ld+tf+moe_spearman_2048gbs_0.0001lr_1e-05wd_1epochs_50es_1g_2ld_1mlp_2gxe_4heads_256emb_0.25do,,,,,spearman,1.0,,,,,,,,,,,,,,0.28828416015007935,0.2722437522153176,100.72026595632232,101.10581431144988,0.3021948363869105,study_record_development,,supplement_completed_run,completed run retained for descriptive provenance,SIG-40a7a018e2,1,true,wandb_export_2026-07-22T16_22_44.564-04_00.csv
WDB-0406,406,g+e+ld+tf+moe_1-1w_envpcc-mse_16384gbs_0.0001lr_1e-05wd_5000epochs_50es_1g_2ld_1mlp_2gxe_4heads_256emb_0.15do,finished,2025-10-18T12:12:31.000Z,2025-10-18T12:57:55.000Z,59d549f12c54723efb563aed9755e8a14f2c12d2,https://github.com/Jacobson-CompSysBio/GP-Transformer/tree/59d549f12c54723efb563aed9755e8a14f2c12d2,,g+e+ld+tf+moe_1-1w_envpcc-mse_16384gbs_0.0001lr_1e-05wd_5000epochs_50es_1g_2ld_1mlp_2gxe_4heads_768emb_0.15do,,,,,envpcc+mse,"1.0,1.0",,,,,,,,,,,,,,0.30239698883339217,0.28718270662188666,11.675819405877274,10.810948628701835,0.31372337930949223,study_record_development,,supplement_completed_run,completed run retained for descriptive provenance,SIG-5b2b77f035,1,true,wandb_export_2026-07-22T16_22_44.564-04_00.csv
WDB-0407,407,g+e+ld+tf+moe_1-1w_envpcc-mse_16384gbs_0.0001lr_1e-05wd_5000epochs_50es_1g_2ld_1mlp_2gxe_4heads_256emb_0.15do_scaled,finished,2025-10-18T12:27:31.000Z,2025-10-18T12:42:31.000Z,59d549f12c54723efb563aed9755e8a14f2c12d2,https://github.com/Jacobson-CompSysBio/GP-Transformer/tree/59d549f12c54723efb563aed9755e8a14f2c12d2,,g+e+ld+tf+moe_1-1w_envpcc-mse_16384gbs_0.0001lr_1e-05wd_5000epochs_50es_1g_2ld_1mlp_2gxe_4heads_768emb_0.15do_scaled,,,,,envpcc+mse,"1.0,1.0",,,,,,,,,,,,,,0.2924440573016351,0.2729323047273031,8.355035067097232,7.974099446400001,0.4113561973536496,study_record_development,,supplement_completed_run,completed run retained for descriptive provenance,SIG-e51a71142e,1,true,wandb_export_2026-07-22T16_22_44.564-04_00.csv
WDB-0408,408,g+e+ld+tf+moe_envpcc_16384gbs_0.0001lr_1e-05wd_5000epochs_50es_1g_2ld_1mlp_2gxe_4heads_256emb_0.15do_scaled,finished,2025-10-18T11:58:24.000Z,2025-10-18T12:41:53.000Z,59d549f12c54723efb563aed9755e8a14f2c12d2,https://github.com/Jacobson-CompSysBio/GP-Transformer/tree/59d549f12c54723efb563aed9755e8a14f2c12d2,,g+e+ld+tf+moe_envpcc_16384gbs_0.0001lr_1e-05wd_5000epochs_50es_1g_2ld_1mlp_2gxe_4heads_768emb_0.15do_scaled,,,,,envpcc,1.0,,,,,,,,,,,,,,0.33253713887133096,0.33542591547823936,17.260910571376098,17.1276395394309,0.29083741978123817,study_record_development,,supplement_completed_run,completed run retained for descriptive provenance,SIG-d7288070a2,1,true,wandb_export_2026-07-22T16_22_44.564-04_00.csv
WDB-0409,409,g+e+ld+tf+moe_1-1w_envpcc-envmse_16384gbs_0.0001lr_1e-05wd_5000epochs_50es_1g_2ld_1mlp_2gxe_4heads_256emb_0.15do_scaled,finished,2025-10-18T11:59:11.000Z,2025-10-18T12:39:02.000Z,59d549f12c54723efb563aed9755e8a14f2c12d2,https://github.com/Jacobson-CompSysBio/GP-Transformer/tree/59d549f12c54723efb563aed9755e8a14f2c12d2,,g+e+ld+tf+moe_1-1w_envpcc-envmse_16384gbs_0.0001lr_1e-05wd_5000epochs_50es_1g_2ld_1mlp_2gxe_4heads_768emb_0.15do_scaled,,,,,envpcc+envmse,"1.0,1.0",,,,,,,,,,,,,,0.2715012561906543,0.24609239621681744,47.24574635154936,45.844846263266824,0.1452989063875869,study_record_development,,supplement_completed_run,completed run retained for descriptive provenance,SIG-d2666ff540,1,true,wandb_export_2026-07-22T16_22_44.564-04_00.csv
WDB-0410,410,g+e+ld+tf+moe_1-1-1w_envpcc-envmse-pcc_16384gbs_0.0001lr_1e-05wd_5000epochs_50es_1g_2ld_1mlp_2gxe_4heads_256emb_0.15do,finished,2025-10-18T12:03:00.000Z,2025-10-18T12:36:24.000Z,59d549f12c54723efb563aed9755e8a14f2c12d2,https://github.com/Jacobson-CompSysBio/GP-Transformer/tree/59d549f12c54723efb563aed9755e8a14f2c12d2,,g+e+ld+tf+moe_1-1-1w_envpcc-envmse-pcc_16384gbs_0.0001lr_1e-05wd_5000epochs_50es_1g_2ld_1mlp_2gxe_4heads_768emb_0.15do,,,,,envpcc+envmse+pcc,"1.0,1.0,1.0",,,,,,,,,,,,,,0.3497264391257059,0.3451525551965712,136.33236229373625,133.17032959414215,0.3866600187634478,study_record_development,,supplement_completed_run,completed run retained for descriptive provenance,SIG-90b3cacb8a,1,true,wandb_export_2026-07-22T16_22_44.564-04_00.csv
WDB-0411,411,g+e+ld+tf+moe_envpcc_16384gbs_0.0001lr_1e-05wd_5000epochs_50es_1g_2ld_1mlp_2gxe_4heads_256emb_0.15do,finished,2025-10-18T11:57:45.000Z,2025-10-18T12:36:03.000Z,59d549f12c54723efb563aed9755e8a14f2c12d2,https://github.com/Jacobson-CompSysBio/GP-Transformer/tree/59d549f12c54723efb563aed9755e8a14f2c12d2,,g+e+ld+tf+moe_envpcc_16384gbs_0.0001lr_1e-05wd_5000epochs_50es_1g_2ld_1mlp_2gxe_4heads_768emb_0.15do,,,,,envpcc,1.0,,,,,,,,,,,,,,0.27939354252559107,0.2698906769825693,117.00498515848992,117.23788206184614,0.15938052790440882,study_record_development,,supplement_completed_run,completed run retained for descriptive provenance,SIG-ebc854317b,1,true,wandb_export_2026-07-22T16_22_44.564-04_00.csv
WDB-0412,412,g+e+ld+tf+moe_1-1w_envpcc-envmse_16384gbs_0.0001lr_1e-05wd_5000epochs_50es_1g_2ld_1mlp_2gxe_4heads_256emb_0.15do,finished,2025-10-18T12:03:00.000Z,2025-10-18T12:31:37.000Z,59d549f12c54723efb563aed9755e8a14f2c12d2,https://github.com/Jacobson-CompSysBio/GP-Transformer/tree/59d549f12c54723efb563aed9755e8a14f2c12d2,,g+e+ld+tf+moe_1-1w_envpcc-envmse_16384gbs_0.0001lr_1e-05wd_5000epochs_50es_1g_2ld_1mlp_2gxe_4heads_768emb_0.15do,,,,,envpcc+envmse,"1.0,1.0",,,,,,,,,,,,,,0.3274476678184716,0.331142911449169,91.21719868254114,92.1881441875202,0.397741153968032,study_record_development,,supplement_completed_run,completed run retained for descriptive provenance,SIG-470d4407c6,1,true,wandb_export_2026-07-22T16_22_44.564-04_00.csv
WDB-0413,413,g+e+ld+tf+moe_1-1-1w_envpcc-envmse-pcc_16384gbs_0.0001lr_1e-05wd_5000epochs_50es_1g_2ld_1mlp_2gxe_4heads_256emb_0.15do_scaled,finished,2025-10-18T12:01:04.000Z,2025-10-18T12:30:42.000Z,59d549f12c54723efb563aed9755e8a14f2c12d2,https://github.com/Jacobson-CompSysBio/GP-Transformer/tree/59d549f12c54723efb563aed9755e8a14f2c12d2,,g+e+ld+tf+moe_1-1-1w_envpcc-envmse-pcc_16384gbs_0.0001lr_1e-05wd_5000epochs_50es_1g_2ld_1mlp_2gxe_4heads_768emb_0.15do_scaled,,,,,envpcc+envmse+pcc,"1.0,1.0,1.0",,,,,,,,,,,,,,0.35004716761749266,0.34966522502102687,16.0141618431624,14.926574671641992,0.3933798089753639,study_record_development,,supplement_completed_run,completed run retained for descriptive provenance,SIG-74e3cb78fd,1,true,wandb_export_2026-07-22T16_22_44.564-04_00.csv
WDB-0414,414,g+e+ld+tf+moe_1-1-1w_envpcc-envmse-mse_16384gbs_0.0001lr_1e-05wd_5000epochs_50es_1g_2ld_1mlp_2gxe_4heads_256emb_0.15do,finished,2025-10-18T12:03:00.000Z,2025-10-18T12:29:35.000Z,59d549f12c54723efb563aed9755e8a14f2c12d2,https://github.com/Jacobson-CompSysBio/GP-Transformer/tree/59d549f12c54723efb563aed9755e8a14f2c12d2,,g+e+ld+tf+moe_1-1-1w_envpcc-envmse-mse_16384gbs_0.0001lr_1e-05wd_5000epochs_50es_1g_2ld_1mlp_2gxe_4heads_768emb_0.15do,,,,,envpcc+envmse+mse,"1.0,1.0,1.0",,,,,,,,,,,,,,0.288327475317511,0.27054646567660995,10.58144939526995,9.93905607844087,0.35238133591515697,study_record_development,,supplement_completed_run,completed run retained for descriptive provenance,SIG-05e96fe580,1,true,wandb_export_2026-07-22T16_22_44.564-04_00.csv
WDB-0415,415,g+e+ld+tf+moe_1-1-1-1w_envpcc-pcc-envmse-mse_16384gbs_0.0001lr_1e-05wd_5000epochs_50es_1g_2ld_1mlp_2gxe_4heads_256emb_0.15do,finished,2025-10-18T11:56:26.000Z,2025-10-18T12:26:34.000Z,59d549f12c54723efb563aed9755e8a14f2c12d2,https://github.com/Jacobson-CompSysBio/GP-Transformer/tree/59d549f12c54723efb563aed9755e8a14f2c12d2,,g+e+ld+tf+moe_1-1-1-1w_envpcc-pcc-envmse-mse_16384gbs_0.0001lr_1e-05wd_5000epochs_50es_1g_2ld_1mlp_2gxe_4heads_768emb_0.15do,,,,,envpcc+pcc+envmse+mse,"1.0,1.0,1.0,1.0",,,,,,,,,,,,,,0.3046853555714924,0.28989847003930236,13.52942189445205,12.697753841232975,0.247528829460068,study_record_development,,supplement_completed_run,completed run retained for descriptive provenance,SIG-3ea17086f9,1,true,wandb_export_2026-07-22T16_22_44.564-04_00.csv
WDB-0416,416,g+e+ld+tf+moe_1-1w_envpcc-pcc_16384gbs_0.0001lr_1e-05wd_5000epochs_50es_1g_2ld_1mlp_2gxe_4heads_256emb_0.15do,finished,2025-10-18T12:03:14.000Z,2025-10-18T12:25:23.000Z,59d549f12c54723efb563aed9755e8a14f2c12d2,https://github.com/Jacobson-CompSysBio/GP-Transformer/tree/59d549f12c54723efb563aed9755e8a14f2c12d2,,g+e+ld+tf+moe_1-1w_envpcc-pcc_16384gbs_0.0001lr_1e-05wd_5000epochs_50es_1g_2ld_1mlp_2gxe_4heads_768emb_0.15do,,,,,envpcc+pcc,"1.0,1.0",,,,,,,,,,,,,,0.3636164700705138,0.3629562245123761,74.34331696180678,73.9354442399584,0.42417821768601927,study_record_development,,supplement_completed_run,completed run retained for descriptive provenance,SIG-88ab277ea9,1,true,wandb_export_2026-07-22T16_22_44.564-04_00.csv
WDB-0417,417,g+e+ld+tf+moe_1-1-1w_envpcc-envmse-mse_16384gbs_0.0001lr_1e-05wd_5000epochs_50es_1g_2ld_1mlp_2gxe_4heads_256emb_0.15do_scaled,finished,2025-10-18T12:01:05.000Z,2025-10-18T12:16:54.000Z,59d549f12c54723efb563aed9755e8a14f2c12d2,https://github.com/Jacobson-CompSysBio/GP-Transformer/tree/59d549f12c54723efb563aed9755e8a14f2c12d2,,g+e+ld+tf+moe_1-1-1w_envpcc-envmse-mse_16384gbs_0.0001lr_1e-05wd_5000epochs_50es_1g_2ld_1mlp_2gxe_4heads_768emb_0.15do_scaled,,,,,envpcc+envmse+mse,"1.0,1.0,1.0",,,,,,,,,,,,,,0.2935778193629542,0.273761312915048,8.453640966575344,8.333369522192148,0.41196280063454416,study_record_development,,supplement_completed_run,completed run retained for descriptive provenance,SIG-5698335642,1,true,wandb_export_2026-07-22T16_22_44.564-04_00.csv
WDB-0418,418,g+e+ld+tf+moe_1-1-1-1w_envpcc-pcc-envmse-mse_16384gbs_0.0001lr_1e-05wd_5000epochs_50es_1g_2ld_1mlp_2gxe_4heads_256emb_0.15do_scaled,finished,2025-10-18T11:52:44.000Z,2025-10-18T12:07:52.000Z,59d549f12c54723efb563aed9755e8a14f2c12d2,https://github.com/Jacobson-CompSysBio/GP-Transformer/tree/59d549f12c54723efb563aed9755e8a14f2c12d2,,g+e+ld+tf+moe_1-1-1-1w_envpcc-pcc-envmse-mse_16384gbs_0.0001lr_1e-05wd_5000epochs_50es_1g_2ld_1mlp_2gxe_4heads_768emb_0.15do_scaled,,,,,envpcc+pcc+envmse+mse,"1.0,1.0,1.0,1.0",,,,,,,,,,,,,,0.29328389527898313,0.27387871403545627,8.264813932567632,7.796195304377479,0.4126372769517704,study_record_development,,supplement_completed_run,completed run retained for descriptive provenance,SIG-8f0b9c6bea,1,true,wandb_export_2026-07-22T16_22_44.564-04_00.csv
WDB-0419,419,g+e+ld+tf+moe_1-1-1-1w_envpcc-envmse-mse-pcc_16384gbs_0.0001lr_1e-05wd_5000epochs_50es_1g_2ld_1mlp_2gxe_4heads_256emb_0.15do,finished,2025-10-17T09:25:47.000Z,2025-10-17T11:09:39.000Z,89f226ec1ac9ac31362a1a9cb2619594a8ad9652,https://github.com/Jacobson-CompSysBio/GP-Transformer/tree/89f226ec1ac9ac31362a1a9cb2619594a8ad9652,,g+e+ld+tf+moe_1-1-1-1w_envpcc-envmse-mse-pcc_16384gbs_0.0001lr_1e-05wd_5000epochs_50es_1g_2ld_1mlp_2gxe_4heads_768emb_0.15do,,,,,envpcc+envmse+mse+pcc,"1.0,1.0,1.0,1.0",,,,,,,,,,,,,,0.29587231956796756,0.28004140819453405,11.838319585857793,10.59361710993256,0.399465162595204,study_record_development,,supplement_completed_run,completed run retained for descriptive provenance,SIG-50293a3658,1,true,wandb_export_2026-07-22T16_22_44.564-04_00.csv
WDB-0420,420,g+e+ld+tf+moe_1-1w_envpcc-pcc_16384gbs_0.0001lr_1e-05wd_5000epochs_50es_1g_2ld_1mlp_2gxe_4heads_256emb_0.15do,finished,2025-10-17T09:36:24.000Z,2025-10-17T11:00:26.000Z,89f226ec1ac9ac31362a1a9cb2619594a8ad9652,https://github.com/Jacobson-CompSysBio/GP-Transformer/tree/89f226ec1ac9ac31362a1a9cb2619594a8ad9652,,g+e+ld+tf+moe_1-1w_envpcc-pcc_16384gbs_0.0001lr_1e-05wd_5000epochs_50es_1g_2ld_1mlp_2gxe_4heads_768emb_0.15do,,,,,envpcc+pcc,"1.0,1.0",,,,,,,,,,,,,,0.32195077566302044,0.33067886306511923,117.71336889648306,114.3987152567572,0.3232986198820642,study_record_development,,supplement_completed_run,completed run retained for descriptive provenance,SIG-6d18129391,1,true,wandb_export_2026-07-22T16_22_44.564-04_00.csv
WDB-0421,421,g+e+ld+tf+moe_1-1w_envmse-envpcc_16384gbs_0.0001lr_1e-05wd_5000epochs_50es_1g_2ld_1mlp_2gxe_4heads_256emb_0.15do,finished,2025-10-15T00:42:32.000Z,2025-10-15T02:16:30.000Z,89f226ec1ac9ac31362a1a9cb2619594a8ad9652,https://github.com/Jacobson-CompSysBio/GP-Transformer/tree/89f226ec1ac9ac31362a1a9cb2619594a8ad9652,,g+e+ld+tf+moe_1-1w_envmse-envpcc_16384gbs_0.0001lr_1e-05wd_5000epochs_50es_1g_2ld_1mlp_2gxe_4heads_768emb_0.15do,,,,,envmse+envpcc,"1.0,1.0",,,,,,,,,,,,,,0.3352273805265868,0.33221139534723904,109.04561964392452,109.52036574424714,0.23976586409391973,study_record_development,,supplement_completed_run,completed run retained for descriptive provenance,SIG-cdd43e8c9f,1,true,wandb_export_2026-07-22T16_22_44.564-04_00.csv
WDB-0422,422,g+e+ld+tf+moe_envmse_16384gbs_0.0001lr_1e-05wd_5000epochs_50es_1g_2ld_1mlp_2gxe_4heads_256emb_0.15do,finished,2025-10-15T00:49:57.000Z,2025-10-15T02:02:13.000Z,89f226ec1ac9ac31362a1a9cb2619594a8ad9652,https://github.com/Jacobson-CompSysBio/GP-Transformer/tree/89f226ec1ac9ac31362a1a9cb2619594a8ad9652,,g+e+ld+tf+moe_envmse_16384gbs_0.0001lr_1e-05wd_5000epochs_50es_1g_2ld_1mlp_2gxe_4heads_768emb_0.15do,,,,,envmse,1.0,,,,,,,,,,,,,,0.299917589926134,0.2954286761270041,100.38529439750847,101.05988086934065,0.23908910083227847,study_record_development,,supplement_completed_run,completed run retained for descriptive provenance,SIG-e2045410f6,1,true,wandb_export_2026-07-22T16_22_44.564-04_00.csv
WDB-0423,423,g+e+ld+tf+moe_envpcc_16384gbs_0.0001lr_1e-05wd_5000epochs_50es_1g_2ld_1mlp_2gxe_4heads_256emb_0.15do,finished,2025-10-15T01:06:32.000Z,2025-10-15T01:46:54.000Z,89f226ec1ac9ac31362a1a9cb2619594a8ad9652,https://github.com/Jacobson-CompSysBio/GP-Transformer/tree/89f226ec1ac9ac31362a1a9cb2619594a8ad9652,,g+e+ld+tf+moe_envpcc_16384gbs_0.0001lr_1e-05wd_5000epochs_50es_1g_2ld_1mlp_2gxe_4heads_768emb_0.15do,,,,,envpcc,1.0,,,,,,,,,,,,,,0.2883942256287402,0.27092812336245586,73.1259922338415,73.42180055152484,0.1806090602421306,study_record_development,,supplement_completed_run,completed run retained for descriptive provenance,SIG-7a51378181,1,true,wandb_export_2026-07-22T16_22_44.564-04_00.csv
WDB-0424,424,g+e+ld+tf+moe_1-1w_envmse-pcc_16384gbs_0.0001lr_1e-05wd_5000epochs_50es_1g_2ld_1mlp_2gxe_4heads_256emb_0.15do,finished,2025-10-15T00:42:32.000Z,2025-10-15T01:45:25.000Z,89f226ec1ac9ac31362a1a9cb2619594a8ad9652,https://github.com/Jacobson-CompSysBio/GP-Transformer/tree/89f226ec1ac9ac31362a1a9cb2619594a8ad9652,,g+e+ld+tf+moe_1-1w_envmse-pcc_16384gbs_0.0001lr_1e-05wd_5000epochs_50es_1g_2ld_1mlp_2gxe_4heads_768emb_0.15do,,,,,envmse+pcc,"1.0,1.0",,,,,,,,,,,,,,0.3157202040353951,0.30564738341066217,98.50103719416472,94.6336104696035,0.3816848419579066,study_record_development,,supplement_completed_run,completed run retained for descriptive provenance,SIG-98dc074e7b,1,true,wandb_export_2026-07-22T16_22_44.564-04_00.csv
WDB-0425,425,g+e+ld+tf+moe_envpcc_2048gbs_0.0001lr_1e-05wd_1epochs_50es_1g_2ld_1mlp_2gxe_4heads_256emb_0.25do,finished,2025-10-13T21:29:59.000Z,2025-10-13T21:35:32.000Z,6e7299d2480e33dec7ab94208b1440bc65296753,https://github.com/Jacobson-CompSysBio/GP-Transformer/tree/6e7299d2480e33dec7ab94208b1440bc65296753,,g+e+ld+tf+moe_envpcc_2048gbs_0.0001lr_1e-05wd_1epochs_50es_1g_2ld_1mlp_2gxe_4heads_256emb_0.25do,,,,,envpcc,1.0,,,,,,,,,,,,,,0.2858724329801658,0.27019081283897073,114.55656489205508,115.05156861505571,-0.0708698993126633,study_record_development,,supplement_completed_run,completed run retained for descriptive provenance,SIG-d6a1e2651c,1,true,wandb_export_2026-07-22T16_22_44.564-04_00.csv
WDB-0426,426,g+e+ld+tf+moe_both0.5_2048gbs_0.0001lr_1e-05wd_1epochs_50es_1g_2ld_1mlp_2gxe_4heads_256emb_0.25do,finished,2025-10-10T15:13:57.000Z,2025-10-10T15:19:28.000Z,d23566bdf63837b7c8b8fee6c515ca805621e51b,https://github.com/Jacobson-CompSysBio/GP-Transformer/tree/d23566bdf63837b7c8b8fee6c515ca805621e51b,,g+e+ld+tf+moe_both0.5_2048gbs_0.0001lr_1e-05wd_1epochs_50es_1g_2ld_1mlp_2gxe_4heads_256emb_0.25do,,,,,both,,,,,,,,,,,,,,,0.20310463921130795,0.18208028070301896,51.38342309383738,51.45501139823059,0.0022092885989205,study_record_development,,supplement_completed_run,completed run retained for descriptive provenance,SIG-712230366e,1,true,wandb_export_2026-07-22T16_22_44.564-04_00.csv
WDB-0427,427,g+e+ld+tf+moe_both0.5_2048gbs_0.0001lr_1e-05wd_1epochs_50es_1g_2ld_1mlp_2gxe_4heads_256emb_0.25do,finished,2025-10-09T16:12:47.000Z,2025-10-09T16:18:53.000Z,26764b09695f9b8ca002072c43b986faaf26758a,https://github.com/Jacobson-CompSysBio/GP-Transformer/tree/26764b09695f9b8ca002072c43b986faaf26758a,,g+e+ld+tf+moe_both0.5_2048gbs_0.0001lr_1e-05wd_1epochs_50es_1g_2ld_1mlp_2gxe_4heads_256emb_0.25do,,,,,both,,,,,,,,,,,,,,,0.20310463921130795,0.18208028070301896,51.38342309383738,51.45501139823059,0.0022092885989205,study_record_development,,supplement_completed_run,completed run retained for descriptive provenance,SIG-620076593b,1,true,wandb_export_2026-07-22T16_22_44.564-04_00.csv
